,Nobs,Nobs_CORAVEL,Nobs_apf,Nobs_j,Nobs_k,Nobs_lick,Nobs_mcdonald,baseline,baseline_CORAVEL,baseline_apf,baseline_j,baseline_k,baseline_lick,baseline_mcdonald,med_err_CORAVEL,med_err_apf,med_err_j,med_err_k,med_err_lick,med_err_mcdonald,name
0,32,,,32.0,,,,1802.9424700001255,,,1802.9424700001255,,,,,,1.338263637631612,,,,144872
1,307,,130.0,131.0,46.0,,,8102.742376000155,,1923.0168269998394,5410.034262000117,2649.6953469999135,,,,0.9342148677473385,0.9510412512020368,1.2060209035750598,,,145675
2,391,,136.0,236.0,19.0,,,8315.952521999832,,2176.922886000015,5425.304511297494,2829.1267939996906,,,,2.463358644299187,0.5230212866823334,1.272150098585245,,,1461
3,133,,21.0,84.0,28.0,,,8274.15161699988,,1885.9776884349994,5206.4698859998025,2870.0039470000193,,,,2.600545228591059,1.132399359849873,1.374215314774989,,,146233
4,155,,26.0,16.0,31.0,82.0,,10183.108636999968,,1885.988799000159,4999.154739739373,2551.957649999764,6937.987654000055,,,2.3640334782791728,1.1988816456034952,1.2442101625380166,4.94913596536435,,149661
5,23,,,12.0,11.0,,,6465.313839999959,,,5130.040355999954,1059.0808680001646,,,,,1.115278742226137,1.483132272797351,,,149724
6,20,,,9.0,11.0,,,6249.945566999726,,,5104.978912000079,977.255324000027,,,,,1.261248512449566,1.4126952998530737,,,150437
7,151,,31.0,98.0,22.0,,,8047.011058541015,,703.0644700000994,5218.899796540849,2577.985694000032,,,,1.6840918458159835,0.9623303113420271,1.1568238929883774,,,151288
8,44,,,14.0,,30.0,,9564.802397999913,,,3422.627863999922,,4453.773170999717,,,,1.5363457482253071,,6.899756163124283,,152391
9,34,,,16.0,18.0,,,8142.708653999958,,,5269.79943000013,2620.735959999729,,,,,1.4288370263841692,2.161254695004831,,,15335
10,25,,,9.0,16.0,,,7156.560467000119,,,4779.965189999901,2208.9328350001015,,,,,1.2773918487049072,1.9789530394160546,,,153458
11,35,,,18.0,17.0,,,8101.775688000023,,,5219.72009800002,2634.8248260002583,,,,,1.1612248988225224,1.640564936913331,,,153557
12,190,,,159.0,31.0,,,8098.843482721131,,,5408.12910772115,2648.8137380001135,,,,,0.5740707714724751,1.295603045373169,,,154088
13,98,,,80.0,18.0,,,8342.038329999894,,,5380.079757723026,2796.2388079999946,,,,,1.1209082672183848,2.0605896183798724,,,154363
14,50,,,50.0,,,,5203.721266000066,,,5203.721266000066,,,,,,1.1607047479462138,,,,155712
15,119,,78.0,41.0,,,,2831.9967001336627,,1831.9687861334532,2798.2499236953445,,,,,3.0836488502916675,1.5953912737775806,,,,155358
16,80,,,51.0,29.0,,,8141.753508999944,,,5205.875475999899,2650.687268999871,,,,,0.9748110714149587,1.407622609969048,,,18143
17,324,,155.0,137.0,,32.0,,6756.7261670003645,,1913.8092320002615,4533.732744245324,,3451.6496270000935,,,1.9695282901364142,0.6954711923514989,,4.387163333931715,,69830
18,24,,,24.0,,,,838.8125249999575,,,838.8125249999575,,,,,,0.967105457730477,,,,0748-01711-1
19,28,,,10.0,18.0,,,7875.3519009999,,,5100.03341699997,2463.2847099998035,,,,,0.9904413643964696,1.1736018826037113,,,10002
20,97,,27.0,47.0,23.0,,,8227.606459999923,,1525.9227579999715,5277.657050000038,2598.880497999955,,,,3.472385145204659,1.4186510854101178,1.3982508296512035,,,100180
21,33,,,33.0,,,,4786.08919261815,,,4786.08919261815,,,,,,1.640722647998573,,,,10008
22,65,,,49.0,16.0,,,8176.764206999913,,,5197.539101524744,2598.88218700001,,,,,1.2317034341229216,1.2754948781496211,,,100623
23,37,,,14.0,23.0,,,8070.863746999763,,,5162.867589000147,2555.931793999858,,,,,1.719581492013857,1.5643943688868467,,,101259
24,42,,,20.0,22.0,,,7889.2998319999315,,,5112.000283000059,2372.3083569998853,,,,,1.1460383477662928,1.292744347469914,,,10145
25,191,,89.0,13.0,,89.0,,11252.105322000105,,1627.768601000309,2874.894867999945,,8243.174490195233,,,2.23889220767583,1.1576100617561182,,4.554490470393648,,101501
26,32,,,32.0,,,,4785.8751960000955,,,4785.8751960000955,,,,,,1.2250120937309688,,,,102195
27,59,,16.0,12.0,,31.0,,6909.044646000024,,1523.9776440002024,4149.847705529537,,3659.044077650178,,,4.175305162968042,1.7953594975278255,,7.05040944230853,,103095
28,79,,,60.0,19.0,,,8133.778894999996,,,5197.965333592612,2555.906805999577,,,,,0.9045387116243973,1.6545419634545901,,,103932
29,63,,,43.0,20.0,,,8029.010317000095,,,5090.188684999943,2691.6315279998817,,,,,1.234782697014193,1.3150064894837439,,,104067
30,133,,55.0,53.0,,25.0,,6574.931712000165,,1978.8221443085931,4530.827932972461,,3188.19806100009,,,2.0903283842805642,1.0991475737794212,,3.876264717030196,,104304
31,34,,,11.0,23.0,,,8029.002367000096,,,5093.028721000068,2581.131424000021,,,,,1.3508305927104558,1.3560723567679644,,,104556
32,353,,144.0,80.0,65.0,64.0,,11634.902624861337,,2099.889186861459,5251.812876999844,2741.7537237587385,8067.97130399989,,,1.999988231839334,0.8679029244307134,2.384681380422355,5.1226380347119225,,10476
33,21,,,10.0,11.0,,,6939.023267999757,,,5121.952469999902,1523.9269089996815,,,,,1.9747252668246886,2.990657190996735,,,104800
34,33,,,9.0,24.0,,,8189.640641999897,,,5281.658790000249,2555.8992240000516,,,,,1.1353719190143823,1.630789467684904,,,105113
35,92,,,74.0,18.0,,,6754.686527999584,,,3818.7106479997747,2581.1246879999526,,,,,0.9058889318351296,1.4367342345978313,,,105631
36,25,,,9.0,16.0,,,8029.935194999911,,,5091.122092999984,2555.906886000186,,,,,1.2531186395356566,1.2339843878516563,,,106116
37,26,,,9.0,17.0,,,7840.651496999897,,,4902.764239999931,2554.988136,,,,,1.0309931211269507,1.1971648031657205,,,106156
38,103,,23.0,80.0,,,,933.7823311891407,,169.6058562565595,933.7823311891407,,,,,6.122677692721408,2.452524297382028,,,,106315
39,83,,,26.0,57.0,,,8356.984945999924,,,5484.092538999859,2650.709768000059,,,,,1.1387498975114458,1.365613501923694,,,10697
40,700,,235.0,253.0,87.0,125.0,,9001.095766139217,,2165.9847153169103,5294.613705721218,1452.9969692411833,2158.942708386574,,,1.4567120200681052,0.6722571843280865,1.096490367550577,3.9074261451351284,,10700
41,92,,,65.0,27.0,,,7126.705505000427,,,5281.670436000451,1492.9644790003076,,,,,1.1426010705728404,1.4726627386802964,,,107148
42,89,,54.0,19.0,,16.0,,7246.125430418178,,1801.2593604181893,5097.8891631718725,,995.1806784658693,,,2.195112245662264,0.9840242548855703,,5.36434073699454,,10780
43,26,,,26.0,,,,5111.994247999974,,,5111.994247999974,,,,,,1.5498145711368192,,,,10790
44,32,,,32.0,,,,1684.3357420000248,,,1684.3357420000248,,,,,,2.7365547848212,,,,10853
45,94,,,49.0,45.0,,,7219.128655000124,,,5158.900425999891,1855.993623000104,,,,,1.139100300913604,1.6882046757545655,,,108874
46,157,,60.0,85.0,12.0,,,7008.746216000058,,1494.8810720001347,5160.810972337145,1495.0005320003256,,,,2.562477055937837,1.2246931517780926,1.8110656951035775,,,109358
47,133,,56.0,52.0,25.0,,,8169.636208000127,,1109.9818449998274,5391.985710000154,2733.7333340002224,,,,2.1524134376725685,1.0027466732082075,1.367824091134703,,,110315
48,22,,,22.0,,,,1721.1741289999336,,,1721.1741289999336,,,,,,1.3265836048853288,,,,110463
49,64,,,10.0,54.0,,,7694.941221999936,,,5193.887147999834,2357.699769000057,,,,,0.8692664990442793,1.1334842622734236,,,110537
50,203,,133.0,70.0,,,,5128.918832999654,,1976.8318059998564,5128.918832999654,,,,,1.4151498797935191,1.5239573873949004,,,,110897
51,76,,,50.0,26.0,,,8105.7177539998665,,,5170.743088999763,2732.679698999971,,,,,1.1503806663010785,1.1949999236284174,,,111031
52,48,,36.0,12.0,,,,5036.887767999899,,1980.6639469997026,4034.9139789999463,,,,,2.5045766150166013,1.1887289834128776,,,,111395
53,31,,,10.0,21.0,,,8045.94073099969,,,5107.982663999777,2608.79803299997,,,,,1.3027430892500098,1.5574043285944368,,,111515
54,48,,,36.0,12.0,,,6532.095408000052,,,4713.085326999892,1463.9744330001995,,,,,1.0275359504613502,1.3455359633699322,,,111631
55,32,,,16.0,16.0,,,7654.007158000022,,,5090.998709000181,2206.1208329997025,,,,,1.1578315992363377,1.362317873817943,,,112257
56,27,,,27.0,,,,1720.1961340000853,,,1720.1961340000853,,,,,,1.3937070910176124,,,,112914
57,60,,,10.0,50.0,,,8045.936077000108,,,5029.077718553133,2608.7953820000403,,,,,1.1727396632277882,1.319339151568524,,,114174
58,41,,,41.0,,,,4404.929176071659,,,4404.929176071659,,,,,,1.1925463012917321,,,,114613
59,54,,,14.0,40.0,,,8096.925979999825,,,5134.98567900015,2555.032765999902,,,,,1.390621509548901,1.591533975627097,,,114729
60,55,,,22.0,,33.0,,10714.773304000031,,,2038.584114999976,,6900.079318000004,,,,1.6682792864024512,,14.704478258816565,,114762
61,132,,,82.0,50.0,,,7667.947467000224,,,5412.0011590002105,2211.9940160000697,,,,,1.0692664517365773,1.3182079553469515,,,114783
62,73,,40.0,13.0,20.0,,,8188.652894000057,,1590.6764369998127,5226.718044999987,2582.9128819997422,,,,2.1415498737750225,1.09237576200644,1.2222130236041444,,,114946
63,336,,76.0,150.0,,110.0,,10277.016625354066,,1628.6456400002353,5282.722798319068,,6937.772601739038,,,1.8810056537435358,0.6018337525972077,,4.953118675209856,,115617
64,27,,,27.0,,,,5281.641827000305,,,5281.641827000305,,,,,,2.252529061339039,,,,116321
65,64,,,44.0,20.0,,,8188.596686000004,,,5253.670471761841,2610.8964929999784,,,,,1.1344985845639548,1.3498239896603357,,,116442
66,101,,,75.0,26.0,,,8188.591605999973,,,5412.007947999984,2733.6732639996335,,,,,1.0511004805792312,1.4988658999724649,,,116443
67,28,,,28.0,,,,4942.339902000036,,,4942.339902000036,,,,,,1.4910263197276223,,,,116956
68,312,,129.0,66.0,,117.0,,11437.77863364201,,1640.6652290001512,4698.837782591581,,8117.842988830991,,,0.9323718195593385,1.17081504591627,,4.836079217341807,,117176
69,54,,,12.0,42.0,,,8069.967975999694,,,5108.040372000076,2733.65967600001,,,,,1.0931483673819675,1.4889473365964339,,,117207
70,35,,,20.0,15.0,,,7311.003940999974,,,5054.035804999992,2062.2712610000744,,,,,1.2152059535635795,1.2442483641129485,,,117936
71,30,,,30.0,,,,3332.885611000005,,,3332.885611000005,,,,,,1.4017663258324542,,,,118096
72,35,,,35.0,,,,1768.1843750001863,,,1768.1843750001863,,,,,,1.2918024612535475,,,,119802
73,45,,,27.0,18.0,,,7987.030710999854,,,5292.283095999621,2525.942476000171,,,,,1.012487527378814,1.3889569980232965,,,119850
74,151,,,34.0,,117.0,,11720.94647799991,,,1796.0053940000944,,8243.38844426535,,,,3.2669392786304003,,14.298868237459407,,120136
75,56,,,38.0,18.0,,,8086.832341999747,,,5233.78766599996,2528.037974999752,,,,,1.0528043286850828,1.2560193229081906,,,120467
76,368,,114.0,228.0,26.0,,,8072.965915042441,,1908.8508549998514,5251.987466535065,2598.9247109997086,,,,1.8351698572235402,0.5735525653327014,1.2709008333186322,,,12051
77,268,,150.0,97.0,21.0,,,7086.707780982368,,1988.7036779290065,5271.4249305357225,1615.7159019997343,,,,0.9179740725820285,0.7887505321893706,1.329863699643168,,,122064
78,113,,38.0,59.0,16.0,,,8086.700554000214,,526.7355128261261,5231.7145010000095,2525.9351850003004,,,,2.606901816088544,0.9107156253382502,1.6467607790876566,,,122120
79,57,,,46.0,11.0,,,7098.385005000047,,,5268.336312999949,1661.2206600001082,,,,,1.0686113627813834,2.326706942850173,,,122303
80,52,,,12.0,13.0,27.0,,7784.8096160003915,,,5190.7985000000335,1870.9185189995915,4034.038940000348,,,,1.5324452815491303,1.934422570132725,9.779896005782637,,122652
81,31,,,12.0,19.0,,,8333.045369000174,,,5217.750345999841,2788.085926000029,,,,,1.1692060408685658,1.7546788305540906,,,124106
82,68,,,53.0,,15.0,,7656.012372999918,,,5261.569362999871,,1827.0749631025828,,,,1.3584933282698521,,6.567655038331053,,124292
83,39,,,32.0,,7.0,,6986.923522999976,,,5190.775913000107,,1204.8352273665369,,,,1.2229227513063599,,5.549641185766116,,124642
84,52,,,16.0,36.0,,,8232.426409734879,,,5270.361557000317,2920.154933734797,,,,,0.9704341691164753,1.2547590440587628,,,125184
85,60,,,40.0,20.0,,,8384.980241999961,,,5419.957533999812,2796.1985760000534,,,,,1.1438873689542266,1.370504250133644,,,125455
86,325,,153.0,71.0,43.0,58.0,,11702.938596999738,,2002.7324719997123,5419.953480999917,2796.195868000388,7591.167719999794,,,1.2738637383490081,1.332939264451364,1.4141738909957975,5.695694602307224,,126053
87,251,,94.0,49.0,55.0,53.0,,7850.393732000142,,2142.112296999898,5251.810209999792,2025.2883449997753,4283.362667000387,,,2.0463041891673317,1.109681147211791,1.3705012651874777,5.704497763639217,,12661
88,95,,,65.0,30.0,,,7460.610166999977,,,5235.609738999978,1979.7056719996035,,,,,1.236905171431213,1.4187054074974568,,,126614
89,273,,125.0,118.0,,30.0,,7816.817158279475,,1621.7929579997435,4714.124790372327,,3716.917779999785,,,1.89665794790289,0.6803590132776579,,4.857506663252192,,127334
90,29,,,29.0,,,,5222.488888033666,,,5222.488888033666,,,,,,1.214529280948851,,,,128165
91,126,,,60.0,66.0,,,7668.000710999593,,,5413.068974999711,2213.0172339999117,,,,,1.0765822760500185,1.5966397548074858,,,128311
92,224,,67.0,50.0,17.0,90.0,,7527.135600999929,,2165.029591999948,5251.814121000003,1761.0391440000385,4046.0583928264678,,,2.561093631061787,1.2607774347622303,1.5218311519370602,6.538288928191747,,12846
93,26,,,26.0,,,,5067.019987999927,,,5067.019987999927,,,,,,1.1948450380240057,,,,130004
94,43,,,28.0,15.0,,,8233.35624000011,,,5083.014365000185,2904.0205680001527,,,,,1.2577338956407562,1.7672693128068546,,,130307
95,29,,,18.0,11.0,,,6777.399017000105,,,5107.051967999898,1398.0843170001172,,,,,1.2127163013137934,1.3839608288941763,,,130322
96,126,,,76.0,50.0,,,7984.066560000181,,,5113.069928000215,2620.741528000217,,,,,3.076463166821199,1.3053521328459299,,,13043
97,62,,,47.0,15.0,,,8071.80025199987,,,5192.78344395943,2607.7753699999303,,,,,1.0482291016816623,1.4668827311558663,,,130992
98,218,,155.0,19.0,,44.0,,11705.165192942135,,2035.7463257904164,3379.8971690000035,,6521.383572215214,,,1.2267110871187634,1.6156348529273121,,7.87250288067529,,131156
99,140,,68.0,46.0,26.0,,,8102.7746696705,,1177.9482970000245,5410.058210670482,2650.73032400012,,,,2.4214227493435243,1.1105537597155841,1.3401296169586105,,,132142
100,21,,,11.0,10.0,,,6438.319987999741,,,5107.045115000103,1059.03988499986,,,,,1.4689349688788897,1.5403385048439788,,,132505
101,191,,24.0,145.0,22.0,,,7924.212348337285,,92.89503799984232,5147.000716337003,2463.123252999969,,,,1.7094928486732,0.6127202251094241,1.2217412736141189,,,1326
102,106,,,50.0,56.0,,,8067.965055000037,,,4918.6921260003,2877.0935539999045,,,,,1.0951794998979572,1.237548804578514,,,134987
103,26,,,26.0,,,,4382.065478667151,,,4382.065478667151,,,,,,0.8781383076656417,,,,136352
104,68,,,29.0,39.0,,,7644.9940870003775,,,5390.078693000134,2197.0301620000973,,,,,0.7650543958209243,1.2835537847020597,,,136442
105,134,,,94.0,40.0,,,8369.962396999821,,,5408.028171999846,2920.0150000001304,,,,,1.0232264989170945,1.3237776425325765,,,136713
106,38,,,15.0,23.0,,,7816.652288999874,,,5253.634430000093,2332.7060770001262,,,,,1.4283617726373952,1.505892625502601,,,136925
107,42,,,27.0,15.0,,,8352.003366000019,,,5389.035054999869,2769.2575810002163,,,,,1.1768630455451428,1.2276156925270945,,,137778
108,22,,,22.0,,,,157.7695569996722,,,157.7695569996722,,,,,,3.4279149226673074,,,,13871
109,62,,,45.0,17.0,,,7653.9740780000575,,,5251.781520000193,2151.909860999789,,,,,1.1642806865066275,1.4426877174655837,,,13931
110,422,,267.0,127.0,28.0,,,8102.597927423194,,1272.2947210003622,5409.877903423272,2650.776794000063,,,,0.7904005517704047,0.8816934687099283,1.273070493188992,,,139323
111,37,,,20.0,17.0,,,7166.583262000233,,,4966.585820000153,1952.7962730000727,,,,,1.2722306232728635,1.380556644266065,,,139477
112,27,,,9.0,18.0,,,6204.980963999871,,,5100.053857999854,1062.981169000268,,,,,0.8466679249358333,1.4942161821144366,,,13997
113,547,,251.0,127.0,7.0,162.0,,11634.978631397244,,2219.0076939342543,5258.627742046025,5.77100700000301,8265.213343072683,,,0.9715573684007539,0.7093546338522319,1.264995836055574,4.7580773208105995,,141004
114,29,,,29.0,,,,5081.983639148064,,,5081.983639148064,,,,,,1.4388750966663417,,,,141272
115,169,,,169.0,,,,5221.647312522866,,,5221.647312522866,,,,,,0.7571723521784096,,,,141399
116,21,,,9.0,12.0,,,7276.069864000194,,,5070.133267000318,1813.0391319999471,,,,,1.6042337379675653,2.0643180758780098,,,142229
117,49,,33.0,16.0,,,,4653.917095373385,,1924.8128610001877,4367.943190373015,,,,,3.0098814227476254,1.6524830511373447,,,,142267
118,486,,204.0,222.0,8.0,52.0,,8104.051850897726,,2162.1450888440013,4719.004511548672,7.9355210000649095,4749.078666107729,,,2.3445165806813133,0.7930940261536966,1.0963747878055898,4.673166351147511,,143761
119,307,,145.0,138.0,24.0,,,8166.728577319067,,1925.7438309998251,5293.572593318764,2623.798785000108,,,,2.352101253031216,0.766264617539819,1.4227473598747418,,,14412
120,202,,116.0,68.0,18.0,,,8102.748794012237,,1868.074595999904,5410.039243227337,2633.863309999928,,,,1.2738503480285543,1.1919916858781616,1.6936916317776165,,,144579
121,38,,,19.0,19.0,,,7754.832688999828,,,5062.108626999892,2525.00053199986,,,,,1.1851486824300173,1.3279949315684165,,,144585
122,89,,,45.0,44.0,,,7954.114951999858,,,5132.937486999668,2589.8851040001027,,,,,0.99289412512755,1.2348295364143362,,,145934
123,48,,,40.0,,8.0,,7050.831071000081,,,5252.649038000032,,841.7841799999587,,,,1.0451598063669834,,6.343997268773605,,148467
124,80,,,49.0,,31.0,,7627.072770000435,,,4705.936817534268,,4042.982404000126,,,,1.1595777386057766,,5.20559573393006,,149806
125,85,,,46.0,39.0,,,8102.650375153869,,,5409.970965154003,2649.6603939998895,,,,,0.9760496513360598,1.2391347041067589,,,151541
126,33,,,21.0,12.0,,,6459.214748295955,,,5219.787676296197,990.1532179997303,,,,,1.2036827036530728,1.7064403478025207,,,153525
127,141,,,116.0,25.0,,,8101.773086000234,,,5220.7936675162055,2648.7091550002806,,,,,1.1589630787061194,1.5659808778620645,,,154345
128,31,,,12.0,19.0,,,7264.080513999797,,,5007.285004999954,2169.9603349999525,,,,,1.1808466545834444,1.4000563954181686,,,156026
129,76,,,74.0,2.0,,,5812.868052999955,,,5407.002045999747,241.15993000008166,,,,,0.9941500519894761,1.193048747188733,,,156279
130,313,,93.0,220.0,,,,5197.77364148479,,2001.67136048479,5169.942526000086,,,,,2.342424813382966,0.6821895965322577,,,,156668
131,64,,,64.0,,,,3689.860840000212,,,3689.860840000212,,,,,,1.3548247635697601,,,,156846
132,79,,,67.0,12.0,,,6459.127627000213,,,5217.80695600016,990.1446759998798,,,,,0.8837012134946607,1.8294543863987611,,,156985
133,20,,,10.0,10.0,,,6169.040457999799,,,5024.038304999936,977.2785179996863,,,,,1.1928495614494659,1.3232787718119017,,,157172
134,291,,126.0,57.0,7.0,101.0,,11691.040727999993,,1706.1269330000505,5220.824126527179,5.8471530000679195,8271.206162029412,,,2.022483611911996,1.3206209428247841,1.317741710241306,5.788878919032131,,157214
135,36,,,21.0,15.0,,,8098.83299899986,,,5406.074167999905,2605.9310299996287,,,,,1.2212851901149748,1.9115038762798833,,,157338
136,230,,139.0,74.0,17.0,,,7633.025557606015,,1915.982365605887,5157.818881999701,2117.063229000196,,,,2.1988441439703403,0.7633084413094209,1.3183109995241349,,,157347
137,231,,185.0,46.0,,,,5252.615935556125,,2094.0317900003865,5220.769124555867,,,,,1.089715413022935,1.027205370422408,,,,158633
138,48,,,48.0,,,,5219.036922583822,,,5219.036922583822,,,,,,1.4372924882828166,,,,159062
139,109,,7.0,82.0,20.0,,,8101.79169067787,,163.73724899999797,5218.827086627483,2649.7496989998035,,,,2.0697367839934193,1.2255771794697665,1.4115089331621844,,,159222
140,26,,,26.0,,,,3406.7872132924385,,,3406.7872132924385,,,,,,0.7698035132869104,,,,159868
141,99,,,32.0,67.0,,,8124.857065000106,,,5252.779901000205,2650.770775000099,,,,,1.081534871003468,1.214786154555853,,,16141
142,318,,162.0,81.0,,75.0,,11634.088411663659,,2091.972807663493,4514.6360697611235,,8152.857549999841,,,1.886533268367212,1.1712460118319665,,5.125131309369878,,16160
143,430,,180.0,77.0,12.0,161.0,,11617.445396719035,,2084.448854718823,4721.145115789957,808.7816669996828,8004.981359119527,,,0.6092315241994133,0.9038299009393203,1.1890012128264233,4.542639256486452,,161797
144,29,,,11.0,18.0,,,6230.003736000042,,,5126.023736000061,855.7233799998648,,,,,1.029006293988042,1.575899208165622,,,16275
145,81,,,11.0,42.0,28.0,,6586.145558000077,,,4353.204417999834,2127.026725000236,3644.051707000006,,,,0.7300682235336814,1.2883538674881148,5.133000158335372,,163153
146,81,,,28.0,53.0,,,6960.853205999825,,,3805.63074099971,2919.9265970000997,,,,,0.8762680861219236,1.139453622145146,,,163489
147,24,,,12.0,12.0,,,8047.957913999911,,,5269.752139000222,2436.142928000074,,,,,1.6790855230218487,1.765548460646612,,,16397
148,40,,,25.0,15.0,,,7692.807270015124,,,5169.867385015357,2223.894988999702,,,,,1.2542469434432146,1.3747728134617017,,,164595
149,439,,245.0,143.0,51.0,,,8406.888459816575,,1859.8577368166298,5441.082960610278,2919.855624999851,,,,1.057363350293029,0.6502775727396857,1.2345187513898,,,164922
150,142,,,115.0,27.0,,,7789.742461999878,,,5152.986004000064,2470.0983099997975,,,,,1.185259369730178,1.5362500250666407,,,165222
151,30,,,30.0,,,,4863.725488000084,,,4863.725488000084,,,,,,1.8144253670556507,,,,165401
152,102,,25.0,35.0,,42.0,,11688.135001000017,,1828.9565159999765,4721.864626931027,,6998.948272000067,,,3.168750257928644,1.37815800878816,,7.7541691076848585,,166
153,349,,125.0,65.0,7.0,152.0,,11690.03215418011,,2005.2385816369206,5410.109019629657,5.872245999984443,8156.718929999974,,,0.9452892107136732,1.159611240446653,1.101442485707758,3.3572333976692885,,166620
154,50,,,20.0,,30.0,,5467.119628043845,,,3392.811644728761,,1426.0132050649263,,,,1.3618872828322985,,3.9369296804567684,,167042
155,21,,,10.0,11.0,,,6561.15861100005,,,5074.308576000389,1117.0298270001076,,,,,2.3606286612362792,2.807072822248087,,,167215
156,380,,248.0,95.0,,37.0,,7678.024265418295,,2086.2099264184944,4716.984724786598,,3693.002510999795,,,1.2193281066560906,1.2353853337194738,,5.47891553354772,,168009
157,289,,147.0,44.0,98.0,,,8404.827172999736,,2176.9427889999934,5060.977870000061,2918.940752999857,,,,2.648130047602433,1.2091449871138986,1.2309423637935264,,,168443
158,341,,157.0,27.0,55.0,102.0,,11617.321408519056,,1900.0833205194212,718.0050165839493,6172.104662024882,8066.82938599959,,,0.6418965704715462,2.5415611168121415,3.870234286069539,3.109299855010078,,168723
159,31,,,17.0,14.0,,,6890.261446999852,,,5405.279872999992,1398.1725689996965,,,,,1.1936122751591973,1.6830579263714314,,,168746
160,59,,,48.0,11.0,,,6607.924844000023,,,5122.94579300005,1398.1573489997536,,,,,1.481609076454214,2.093883970592897,,,169830
161,44,,,20.0,24.0,,,6634.98658800032,,,4791.962189999875,1475.929444000125,,,,,1.0844027320058651,1.531999794323679,,,170469
162,70,,,45.0,25.0,,,8370.209269999992,,,5095.157835000195,2905.9853819999844,,,,,1.0333881013147088,1.4425905865920683,,,170493
163,74,,,16.0,28.0,30.0,,9190.948086000048,,,5151.9880160000175,2877.1097450000234,5914.810532999691,,,,1.1394129134132558,1.5972034074558126,5.4869489726695955,,170657
164,38,,,12.0,26.0,,,8142.662221000064,,,5268.754061000422,2650.696724999696,,,,,1.0665478612875083,1.4127121052194211,,,17190
165,23,,,13.0,10.0,,,6940.157399999909,,,5406.280039000325,1448.0499189998955,,,,,1.3461922715259809,1.4159184204587576,,,171918
166,108,,24.0,52.0,32.0,,,8274.126116000116,,1780.0587189998478,5158.7771273548715,2870.0961220003664,,,,2.4623880359021624,1.3241121057180192,1.295171222890609,,,172051
167,56,,,56.0,,,,5205.951315000188,,,5205.951315000188,,,,,,1.0454017635439272,,,,17230
168,42,,,25.0,17.0,,,7834.63295800006,,,4834.685007000342,2631.95944399992,,,,,1.1473677321290219,1.384566046424495,,,173701
169,53,,,31.0,22.0,,,7781.659827999771,,,4833.903367486782,2577.827442999929,,,,,0.9843006738474261,1.6386354017507894,,,173739
170,51,,,31.0,20.0,,,7781.6544800000265,,,4833.773196022958,2577.8126389998943,,,,,1.1429627963825424,1.8214474923020045,,,173740
171,57,26.0,,31.0,,,,12893.209169000387,5591.764000000432,,4786.075209442526,,,,320.0,,1.4961875221332932,,,,17382
172,42,,,29.0,,13.0,,7229.464740999974,,,5344.397581000347,,3306.08516899962,,,,1.2691917485215585,,5.011909292689703,,174080
173,105,,,83.0,22.0,,,8097.804558999836,,,5094.808585960884,2632.89674700005,,,,,1.365477126253367,1.6907428937758349,,,176377
174,28,,,12.0,16.0,,,7857.394660999998,,,5424.171720999759,2119.154468000401,,,,,1.4008493810598592,1.4222353278485946,,,1832
175,54,,,20.0,,34.0,,5905.999264999758,,,463.9675059998408,,3717.8139700000174,,,,1.4238829221806781,,7.742117348688139,,177153
176,189,,55.0,85.0,49.0,,,8406.808167429175,,525.7259860001504,4820.898265440483,2904.0903174290434,,,,2.2199957418761866,0.9277832586412079,1.0293579513825595,,,177830
177,37,,,15.0,22.0,,,6598.969983000308,,,4844.786290999968,1415.2720949999057,,,,,1.899695296285015,2.3522755100642403,,,179949
178,93,,,77.0,16.0,,,8100.9042886090465,,,5409.124299609102,2605.8448850000277,,,,,1.0820554028193963,1.428311589631277,,,179957
179,87,,,72.0,15.0,,,8100.862215000205,,,5097.734947584569,2631.960914000403,,,,,1.1025695947152303,1.522355065760228,,,179958
180,30,,,30.0,,,,5096.973090421408,,,5096.973090421408,,,,,,1.340792459149295,,,,180161
181,139,,,107.0,32.0,,,6329.775754999835,,,4844.795870000031,1134.8990750000812,,,,,1.2022121795130405,2.5594763952232644,,,180617
182,314,,150.0,142.0,,22.0,,7672.153870000038,,2171.117128000129,4738.323954102118,,3694.024378126487,,,0.926831071862467,0.900110007112268,,4.813379352818835,,182488
183,222,,127.0,45.0,50.0,,,8299.387066999916,,1982.233130000066,5428.206253453158,2787.3194679999724,,,,1.6782343005788267,1.0511264927392259,1.012892005332823,,,182572
184,296,,195.0,69.0,32.0,,,6587.849518971983,,2177.937879971694,5099.920103000011,1100.9732180000283,,,,2.5709182428796122,1.2391844931171379,1.6008574329594918,,,183263
185,40,,,40.0,,,,159.84876300022006,,,159.84876300022006,,,,,,1.3600148842905153,,,,183298
186,52,,,21.0,31.0,,,8099.981996000279,,,5409.313766000327,2648.7402550000697,,,,,1.1340928374546897,1.3537719577620841,,,183650
187,29,,,12.0,17.0,,,7436.5971930003725,,,5151.950954,2198.9422460002825,,,,,1.0028190397694132,1.5254677180016876,,,183658
188,712,,403.0,268.0,21.0,20.0,,8767.931671082973,,2218.89785412699,5442.030644752551,2552.0558680002578,5105.872308725957,,,0.834123230288928,0.5833917110531706,1.0550717470365834,3.6804068080201593,,185144
189,80,,,80.0,,,,5109.123003999703,,,5109.123003999703,,,,,,1.340619964305702,,,,185414
190,48,,,32.0,16.0,,,6817.605965999886,,,4589.667448000051,1977.7316429996863,,,,,1.2705798775588604,1.7584932763995418,,,18632
191,387,,150.0,116.0,,121.0,,11701.208276556805,,2100.117399999872,4731.020397897344,,8213.858914806508,,,1.1243507545946745,1.1287531800417385,,5.217270944051266,,186408
192,547,,265.0,159.0,,123.0,,11724.875710241497,,2217.992692241445,4738.166980895214,,8095.878337830771,,,2.1972690538145874,1.2376689130371916,,5.3387701511953205,,186427
193,255,,122.0,73.0,60.0,,,7877.047917470802,,2177.934320470784,5411.093398999888,2391.172269000206,,,,2.4999649656902356,1.1995428111224506,1.229064608398583,,,187123
194,66,,,11.0,20.0,35.0,,7456.809541000053,,,5221.766862999648,2113.1363079999574,3719.987874315586,,,,1.4671187564743642,1.5635296577797355,5.836616670602166,,187237
195,134,,64.0,44.0,26.0,,,8281.045161999762,,1975.2862490001135,5062.099894000217,2877.1087609999813,,,,2.474954006600095,1.1479539329260184,1.4704221849589056,,,187923
196,68,,,28.0,40.0,,,6549.041397000197,,,5066.008978000376,1441.9814699999988,,,,,1.088977599600634,1.4374043342458585,,,188015
197,106,,,68.0,38.0,,,8109.658013999928,,,5235.754668999929,2649.686615850311,,,,,1.1354778296461459,1.1984939810380892,,,18803
198,428,,177.0,63.0,7.0,181.0,,11717.139896759763,,2079.3722507595085,4722.062903485727,5.87028899975121,8155.713602000382,,,0.6682057864115688,0.706046885252635,1.005000136278588,4.591663707453181,,188512
199,44,,,44.0,,,,5059.235751000233,,,5059.235751000233,,,,,,1.0501372674587692,,,,189733
200,56,,,11.0,24.0,21.0,,7283.080094999634,,,4964.420788999647,2196.9706369997,3716.9324219999835,,,,0.765739213859715,1.3016178506621987,4.389468837808441,,190007
201,99,,13.0,60.0,26.0,,,8389.148231000174,,120.77703900029883,5362.341791592073,2904.0455319997855,,,,2.236664955116297,1.243955241475414,1.4658979742384541,,,190067
202,605,,350.0,105.0,75.0,75.0,,8317.043181580957,,2177.938503581099,5427.4915788201615,2831.159690534696,1478.0815410190262,,,1.9838192036751776,0.677823384698624,1.2130051390643286,3.1536683455813592,,190360
203,70,,,40.0,30.0,,,8390.097294999752,,,5427.107612716034,2919.842128999997,,,,,1.1966319857663879,1.5120821096113335,,,190404
204,277,,153.0,82.0,42.0,,,8064.091262000147,,1969.3566729999147,5362.425867672078,2578.9816200002097,,,,2.5895221168457225,1.2816103645496906,1.4564722743840015,,,190406
205,59,,,59.0,,,,5407.206097778864,,,5407.206097778864,,,,,,1.0627864512150431,,,,191408
206,71,,,38.0,33.0,,,8369.905214000028,,,5408.004519000184,2918.8847689996473,,,,,1.12529395001363,1.7636025172613121,,,191785
207,43,,,14.0,29.0,,,7352.763927000109,,,5096.966322999913,2196.9613779997453,,,,,1.1292554481874637,1.6011435474421305,,,192263
208,160,,,160.0,,,,5413.337887488771,,,5413.337887488771,,,,,,0.6466645454547117,,,,192310
209,25,,,9.0,16.0,,,8280.397731999867,,,5099.142372999806,2816.376678999979,,,,,1.3222743014328882,1.5987673511704705,,,192343
210,33,,,20.0,13.0,,,7671.03596900031,,,5269.7287940001115,2151.0207870001905,,,,,1.1673968670290664,1.458698843819768,,,19308
211,76,,,65.0,11.0,,,7310.087208000012,,,5411.16363100009,1839.9717129999772,,,,,0.7991125425759985,1.3776992152709222,,,193202
212,487,,151.0,89.0,10.0,237.0,,11392.11366500007,,1903.9015353010036,5199.0220559998415,799.7597800004296,8154.724256152287,,,1.8636166115560737,1.1600483041849914,1.9309165058467754,5.306158846044702,,19373
213,23,,,10.0,13.0,,,6856.2452219999395,,,5408.125754999928,1389.1814119997434,,,,,1.3914115673786083,1.6537827637383349,,,193795
214,47,,,20.0,27.0,,,8001.021052000113,,,5126.994408000261,2560.0705099999905,,,,,1.318443672546624,1.5750852639935469,,,19467
215,191,,,26.0,35.0,130.0,,7296.261220999993,,,4754.13551499974,2127.0356709999032,3778.747963000089,,,,1.1888230064989518,1.3824966330044017,9.269074780783443,,195019
216,211,,168.0,15.0,28.0,,,8311.212948999833,,1836.9545066352002,4750.949899226427,2830.1525690001436,,,,1.1226998833655595,1.0660381039062736,1.307931970694412,,,195564
217,24,,,10.0,14.0,,,5839.147119000088,,,3657.1847930001095,1814.1217240002006,,,,,1.137317298984457,1.5588901908208281,,,196201
218,74,,,44.0,30.0,,,8369.1354050003,,,5408.28061533859,2918.894943000283,,,,,1.2166728954765276,1.2622992153464625,,,196761
219,44,,,25.0,19.0,,,7548.556733000092,,,4858.768703334965,2633.8620370002463,,,,,0.7260097689183541,1.5526379791256772,,,196850
220,137,,,116.0,21.0,,,8281.127663999796,,,5405.958277999889,2816.2104739998467,,,,,1.2620847997362743,1.4439959778296927,,,197076
221,31,,,31.0,,,,5221.767262000125,,,5221.767262000125,,,,,,1.4235095553874437,,,,198425
222,42,,,13.0,29.0,,,7313.945049999747,,,4439.76928600017,2816.3114009997807,,,,,1.3721418951638857,1.466788214053376,,,198802
223,117,,29.0,69.0,19.0,,,7790.835977000184,,120.89512099977583,5152.055930000264,2579.91252399981,,,,2.0772440821994658,1.1276145945337777,1.264792422771911,,,199305
224,43,,,24.0,19.0,,,7788.851802999619,,,5152.007184999995,2577.9224419998936,,,,,1.368649495452471,1.2703561214331844,,,199476
225,192,,157.0,14.0,21.0,,,8311.09637123486,,2079.1968550002202,5345.280216000043,2815.1317662345245,,,,2.4865648379329572,1.1423148400595475,1.3443004143023325,,,199960
226,28,,,12.0,16.0,,,7430.615690000355,,,5111.860945000313,2197.983993000351,,,,,1.0438053655281447,1.3083087715503101,,,200968
227,316,,146.0,101.0,,69.0,,11691.091062951833,,1975.2924731285311,5410.155083320104,,7114.649301000405,,,1.784024585494871,0.6973109919602246,,6.145575216254923,,201091
228,286,,137.0,94.0,,55.0,,11690.229570684023,,1960.322616999969,5410.3462957306765,,7467.627121000085,,,2.025983994002672,0.9921372326087614,,7.315086184532086,,201092
229,64,,,46.0,18.0,,,8125.708383999765,,,5121.958719999995,2830.0989930001087,,,,,1.039521600875998,1.3874197210948842,,,20165
230,30,,,16.0,14.0,,,7979.155981999822,,,5107.157567999791,2487.0625809999183,,,,,1.2486997119721246,1.3273933014131103,,,2025
231,40,,,19.0,21.0,,,8021.168411000166,,,5085.2367210001685,2814.292361000087,,,,,1.5886931427140745,1.7967113227446139,,,202575
232,87,,,66.0,21.0,,,8285.230791999958,,,5348.183559000026,2815.287951000035,,,,,1.374306717842349,1.3980077833125,,,202751
233,60,,,37.0,23.0,,,8280.204303412698,,,5343.286122000311,2815.1472904128022,,,,,0.777387197134737,1.4352372602197851,,,204587
234,79,,,61.0,18.0,,,8143.683997000102,,,5269.616636000108,2623.8043050002307,,,,,1.2494271081455834,1.4903099421599229,,,20619
235,126,,,20.0,37.0,69.0,,6642.124069999903,,,5137.075658000074,1088.8243629997596,1959.7534699998796,,,,5.664834611656462,8.188162798219926,29.31142386331412,,20675
236,31,,,31.0,,,,4743.1225489997305,,,4743.1225489997305,,,,,,1.3678781789590806,,,,208038
237,70,,,50.0,,20.0,,7232.220250414684,,,4723.0224267840385,,3308.999600288924,,,,1.0887250007181688,,4.665796273153725,,208313
238,74,,,10.0,25.0,39.0,,9101.100174999796,,,5063.117323999759,2470.1777890003286,5914.897549999878,,,,1.00709886126157,1.254360504563886,4.6143211397724295,,208801
239,98,,29.0,54.0,15.0,,,6975.717886999715,,302.84007393335924,4781.769206000026,1786.9141440000385,,,,2.2549338054337196,1.01378059424817,1.4533439040211118,,,209290
240,94,,,38.0,50.0,6.0,,7149.600719999988,,,5251.773833000101,1855.8067250000313,41.82111553475261,,,,1.4611522235301428,1.7976438361087121,9.04177646164862,,209458
241,311,,166.0,80.0,65.0,,,8404.908321085386,,1843.0941494395956,5423.266034999862,2919.8947500856593,,,,2.2676779945323084,1.3699142804582418,1.1364751812717913,,,210277
242,53,,,42.0,11.0,,,7309.049440000206,,,5099.04045676766,1854.920775000006,,,,,3.4848525955234813,5.230604425239516,,,210302
243,36,,,25.0,11.0,,,6171.022528999951,,,4662.070748375263,1100.8226729999296,,,,,1.3587997490905748,1.4795332400373102,,,211080
244,21,,,10.0,11.0,,,6347.7047609998845,,,4840.840270000044,1099.9366199998185,,,,,1.179316595442574,1.4248081752380242,,,211681
245,33,,,16.0,17.0,,,8143.721301999874,,,5269.661036000121,2623.7896759998985,,,,,1.0119167705439525,1.3375926544251049,,,21197
246,59,,,50.0,9.0,,,6207.05786800012,,,5154.951189999934,992.2044680002145,,,,,1.2288221246635675,1.7423564015429163,,,213042
247,41,,,28.0,13.0,,,6585.029976000078,,,5077.0255900002085,1101.0197799997404,,,,,1.3400376197445478,1.459785798747578,,,213472
248,35,,,16.0,19.0,,,7842.4203319996595,,,5344.359278999735,2390.28380799992,,,,,1.2459656082998993,1.405516957929784,,,213519
249,39,,,39.0,,,,4157.703921999782,,,4157.703921999782,,,,,,1.4884511887538878,,,,214683
250,32,,,10.0,22.0,,,8159.730705631897,,,5195.774861000013,2904.044883632101,,,,,1.2195608543255367,1.4511370072062797,,,214749
251,131,,69.0,45.0,17.0,,,7667.924358611926,,2107.3032945068553,5110.0099129998125,2185.9442360000685,,,,2.3929041897890757,1.0475376937321939,1.3700207039743235,,,215152
252,35,,,10.0,25.0,,,7963.305277999956,,,5091.216157000046,2830.115138999652,,,,,1.1075105814224864,1.6774008809515621,,,215578
253,154,,,123.0,31.0,,,8120.698264436796,,,4844.725892436691,2919.868019999936,,,,,0.8141227046713164,1.5538797173470187,,,216259
254,234,,,223.0,11.0,,,6302.781058610417,,,5188.019174595829,1008.0381140001118,,,,,0.6522103336279004,1.596162941050048,,,216520
255,54,,,33.0,21.0,,,7730.844947000034,,,5094.035802999977,2529.92134300014,,,,,0.9950552139699992,1.4363302196836947,,,216899
256,384,,159.0,60.0,,165.0,,8648.359617311973,,1823.9617200000212,4724.149075155146,,4782.846444312017,,,2.167589024623983,1.199176032691675,,3.957686303673085,,217014
257,370,,229.0,83.0,58.0,,,7613.065295000095,,2119.156313000247,5413.200909999665,2128.0867130002007,,,,2.0640944946213913,1.040288089806517,1.3872088204162243,,,217107
258,46,,,12.0,34.0,,,7041.886864,,,4779.975209000055,1853.8628119998612,,,,,1.2357183694839478,1.630149483680725,,,217165
259,81,,,43.0,38.0,,,8018.107796999626,,,5081.172472999897,2831.133843000047,,,,,0.6339530881510301,0.8755358634269939,,,217357
260,21,,,11.0,10.0,,,6227.976690999698,,,5059.083160999697,856.7256020000204,,,,,1.32157925151227,1.5376346623699786,,,21774
261,72,,,17.0,14.0,41.0,,7430.827771999873,,,5132.914572000038,976.0433099996299,4109.947805999778,,,,1.5753952663441986,1.746405957177839,7.974793948323031,,217877
262,71,,,38.0,33.0,,,7404.900770000182,,,5150.089555000421,2212.8862029998563,,,,,1.0345741529346273,1.5765807892105639,,,217987
263,27,,,12.0,15.0,,,7638.132316000294,,,5238.73017500015,2059.2363660000265,,,,,4.661347736387214,5.805010957132845,,,21847
264,72,,,48.0,24.0,,,8295.270514999982,,,5358.243027000222,2829.1310069998726,,,,,1.0398044063809346,1.2160325721739422,,,218566
265,126,,,97.0,,29.0,,7485.785976999905,,,4563.78195389593,,4109.954746999778,,,,1.1535919449143388,,5.971611097827786,,218868
266,491,,285.0,160.0,,46.0,,9775.848707176745,,2092.814294976648,5410.131226541009,,4410.10813104827,,,1.682500405902886,0.7932341718431346,,3.9867170195550106,,219134
267,77,,,57.0,20.0,,,8186.396273999941,,,5346.346100999974,2719.267801000271,,,,,0.9964724486072254,1.4385580040012595,,,219538
268,33,,,33.0,,,,3960.0489894761704,,,3960.0489894761704,,,,,,2.022861403524848,,,,219623
269,27,,,27.0,,,,4521.6756839999,,,4521.6756839999,,,,,,1.3361051630318788,,,,220221
270,76,,,55.0,21.0,,,8280.259972000029,,,5095.2110454277135,2830.1537959999405,,,,,1.1503608639066636,1.346999105758903,,,220339
271,458,,158.0,122.0,,178.0,,11523.107705976348,,1905.6266806116328,3458.8781459848396,,8182.005573615432,,,1.3200684050045486,0.9928727656547922,,3.8129557657974207,,22049
272,60,,29.0,16.0,15.0,,,8060.849374999758,,1898.780431999825,5236.745330000296,2567.948853999842,,,,2.6684934618218845,1.189437530289588,1.3651589111742721,,,22072
273,332,,125.0,193.0,,14.0,,7502.431599956937,,1866.8557250001468,5347.268565956969,,1845.0537109998986,,,1.7364910560010898,0.6318301039499098,,6.378354682085529,,221354
274,88,,50.0,13.0,25.0,,,8159.681096999906,,1827.9589240001515,5133.98297200026,2905.008495999966,,,,4.088508581564817,1.6958543530849253,1.7969291618237209,,,221356
275,33,,,33.0,,,,5134.055879000109,,,5134.055879000109,,,,,,1.3801911676306438,,,,221851
276,60,,,24.0,36.0,,,7856.409294000361,,,5091.020196000114,2391.3325000000186,,,,,1.3604431009936389,1.4574992098349324,,,222582
277,41,,,9.0,32.0,,,7631.073251999915,,,4865.698205000255,2390.284039999824,,,,,1.3849305285955127,1.4549232133569296,,,223238
278,21,,,9.0,12.0,,,6210.989069999661,,,4701.040689999703,1101.9818750000559,,,,,1.1880292493468296,1.4704525433983795,,,223315
279,28,,,13.0,15.0,,,7856.397568000015,,,5424.0920350002125,2093.232719999738,,,,,1.3496941043816506,1.3299367548978014,,,224383
280,38,,,38.0,,,,4409.999605000019,,,4409.999605000019,,,,,,1.1313608673827278,,,,224619
281,21,,,21.0,,,,5101.093255000189,,,5101.093255000189,,,,,,1.3209085390673532,,,,224983
282,65,,,65.0,,,,5149.9242710000835,,,5149.9242710000835,,,,,,1.0878622410775955,,,,225213
283,67,,,51.0,16.0,,,8143.692719000392,,,5270.604004000314,2488.062720000278,,,,,1.6557630361903473,2.557683843046093,,,22879
284,209,,155.0,34.0,20.0,,,8026.018256151583,,1905.78394715162,5126.102981483564,2525.1915170000866,,,,1.1997098194094202,0.8458256400265722,1.2366880678260759,,,23249
285,69,,,60.0,9.0,,,6840.087913000025,,,5082.007693000138,1354.0812269998714,,,,,1.0592546414300703,1.4520606324660894,,,232979
286,112,,35.0,65.0,12.0,,,7489.604086000007,,830.8644659998827,5291.642738581169,1811.0148149998859,,,,2.1535505271747315,1.08279523958303,1.9955200410680658,,,23356
287,174,,26.0,131.0,17.0,,,8096.986917774193,,556.7968551395461,5321.695355774369,2435.131053000223,,,,2.6431401763077735,0.8388974598189941,1.9295895767390436,,,23439
288,66,,,46.0,20.0,,,7729.951900999993,,,5327.633255000226,2369.3524189996533,,,,,1.1364799497102407,1.3084352177429448,,,24040
289,31,,,17.0,14.0,,,7638.131624999922,,,5238.73663600022,2060.3034609998576,,,,,1.6243010981923214,1.6089719001840834,,,24213
290,86,,,61.0,25.0,,,8013.994024000131,,,5174.851836999878,2554.946956000291,,,,,1.1274741765233423,1.3616717350958032,,,24238
291,27,,,12.0,15.0,,,8028.048680000007,,,5252.783459999599,2435.117407000158,,,,,1.587976402720495,1.5710972030016495,,,24341
292,103,,,88.0,15.0,,,7652.955864000134,,,5252.609312999994,2059.226666999981,,,,,0.7468577430235241,1.331858361064479,,,24496
293,33,,,15.0,18.0,,,7964.155018448364,,,5081.007210999727,2479.17909144843,,,,,1.1216794233744767,1.7478610997756032,,,245409
294,29,,,16.0,13.0,,,7638.126805000007,,,5237.781388999894,2059.207511000335,,,,,3.0959465286674375,3.405221753154133,,,24727
295,42,,,9.0,33.0,,,8030.07735699974,,,5155.031072000042,2679.6636919998564,,,,,1.4423357267642465,1.6356022257240448,,,24892
296,28,,,15.0,13.0,,,8110.822954999749,,,5235.822589848656,2531.9014929998666,,,,,1.1022601330644808,1.54252570092212,,,24916
297,67,,,53.0,14.0,,,8013.989951999858,,,5174.864048999734,2435.1482529998757,,,,,1.627187660030105,3.565944039868784,,,25329
298,51,,,45.0,,6.0,,7045.863156999927,,,5160.879331999924,,510.7234200001694,,,,1.0569452891540048,,5.8947207383484965,,25665
299,21,,,11.0,10.0,,,6252.900009999983,,,5146.914801999927,764.928912000265,,,,,1.1988560529482104,1.510664084507116,,,25682
300,30,,,17.0,13.0,,,6343.77150200028,,,5236.786213000305,764.9284029998817,,,,,2.2193649367078394,2.183712450801372,,,25825
301,32,,,32.0,,,,3584.132269000169,,,3584.132269000169,,,,,,5.764665027529445,,,,25998
302,39,,,28.0,11.0,,,7338.837284000125,,,5269.601056999993,1727.1866440000013,,,,,1.0965572855396886,1.207561945323635,,,26151
303,31,,,18.0,13.0,,,7652.1667679999955,,,5188.871593999676,2151.109074000269,,,,,1.8164422935952036,1.7293904247821745,,,26161
304,33,,,33.0,,,,1800.1414509997703,,,1800.1414509997703,,,,,,1.3746089231838898,,,,263175
305,61,,,47.0,14.0,,,7612.051880593412,,,5093.093998000026,2141.0008565932512,,,,,1.1543487604826308,1.9490800259625511,,,265866
306,27,,,11.0,16.0,,,7947.2210706942715,,,5126.991626000032,2478.1989706945606,,,,,1.0467469405647307,1.769549382290814,,,26794
307,428,,132.0,187.0,7.0,102.0,,11535.84093112545,,1925.7603667904623,5344.657728125341,620.2284958213568,8122.937508000061,,,1.5397939531434002,0.7143305543903535,1.219014669257975,4.076143020462958,,26965
308,53,,,27.0,26.0,,,7528.4118170002475,,,5127.009514000267,2179.0574190001935,,,,,1.124302178673488,1.3271189000750585,,,28005
309,22,,,13.0,9.0,,,6971.915024999995,,,5082.022894999944,1485.891701000277,,,,,1.4385823205422315,2.5494814826859127,,,281540
310,27,,,10.0,17.0,,,7998.116510999855,,,5126.998478000052,2484.156423999928,,,,,0.9974933439023258,1.624883476618957,,,283
311,33,,,23.0,10.0,,,7140.321378000081,,,5065.087223000359,1671.2540159998462,,,,,0.9444755506311078,1.2388885604332343,,,28343
312,74,,,56.0,18.0,,,7506.354724999983,,,5044.024828999769,2058.3634500000626,,,,,1.2244786308459439,1.8878607200883244,,,285968
313,63,,,46.0,,17.0,,6995.9403409999795,,,4847.745978999883,,3708.7991482871585,,,,1.1473439108816472,,9.264340644155222,,28946
314,24,,,24.0,,,,459.74697000021115,,,459.74697000021115,,,,,,2.45280937127452,,,,29697
315,56,,,56.0,,,,5267.665174000431,,,5267.665174000431,,,,,,1.1442161793102277,,,,29883
316,31,,,18.0,13.0,,,7652.163929999806,,,5188.8479809998535,2149.100058000069,,,,,1.3589883962745781,1.2915423119964853,,,30708
317,50,,,28.0,22.0,,,7528.369036999997,,,5125.986630000174,2059.3466199999675,,,,,1.4945448609179641,1.5717801866552956,,,31253
318,39,,,39.0,,,,159.83004899974912,,,159.83004899974912,,,,,,1.954380589197914,,,,3130-1591-1
319,27,,,27.0,,,,2552.001852999907,,,2552.001852999907,,,,,,5.872898386111406,,,,31423
320,189,,123.0,66.0,,,,1106.022543462459,,1106.022543462459,896.666208405979,,,,,1.1044428616004835,0.6038229223442636,,,,3167
321,29,,,12.0,17.0,,,7638.137453000061,,,5235.754350999836,2059.383229000028,,,,,1.2830353410035231,1.3318327750165138,,,31966
322,311,,118.0,160.0,,33.0,,11522.630005167797,,1906.6218739999458,5265.532050721347,,7500.65865600016,,,1.6989507788137943,0.5616681010200626,,4.615655666671252,,32147
323,224,,133.0,67.0,,24.0,,7416.842486000154,,1905.6793579999357,4587.593893791083,,4013.952251537703,,,2.4648248372750996,1.5208842173013424,,5.379269942272315,,32923
324,98,,,84.0,14.0,,,7529.3303840002045,,,5064.1187060000375,2235.0599540001713,,,,,1.0976775055962344,1.3504954901299104,,,32963
325,28,,,10.0,18.0,,,8110.796655999962,,,5172.8041535872035,2532.042082999833,,,,,1.5412168425396164,1.4542506631127838,,,33021
326,68,,,30.0,25.0,13.0,,7760.961938000284,,,5260.860155000351,2233.000578999985,3709.984655946493,,,,1.3215966214306134,1.697412776395127,7.429452660045917,,33636
327,37,,,27.0,10.0,,,7218.203040999826,,,5049.151490000077,1817.9535650000907,,,,,1.208726522823074,1.6359016980765342,,,33793
328,507,,143.0,75.0,10.0,279.0,,11561.777180000208,,1905.6902540000156,5308.669017000124,1089.8362030000426,8197.927804430015,,,1.9765349433495645,1.1536869785026536,1.4276233060644217,4.022816849096197,,34411
329,139,,,116.0,23.0,,,7760.960951999761,,,5296.601969999727,2206.0303360000253,,,,,1.2300416187598533,1.5031094352970205,,,34445
330,30,,,14.0,16.0,,,6988.852237999905,,,5230.770176999737,1527.8450350002386,,,,,1.1335201879809282,1.4168316341705869,,,34575
331,78,,20.0,40.0,18.0,,,8218.596220000181,,1882.7608559997752,5281.599090000149,2532.0154520003125,,,,3.289238299065551,1.3252887335669266,1.6547594573895024,,,34721
332,27,,,12.0,15.0,,,7638.127325000241,,,5173.774848000146,2086.2133690002374,,,,,1.7960551880648734,1.89665794790289,,,34745
333,23,,,11.0,12.0,,,7670.1815059999935,,,5205.833970999811,2060.3286340003833,,,,,1.8145106638036335,2.079995901541509,,,35627
334,24,,,12.0,12.0,,,8149.77401699964,,,5265.609051999636,2505.152788999956,,,,,1.7198495916616414,1.7847835357102264,,,35974
335,84,,,64.0,20.0,,,8217.579679999966,,,5281.615414265543,2678.5941549995914,,,,,0.972162370593711,1.4857763737522767,,,36003
336,44,,,27.0,17.0,,,8148.718439999968,,,5266.646992999595,2504.9895370001905,,,,,1.0932812971934565,1.3632139616273657,,,36395
337,418,,159.0,71.0,34.0,154.0,,11629.19356694445,,2095.2053099442273,5413.1701949997805,2621.888171000406,8068.00573500013,,,2.0018015624160124,0.9903477606516649,1.2466756888118038,3.1592264500747502,,3651
338,62,,,62.0,,,,5257.644457999617,,,5257.644457999617,,,,,,1.1213653416685418,,,,37008
339,61,,35.0,15.0,,11.0,,9834.792595649138,,1897.7517059999518,5136.936116000172,,4695.096733561251,,,2.2555451184552626,1.090225191604107,,6.126181016879279,,37394
340,134,,,107.0,27.0,,,8015.075609122403,,,5237.888572122436,2527.012163999956,,,,,0.6267137938016013,1.3156461698423465,,,3765
341,65,,,24.0,41.0,,,7008.009581999853,,,5113.0388179998845,1852.983251999598,,,,,3.273523047534447,5.087510605793204,,,377
342,44,,,13.0,31.0,,,7783.7490010000765,,,4910.743978000246,2622.800890999846,,,,,1.3057332212094668,1.4708472311133531,,,3795
343,24,,,10.0,14.0,,,8201.57697699964,,,5265.639500000048,2556.954664999619,,,,,1.4369567857096637,1.4186509981153634,,,37962
344,76,,,53.0,23.0,,,8175.622498000041,,,5293.589281000197,2651.723390999716,,,,,1.0142956594182067,1.2792480006526925,,,38230
345,17,,,17.0,,,,5205.877751092892,,,5205.877751092892,,,,,,1.1286203663135543,,,,38392
346,364,,130.0,54.0,46.0,134.0,,8196.759083000012,,1949.7307790000923,4864.770479272585,2184.02054399997,4127.5264814822,,,2.189289106159014,1.1288738018888227,1.4822594027256546,4.652706502604488,,38529
347,195,,117.0,61.0,17.0,,,8196.75636,,1929.731800999958,5312.72899702657,2479.178472000174,,,,2.5496511846409544,1.185007966934063,1.3465639544631756,,,38858
348,20,,,13.0,,7.0,,5483.0306669999845,,,3334.7896279999986,,3274.1609229999594,,,,0.9281781795903454,,7.724735537573458,,39715
349,43,,,23.0,20.0,,,8142.8338950001635,,,5206.81244900031,2557.9429049999453,,,,,1.3401789124201122,1.7794232702703434,,,39881
350,161,,102.0,45.0,14.0,,,7671.034300999716,,1861.8632353576832,5206.698898000177,2150.1146299997345,,,,2.6547256915680046,1.1215390550541773,1.3624961447164212,,,40397
351,87,,,21.0,21.0,45.0,,7647.313548000064,,,5176.066988000181,851.7202540002763,4337.131391858682,,,,1.7611035112867888,2.0940887408138282,10.041520016495245,,40979
352,33,,,33.0,,,,4785.159909858368,,,4785.159909858368,,,,,,1.9997599413083913,,,,41593
353,53,,,33.0,20.0,,,6895.003647000063,,,4928.37948000012,1422.9996759998612,,,,,1.0342952909869758,1.5227621876200028,,,4203
354,56,,,16.0,40.0,,,8029.001453000121,,,4791.885168000124,2829.1094789998606,,,,,1.3047343711713995,1.4437922545929807,,,4208
355,117,,,89.0,28.0,,,8285.137609000318,,,5253.373338000383,2829.105475000106,,,,,0.6687845434907657,1.1862204077646417,,,4256
356,39,,,20.0,19.0,,,7976.001476433128,,,5094.043894999661,2504.01128543308,,,,,0.9837582963060426,1.3643378374795865,,,42581
357,360,,111.0,227.0,22.0,,,8229.521751524415,,1864.7158507583663,5291.6096685240045,2622.7635180000216,,,,2.8113605858252413,0.7380836029383946,1.3654327487334537,,,42618
358,46,,,28.0,18.0,,,8004.075710000005,,,5131.090270000044,2558.975174000021,,,,,1.1279910713824255,1.5059166653185618,,,4307
359,29,,,11.0,18.0,,,8229.592987999786,,,5293.627998999786,2558.0132299996912,,,,,1.698451884632696,1.4952702997806364,,,43745
360,35,,,22.0,13.0,,,7760.8457410000265,,,5297.650253999978,2085.2643869998865,,,,,1.5423846089850002,1.662152055481103,,,43947
361,24,,,13.0,11.0,,,7055.708217000123,,,5295.54888530029,1380.1223270003684,,,,,1.2767524985086227,1.3738196435582921,,,44420
362,26,,,12.0,14.0,,,7756.842468000017,,,5291.650233999826,2085.2556830001995,,,,,1.4846969716173757,1.5193531455764413,,,44985
363,34,,,14.0,20.0,,,8089.996117999777,,,5204.817535311915,2480.1753239999525,,,,,1.890978155150064,1.9745457187068516,,,45067
364,132,,,114.0,18.0,,,8218.620061173104,,,5280.655153173488,2558.0055209998973,,,,,0.7813273166931332,1.3273518614993762,,,45184
365,72,,,42.0,30.0,,,7024.786228000186,,,5266.824706836604,1527.8299300000072,,,,,1.0683481057760984,1.4319681410189813,,,45350
366,29,,,13.0,16.0,,,8229.586143999826,,,5291.669604999945,2557.9945829999633,,,,,2.2623673116472323,2.162969266706648,,,45588
367,283,,175.0,60.0,,48.0,,11588.94750379771,,2099.9341009999625,5189.8732619998045,,6298.861585936509,,,1.7766689109923315,1.2348600031889343,,7.203677231586838,,4614
368,378,,206.0,116.0,,56.0,,11605.209060000256,,1942.787306000013,4719.143241411075,,7678.008817752358,,,1.8802007060505752,1.0945292854138597,,5.470579324525204,,4628
369,56,,,19.0,37.0,,,7420.807858000044,,,5151.839826000389,1974.6892820000648,,,,,1.0705477206917804,1.2284010995355243,,,46375
370,52,,,10.0,24.0,18.0,,6973.0286300000735,,,5169.860702000093,1501.7264239997603,3329.834085999988,,,,1.2942058765693725,1.3996309847656225,5.329437230488436,,47157
371,41,,,33.0,,8.0,,7404.89188000001,,,5256.737978000194,,3709.893891000189,,,,1.6888113486017282,,6.7608024579166734,,47752
372,357,,189.0,77.0,,91.0,,11459.8823078922,,1925.7006829995662,4422.785015502013,,7798.70810252754,,,2.854082751343219,1.307422639246862,,5.448214256864716,,48682
373,30,,,13.0,17.0,,,8196.744253000244,,,5311.666394000407,2505.164189999923,,,,,2.01813216135539,1.7198575951232409,,,48938
374,77,,,68.0,,9.0,,7336.141015000176,,,4557.845650481526,,2804.3462169999257,,,,1.3292024831830318,,7.996856018167982,,4915
375,82,,,48.0,34.0,,,6596.023178999778,,,5176.049151000101,1042.0178239997476,,,,,1.0901736909407616,1.3922444315706124,,,49674
376,73,,,24.0,29.0,20.0,,9081.04495858401,,,5082.831139828544,2652.78790500015,5560.558957876172,,,,1.2099923421295797,1.4853262509819343,5.481076416088278,,50281
377,72,,,40.0,32.0,,,8165.772324999794,,,5215.786735000089,2652.786376999691,,,,,1.2546616236770691,1.7371812442789711,,,50499
378,103,,8.0,28.0,19.0,48.0,,7700.98456799984,,76.79620300000533,5229.754360000137,1754.0252320002764,4396.9047909998335,,,3.492658462477651,1.45788127373713,1.7497460465655692,7.390311740750572,,50554
379,25,,,12.0,13.0,,,7771.868637999985,,,5306.686553999782,2149.029387000017,,,,,1.8425442482348833,1.8994344112582013,,,50639
380,208,,119.0,73.0,16.0,,,8147.832365000155,,1922.6996906818822,5307.758020855952,2462.1930209998973,,,,2.7147752454908725,1.3819533239062656,1.4504889396471186,,,50692
381,33,,,11.0,22.0,,,8142.826001000125,,,5204.915457000025,2679.610220000148,,,,,1.194561153417001,1.3348613081859422,,,50806
382,26,,,10.0,16.0,,,7788.718819000293,,,5291.740081184078,2117.0872920001857,,,,,1.2890343840758882,1.4411201034045713,,,51219
383,163,,43.0,108.0,,12.0,,7455.824106000364,,1541.6796762221493,4524.580647155177,,3710.8323357254267,,,2.320483127855356,0.8350166735107885,,7.139585500931046,,51419
384,72,,,55.0,17.0,,,8097.8799439999275,,,5256.630245000124,2463.195371000096,,,,,1.0719506887307915,1.2622335656514383,,,51866
385,120,,48.0,46.0,26.0,,,7652.978523999918,,1890.8023899998516,5151.775329999626,2149.05535900034,,,,3.0050841100749883,1.3310350453391986,1.5703121443501384,,,52265
386,23,,,10.0,13.0,,,7541.602727999911,,,5270.654684999958,1918.9772100001574,,,,,1.2031758291531482,1.322058302516961,,,52456
387,301,,134.0,96.0,14.0,57.0,,11567.784903232474,,1922.7148139998317,5247.711526232306,2379.3022799999453,8152.960361334961,,,2.6609287230560925,1.2412083565391567,1.5846207778154024,5.704904141366364,,52711
388,34,,,34.0,,,,5017.135877999943,,,5017.135877999943,,,,,,1.4232490578762296,,,,52919
389,29,,,14.0,15.0,,,7778.842341000214,,,5313.61390400026,2149.046551000327,,,,,2.5023993379144094,2.970020124428734,,,53665
390,29,,,10.0,19.0,,,7590.0287669999525,,,4465.709669999778,2390.297695999965,,,,,1.267769327970254,1.417159052072428,,,5372
391,35,,,35.0,,,,1799.188637000043,,,1799.188637000043,,,,,,1.4354918282319284,,,,53927
392,239,,144.0,74.0,,21.0,,7406.786133999936,,1918.7083370001055,4429.869127206504,,3712.6666006925516,,,2.747229862626944,1.417039721581204,,6.874819214087605,,55575
393,27,,,11.0,16.0,,,8198.712807000149,,,5278.615792999975,2506.1397339999676,,,,,1.7792145829027284,1.7024077797070518,,,56274
394,26,,,14.0,12.0,,,7778.838682999834,,,5313.607433000114,2086.2656139996834,,,,,1.4399238303560529,1.551588855747211,,,56303
395,35,,,25.0,10.0,,,7218.148188999854,,,5020.128339999821,1754.1617119996808,,,,,1.4235403553688637,1.9628043910561306,,,60491
396,32,,,32.0,,,,1625.6084139999002,,,1625.6084139999002,,,,,,2.1703273877866827,,,,6101
397,41,,,30.0,11.0,,,8113.760826999787,,,5163.762226999737,2569.952395999804,,,,,1.1490329556867112,1.3908827676759923,,,61606
398,34,,,34.0,,,,5198.842193999793,,,5198.842193999793,,,,,,1.111748532121382,,,,62613
399,32,,,13.0,19.0,,,8198.710318000056,,,5278.670479999855,2597.7198157557286,,,,,1.8186553895657767,1.8221204551973424,,,63754
400,65,,,46.0,19.0,,,8133.779459000099,,,5225.839552000165,2555.8840040001087,,,,,1.0937027229780467,1.2439930855725279,,,65277
401,23,,,13.0,10.0,,,6357.787842999678,,,5252.727599999867,791.904015999753,,,,,1.6791729091453744,2.0018794525363166,,,6558
402,176,,110.0,50.0,16.0,,,8226.675524000078,,1839.9029700001702,5275.7907440001145,2654.9457422392443,,,,2.68142935695591,1.4153756429092104,4.01529419896702,,,65583
403,23,,,9.0,14.0,,,8097.87803500006,,,5189.867850000039,2691.8217130000703,,,,,1.4474273662139068,1.4927847490999235,,,66171
404,70,,,47.0,23.0,,,6764.691595000215,,,5277.840299000032,1193.9112499998882,,,,,1.0871207494576292,1.1996586054536178,,,66428
405,29,,,12.0,17.0,,,7342.912550999783,,,4458.934750000015,2153.03520799987,,,,,1.4241868419248371,2.515348307236762,,,1326b
406,30,,,11.0,19.0,,,8029.918002000079,,,5152.8136620000005,2526.1161110000685,,,,,1.5162496544265975,1.671413185215043,,,67458
407,63,,17.0,22.0,24.0,,,8113.804255835246,,359.0750859999098,5229.655658999924,2569.010784835089,,,,2.4606555743280527,1.2830116191567191,1.0833664321635899,,,67767
408,126,,10.0,83.0,33.0,,,8185.828143000137,,118.75822499999776,5344.615480999928,2526.0812610001303,,,,2.800274703184316,1.2391450459800575,1.4431918171380713,,,68017
409,29,,,17.0,12.0,,,7810.655767999589,,,5278.688453000039,2210.841457999777,,,,,1.2467673604564846,1.3146891836391084,,,68168
410,30,,,11.0,19.0,,,8155.768628000282,,,5278.664693000261,2555.933565000072,,,,,1.3436851096826816,1.603403832369666,,,68978
411,23,,,11.0,12.0,,,7071.718539999798,,,5283.69492899999,1438.894849000033,,,,,1.2942401769345564,1.4263437689280565,,,69809
412,25,,,12.0,13.0,,,7807.842987999786,,,5307.655394999776,2179.0157759999856,,,,,1.3500537446445693,1.420047096169308,,,71479
413,63,,,44.0,19.0,,,7652.998143999837,,,5121.985100000165,2314.863078000024,,,,,1.3403059401073736,1.6935948174263282,,,72659
414,69,,,47.0,22.0,,,8198.664776999969,,,5219.831512636971,2626.750820999965,,,,,1.0715825423139358,1.3436267422557195,,,72673
415,64,,23.0,19.0,,22.0,,7677.293892486021,,301.17251300020143,314.3784879450686,,4015.16256400384,,,4.38997075854497,0.5244765165279095,,9.432531343283758,,73344
416,68,,,42.0,26.0,,,8160.750158000272,,,5252.821015000343,2614.9939470002428,,,,,1.303270831703938,1.5341942838128393,,,73667
417,111,,43.0,59.0,9.0,,,6637.828476000112,,1203.805294000078,5306.647353000008,1009.9622339997441,,,,2.971608284121557,2.8937395336787652,1.921972385448965,,,74156
418,646,,145.0,207.0,24.0,270.0,,11066.847723111976,,1934.763669999782,5306.606417866889,857.9036920000799,7733.796646006871,,,1.5317857660341265,1.2769090446343871,1.286466488167378,3.143677130210828,,75732
419,29,,,9.0,20.0,,,7102.6504589999095,,,5277.694719000254,1532.8946749996394,,,,,1.2278199922117827,1.4165347713298408,,,76909
420,27,,,27.0,,,,367.0125739998184,,,367.0125739998184,,,,,,18.304641052418756,,,,78255
421,29,,,14.0,15.0,,,8008.970380000304,,,5246.922395261936,2381.2874880000018,,,,,1.0094207803548623,1.185020856790763,,,79210
422,30,,,12.0,18.0,,,7574.209184000269,,,4812.09961030446,2381.284744999837,,,,,1.3131255376725803,1.2868171957627783,,,79211
423,514,,198.0,309.0,7.0,,,6495.00029399991,,2176.9742049998604,5252.922893987503,662.1442939997651,,,,1.9983321689053102,0.6090092570248061,1.3262252307287576,,,7924
424,22,,,11.0,11.0,,,7475.691800000146,,,5276.631708000321,1818.0486110001802,,,,,1.0170973456992802,1.3296226636999062,,,80367
425,89,,,60.0,22.0,7.0,,6512.1163820000365,,,5094.01958299987,1174.8285650000907,2884.0953400181606,,,,1.1863968250736754,1.5084346983248396,5.323656083298263,,82943
426,22,,,12.0,10.0,,,6551.0184310004115,,,5409.03945000004,757.9997570002452,,,,,1.169167277346157,1.5068989282486003,,,8328
427,39,,,13.0,26.0,,,6593.939951999579,,,5121.9495129999705,1091.012232999783,,,,,2.602655738869667,1.1734867175222643,,,83443
428,38,,,21.0,,17.0,,3980.0120099177584,,,1138.9975749999285,,1031.8463379177265,,,,1.160432159098824,,5.244858294988141,,8375
429,78,,,48.0,30.0,,,8016.972856000066,,,5145.918099000119,2621.709907999728,,,,,1.1443118447762228,1.2367365594930944,,,8389
430,145,,68.0,59.0,18.0,,,8097.863124999683,,1147.0398840000853,5189.829744999763,2527.1436119996943,,,,1.70753325350631,0.9987153841263385,1.3703216811786059,,,84035
431,87,,29.0,58.0,,,,5311.673890999984,,1597.6596380001865,5311.673890999984,,,,,3.87439295242285,1.7037382291305663,,,,84117
432,274,,142.0,64.0,,68.0,,8791.93615099974,,1836.9147487063892,4474.792150799651,,5544.836765000131,,,2.487446020504251,1.2227578214245676,,4.8900932999985205,,84737
433,65,,,26.0,9.0,30.0,,7482.760232999921,,,5269.751740000211,1762.9923260002397,4086.9989559999667,,,,1.6220218939940128,1.962862515635016,9.14283981189567,,8574
434,51,,,15.0,36.0,,,7260.116302000359,,,4825.872795000207,2212.026157000102,,,,,1.1678159985042793,1.3841296272870727,,,8648
435,273,,123.0,71.0,,79.0,,11686.025407999754,,1805.0354459998198,5306.710080996156,,7891.029771776404,,,2.2185861756632943,1.0592865790112047,,4.7404527459772225,,86728
436,38,,,24.0,14.0,,,7839.642105000094,,,5277.57730200002,2210.8140850001946,,,,,1.1656190088938774,1.3551286956090098,,,87359
437,24,,,13.0,11.0,,,7475.612253000028,,,5277.576998000033,1817.9691669996828,,,,,1.3056580250396412,1.764738378826189,,,87424
438,31,,,19.0,12.0,,,6204.1528509999625,,,5099.151484999806,855.8140050000511,,,,,1.7369333091212826,1.8972315683765704,,,8765
439,112,,,67.0,,45.0,,7404.862540000118,,,4474.872261209879,,4012.9469666089863,,,,1.0893299437733261,,4.044783033586793,,87883
440,31,,,13.0,18.0,,,7701.942734000273,,,5111.1094810003415,2238.778797000181,,,,,1.7024170317035956,1.42576470169777,,,88072
441,89,,,32.0,,57.0,,10987.081811999902,,,4096.880723031703,,8033.99426665483,,,,1.0435701528954415,,5.140320958770726,,88230
442,31,,,11.0,20.0,,,8196.779781999998,,,5261.796183000319,2526.140161999967,,,,,1.57553699698645,1.6852801427390536,,,88725
443,33,,,17.0,16.0,,,8297.18407500023,,,5059.04856600007,2830.140243000351,,,,,1.6915196642048518,1.6512048591373936,,,3074a
444,173,,90.0,67.0,16.0,,,8140.77760617435,,1542.9060959997587,5189.887710174546,2568.9449539999478,,,,2.37795759072584,0.7392825460356864,1.3933824090024314,,,89269
445,71,,,55.0,16.0,,,8228.76094653178,,,5250.010341703426,2598.884942000266,,,,,0.74876892316481,1.260600323443462,,,90156
446,25,,,15.0,10.0,,,6412.670232999604,,,5269.789885999635,892.6246519996785,,,,,1.129302038802472,1.411815181343031,,,9070
447,47,,,23.0,24.0,,,7965.053010999691,,,5029.141274999827,2609.8520019999705,,,,,1.0259735462820205,1.1893413007412195,,,90711
448,26,,,9.0,17.0,,,7071.611614000052,,,5224.757737000007,1520.787684999872,,,,,1.3186989528515978,1.3748756731596206,,,90722
449,53,,,41.0,12.0,,,7416.689742999617,,,5246.726028000005,1844.8493749997579,,,,,0.9827772222622506,1.1735438135171279,,,90875
450,39,,,12.0,13.0,14.0,,6956.940605000127,,,5111.063742000144,1465.0603590002283,2950.9100069999695,,,,1.3643498441121356,1.4659372113020321,7.100919269444991,,91204
451,48,,,48.0,,,,5249.753920999821,,,5249.753920999821,,,,,,1.3717073654623282,,,,92719
452,89,,,24.0,25.0,40.0,,7818.8329089996405,,,5281.597673999611,1465.0601389999501,3333.9212179998867,,,,1.1721934999974462,1.3161261939865174,6.393933843493453,,92788
453,21,,,10.0,11.0,,,6478.292233000044,,,5121.973460000008,966.2976270001382,,,,,1.2016183778643608,1.4768400448864862,,,9331
454,30,,,10.0,20.0,,,8160.658660999965,,,5224.746160999872,2526.1002549999394,,,,,1.468907726922942,1.5346939666987724,,,93745
455,434,,191.0,231.0,12.0,,,7638.89041100163,,2177.113553875126,5252.718557727989,1791.0164930000901,,,,1.9689173945515546,0.6438198807269664,1.299715232055402,,,9407
456,66,,,41.0,25.0,,,8027.014984999783,,,5155.034070999827,2621.710670999717,,,,,1.2520291760758566,1.4723857722167708,,,4747
457,38,,,38.0,,,,1887.8328570001759,,,1887.8328570001759,,,,,,1.6174404068421993,,,,9446
458,421,,132.0,64.0,,225.0,,11602.104707000311,,1971.8452490000054,3629.8901029997505,,8353.026307589374,,,2.2247548094763996,1.2725958678733342,,4.252481670169378,,95128
459,125,,78.0,27.0,20.0,,,8315.791768698953,,2094.0190306990407,5271.685840999708,2559.02290500002,,,,2.756041756483783,1.3337207436019471,1.3794154517484056,,,9562
460,32,,,15.0,17.0,,,6951.91950700013,,,5134.000665000174,1496.023194000125,,,,,1.1320256020585502,2.0158701016320926,,,95650
461,466,,232.0,150.0,30.0,54.0,,11659.00124100037,,2112.0210550003685,5276.934670077637,2415.2513430002145,7906.217343000229,,,1.8154999365972346,0.8211480904123303,0.8816109121022936,5.292067025906151,,95735
462,29,,,29.0,,,,1720.0573459998704,,,1720.0573459998704,,,,,,1.3901916064896096,,,,96612
463,31,,,14.0,17.0,,,8089.941226999741,,,5111.0611459999345,2598.902499999851,,,,,4.123836593555495,1.408119516980182,,,96700
464,302,,173.0,97.0,19.0,13.0,,10027.78620593762,,2087.6118461587466,5280.698704000097,2581.9696990000084,6216.964967000298,,,1.485525236249218,0.9955847568364348,1.281143403284578,7.229469241755777,,97101
465,78,,,52.0,26.0,,,8231.597825999837,,,5252.635721857194,2762.647731000092,,,,,1.0606071112088515,1.2076744470836165,,,97343
466,384,,156.0,208.0,20.0,,,8187.655263133347,,1802.7779740002006,5252.559584620409,2608.7721059997566,,,,2.167838705787927,0.65986025129226,1.4166807182981271,,,97658
467,570,,207.0,41.0,,322.0,,11635.044112361502,,2175.958493361715,1918.8447380000725,,8181.765170390252,,,3.5180502992726197,2.072493728677906,,7.155429100607574,,9826
468,79,,,62.0,17.0,,,8188.632401000243,,,5281.615757999942,2555.909363000188,,,,,1.1886669734270336,1.3434488274462013,,,98281
469,25,,,12.0,13.0,,,7778.838557000272,,,5217.844437000342,2180.1772219999693,,,,,1.2734946106744918,1.433666293065407,,,98618
470,49,,,15.0,34.0,,,7319.183102901094,,,4920.669797909446,2009.7087149997242,,,,,3.3362471014278046,1.5569407349614006,,,99109
471,146,,20.0,98.0,28.0,,,8232.615687999874,,1517.9046050002798,5253.594871705864,2598.8775229998864,,,,2.4604982167042477,1.032663161718568,1.245452934385001,,,99491
472,119,,,78.0,41.0,,,8189.652146999724,,,5312.608374000061,2734.6808219999075,,,,,0.921992691694334,1.5091652023026234,,,99492
473,93,,,73.0,20.0,,,7726.962478000205,,,4927.603867000435,2390.3791200001724,,,,,1.2059986175438515,1.4349433338785653,,,9986
474,46,,,7.0,39.0,,,8017.057138000149,,,5144.920493999962,2622.775104000233,,,,,1.2621738360457522,1.5260259247336994,,,225261
475,52,,,7.0,45.0,,,8001.079224000219,,,5128.949641000014,2622.8183220000938,,,,,1.2153976005750842,3.9466372211533924,,,1388
476,21,,,7.0,14.0,,,6242.997057000175,,,5100.010518000461,753.9711919999681,,,,,1.1145943276336312,1.580726284111134,,,8038
477,24,,,14.0,10.0,,,6982.024882000405,,,5111.995602651499,1465.033842000179,,,,,1.6667814089237671,1.2878312832313967,,,10436
478,15,,,,15.0,,,2386.3045719997026,,,,2386.3045719997026,,,,,,1.4869252939779283,,,11020
479,20,,,9.0,11.0,,,7339.036204000004,,,4981.373379999772,1885.8392820004374,,,,,1.266420607161491,1.4231850891279711,,,16287
480,17,,,,17.0,,,2274.6741320001893,,,,2274.6741320001893,,,,,,2.759062920691242,,,16623
481,26,,,11.0,15.0,,,7134.308729999699,,,5120.996692999732,1763.0719559998251,,,,,1.2772560900129255,1.4124898970849722,,,17660
482,28,,,,28.0,,,2623.8316899999045,,,,2623.8316899999045,,,,,,1.5171104879021207,,,19034
483,16,,,,16.0,,,1196.659641018603,,,,1196.659641018603,,,,,,1.6642180463697276,,,21313
484,21,,,8.0,13.0,,,6235.944578000344,,,5130.924438999966,763.8913660002872,,,,,0.9674328765056819,1.5343207597227193,,,22282
485,35,,,21.0,14.0,,,8027.914429999888,,,5252.634568999987,2435.1308570001274,,,,,1.431056416009406,1.672113382797213,,,24365
486,22,,,11.0,11.0,,,7140.349049999844,,,5065.132325999904,1672.2750569996424,,,,,1.6086122400804401,1.5037962815649069,,,24451
487,22,,,7.0,15.0,,,8110.839094999712,,,5236.763573999982,2532.025105000008,,,,,1.4684836755505999,1.5737400322248132,,,28187
488,21,,,8.0,13.0,,,6574.0052670002915,,,5125.98842700012,1105.0173840001225,,,,,1.0906942727517177,1.436634873633504,,,29528
489,23,,,12.0,11.0,,,8001.037380000111,,,5125.973294000141,2532.0286110001616,,,,,1.4378785300059675,1.320225936168366,,,31560
490,23,,,7.0,16.0,,,7055.779749999754,,,5260.804148999974,1501.7851619999856,,,,,1.3187009222141535,1.7294383450994482,,,36308
491,31,,,7.0,24.0,,,7964.154054000042,,,5081.038185999729,2568.939410000108,,,,,1.2915703505701905,1.5885694825015269,,,37213
492,24,,,15.0,9.0,,,5851.981742000207,,,5086.062100999989,480.71510400017723,,,,,1.6031211584520146,1.618773009591905,,,40647
493,27,,,7.0,20.0,,,7927.210187266581,,,5086.756930432748,2609.9581612665206,,,,,1.020438989305813,1.321246292371088,,,42250
494,27,,,8.0,19.0,,,7778.832962000277,,,5278.673355000094,2206.8770830002613,,,,,1.122470001198471,1.3965819685333998,,,58781
495,34,,,7.0,27.0,,,8047.005514999852,,,5139.9690099996515,2526.192070624791,,,,,1.2744375592126893,1.4943243660180923,,,71334
496,27,,,12.0,15.0,,,7752.62991899997,,,5256.66878500022,2180.8459259998053,,,,,5.238138246334419,1.3586384345823246,,,71881
497,20,,,8.0,12.0,,,6216.90750099998,,,4730.037895000074,1105.9731009998359,,,,,2.572514612675847,3.1474579287517397,,,233641
498,49,,,7.0,25.0,17.0,,6647.963807000313,,,4811.995597000234,1629.691261,3014.7872259998694,,,,1.0031928112117925,1.473168215696376,5.591828908969967,,87836
499,46,,,8.0,38.0,,,8072.934458999895,,,5065.087445000187,2626.791793999728,,,,,1.4383746318123192,1.3793900477945362,,,88218
500,21,,,7.0,14.0,,,7663.021062999964,,,4756.022671000101,2609.017628000118,,,,,1.576225152366313,1.5256759690194632,,,88371
501,43,,,16.0,27.0,,,7687.896466000006,,,4724.96879200032,2583.842244999949,,,,,1.4410728622017128,1.92508236313583,,,89391
502,37,,,16.0,21.0,,,8240.616142999846,,,5261.782567000017,2626.762141000014,,,,,1.258600717570491,1.2554475485302017,,,90125
503,19,,,,19.0,,,2614.0755089996383,,,,2614.0755089996383,,,,,,1.684882011572782,,,102158
504,17,,,,17.0,,,2583.89318299992,,,,2583.89318299992,,,,,,1.371712780107224,,,103432
505,20,,,8.0,12.0,,,6746.655196999665,,,5167.810937999748,1171.8796529998071,,,,,1.4876618781356599,2.177195828944195,,,103829
506,16,,,,16.0,,,1193.8242700002156,,,,1193.8242700002156,,,,,,1.4865053358748992,,,105618
507,22,,,,22.0,,,1873.9362500002608,,,,1873.9362500002608,,,,,,1.655690189956403,,,115589
508,20,,,7.0,13.0,,,6753.30517499987,,,5110.031864000019,1290.3444679998793,,,,,1.0878720460556182,1.6297798334415015,,,118914
509,26,,,8.0,18.0,,,8070.853394000325,,,5191.8128270003945,2607.785589999985,,,,,1.6202934959919841,1.852800983900696,,,129010
510,23,,,8.0,15.0,,,7753.71884300001,,,5377.078299000394,2155.0655439998955,,,,,1.0580291785111058,1.3553937789543349,,,129814
511,18,,,,18.0,,,2904.007929000072,,,,2904.007929000072,,,,,,1.55000421599112,,,130871
512,26,,,8.0,18.0,,,8197.606568999588,,,5234.70355999982,2690.6647099996917,,,,,1.633578497479695,1.6950411331954975,,,131117
513,25,,,,25.0,,,2649.7487149997614,,,,2649.7487149997614,,,,,,1.319697032863392,,,131509
514,17,,,,17.0,,,2170.0225579999387,,,,2170.0225579999387,,,,,,3.1600083740933127,,,134440
515,50,,,,50.0,,,2633.8312150002457,,,,2633.8312150002457,,,,,,3.0286048869322224,,,134439
516,17,,,,17.0,,,2801.331759000197,,,,2801.331759000197,,,,,,1.716271284195705,,,136834
517,23,,,,23.0,,,2634.7518750000745,,,,2634.7518750000745,,,,,,1.6874482202865537,,,138549
518,21,,,8.0,13.0,,,7317.826071999967,,,5201.777391000185,1842.875521000009,,,,,1.1482121673380523,1.3368783221321314,,,138776
519,22,,,9.0,13.0,,,7276.0714620002545,,,5377.1162189999595,1736.298993000295,,,,,1.4938109192904627,2.433195806435145,,,139457
520,26,,,,26.0,,,2801.1954739997163,,,,2801.1954739997163,,,,,,1.322616871001291,,,143291
521,16,,,,16.0,,,2524.054086000193,,,,2524.054086000193,,,,,,2.049821812067849,,,144988
522,25,,,7.0,18.0,,,8047.984343999997,,,5085.0026309997775,2795.2542830002494,,,,,1.2562967347113905,2.134610996434862,,,145809
523,38,,,5.0,33.0,,,8102.652256732807,,,5101.965844733175,2633.8292239997536,,,,,0.9482611159957614,1.2012598853673293,,,147231
524,30,,,,30.0,,,2524.0424999999814,,,,2524.0424999999814,,,,,,1.4431287087815043,,,146775
525,35,,,,35.0,,,2801.291319000069,,,,2801.291319000069,,,,,,1.6064618442216474,,,150433
526,17,,,,17.0,,,2524.047695999965,,,,2524.047695999965,,,,,,1.4666129343857168,,,150698
527,24,,,7.0,17.0,,,8102.752185000107,,,5218.788528000005,2633.8379170000553,,,,,0.9726575268067271,1.3042832602137155,,,151877
528,19,,,,19.0,,,2905.99151599966,,,,2905.99151599966,,,,,,1.4669920116987107,,,151995
529,24,,,6.0,18.0,,,8101.792379999999,,,5218.755146000069,2632.829304999672,,,,,1.5172635329184494,1.611344784217406,,,152792
530,46,,,,46.0,,,2795.209038999863,,,,2795.209038999863,,,,,,1.3148667162187841,,,156365
531,32,,,8.0,24.0,,,8026.058201000094,,,5063.159971000161,2796.234769000206,,,,,1.1231870294246304,1.286376436563259,,,156826
532,25,,,7.0,18.0,,,7742.820418999996,,,4777.888786999974,2878.0978010003455,,,,,0.9972154171548563,1.1159767998649515,,,157881
533,24,,,,24.0,,,2113.057963000145,,,,2113.057963000145,,,,,,3.354848822547509,,,159063
534,30,,,,30.0,,,2634.80517399963,,,,2634.80517399963,,,,,,1.7767737298723656,,,160693
535,18,,,,18.0,,,2796.2365049999207,,,,2796.2365049999207,,,,,,1.4268090730162661,,,161848
536,39,,,7.0,32.0,,,8097.7680529998615,,,5098.909742000047,2633.8437850000337,,,,,1.1768902886090384,1.3800696687432008,,,164507
537,21,,,7.0,14.0,,,6319.733325999696,,,5141.835744999815,1090.9623610000126,,,,,1.8197349926401307,2.9671617734182023,,,167216
538,24,,,8.0,16.0,,,7692.818310898263,,,5169.865857898258,2223.8859369996935,,,,,1.475084636464252,1.6111065320815166,,,167389
539,29,,,9.0,20.0,,,8339.220025999937,,,5384.362352999859,2788.2333789998665,,,,,1.971184675314452,2.1394082818427096,,,167665
540,41,,,,41.0,,,2605.9671990000643,,,,2605.9671990000643,,,,,,1.3995850100760983,,,170174
541,24,,,,24.0,,,2906.005834857002,,,,2906.005834857002,,,,,,1.3047173633953295,,,171067
542,26,,,7.0,19.0,,,8339.193955000024,,,5383.2965130000375,2870.0819100001827,,,,,1.1391309283678719,1.3702465056182895,,,171665
543,15,,,,15.0,,,2513.1919909999706,,,,2513.1919909999706,,,,,,1.5089359480811118,,,172310
544,44,,,,44.0,,,2647.777431000024,,,,2647.777431000024,,,,,,1.490532946697281,,,172513
545,21,,,6.0,15.0,,,7078.655075999908,,,5154.046702098567,1840.9246180001646,,,,,1.0174440116120316,1.6629479702324548,,,173818
546,93,,,63.0,30.0,,,8061.978937999811,,,5106.144215999637,2870.0532979997806,,,,,1.173147142587532,1.7468212082320274,,,175541
547,20,,,8.0,12.0,,,6935.063701999839,,,5104.059893999714,1771.1964230001904,,,,,1.633177591903708,2.782904674148929,,,230409
548,19,,,,19.0,,,2870.0947110001,,,,2870.0947110001,,,,,,1.3783263700418127,,,176982
549,20,,,8.0,12.0,,,6568.122013000306,,,5121.0983330002055,1361.1915040002204,,,,,1.2312979631839234,1.9569660554568211,,,230999
550,14,,,,14.0,,,1808.160613999702,,,,1808.160613999702,,,,,,2.029769971559598,,,180684
551,22,,,6.0,16.0,,,7049.710818000138,,,5151.797948000021,1812.0419090003707,,,,,0.8116975383028553,1.2232056596477785,,,181234
552,32,,,7.0,25.0,,,8114.681013100315,,,5150.859261000063,2903.9890901003964,,,,,0.9791156966385314,1.8015334259233209,,,183870
553,23,,,,23.0,,,2815.319223999977,,,,2815.319223999977,,,,,,2.2104654315694723,,,185295
554,76,,,8.0,36.0,32.0,,7357.922574999742,,,3674.9305349998176,1503.8863079999574,2951.858787999954,,,,1.719678635342738,1.7889807089879728,8.488828861614921,,187897
555,15,,,,15.0,,,1812.0239120000042,,,,1812.0239120000042,,,,,,2.1677384410521503,,,188510
556,22,,,,22.0,,,2375.339259999804,,,,2375.339259999804,,,,,,1.6407553787041884,,,189625
557,29,,,7.0,22.0,,,8100.89974785829,,,5101.95227185823,2648.755011000205,,,,,1.2275263215657581,1.7068436046409619,,,192020
558,23,,,8.0,15.0,,,6891.186296000145,,,5099.215856021736,1427.1673270002939,,,,,1.3335729191731933,1.606884506842604,,,192344
559,15,,,,15.0,,,1772.1718990001827,,,,1772.1718990001827,,,,,,3.327026402094431,,,193901
560,35,,,5.0,30.0,,,6772.576212999877,,,4563.714234000072,1840.929825999774,,,,,13.035359131582922,2.6106230059963202,,,200565
561,26,,,7.0,19.0,,,8077.925361999776,,,4894.67114900006,2830.167800999712,,,,,1.4461151272796793,1.6685077664123178,,,200538
562,21,,,8.0,13.0,,,6237.094376999885,,,4782.9893769999035,1101.0100460001267,,,,,6.739750689075979,8.195446949763845,,,201203
563,20,,,,20.0,,,1838.9815159998834,,,,1838.9815159998834,,,,,,3.3913053209392925,,,206387
564,23,,,7.0,16.0,,,7347.947258000262,,,4727.988554000389,2212.8185999998823,,,,,1.1276821258466834,1.252820477552048,,,207874
565,43,,,8.0,20.0,15.0,,7431.879447999876,,,4832.752468999941,2127.059594999999,2952.0007750000805,,,,1.8661588158738447,2.097882995920761,10.947936549834225,,209875
566,22,,,,22.0,,,1101.8665739996359,,,,1101.8665739996359,,,,,,1.5320574353905405,,,210312
567,17,,,,17.0,,,1403.1235179998912,,,,1403.1235179998912,,,,,,1.5095623882036646,,,210392
568,10,,,10.0,,,,5051.293284999672,,,5051.293284999672,,,,,,1.330781560125236,,,,210460
569,71,,,8.0,63.0,,,8159.738553999923,,,5197.862060999963,2919.8934260001406,,,,,1.1774822519970496,1.1761680312152674,,,211038
570,69,,,43.0,26.0,,,5878.129975000396,,,5054.234165000264,682.0902430000715,,,,,1.1452990846190163,1.7170920624551234,,,212291
571,41,,,7.0,34.0,,,8278.305587999988,,,5404.10035600001,2814.3105679997243,,,,,1.1084220625541832,1.4550988259872564,,,212801
572,27,,,7.0,20.0,,,8069.961997000035,,,4832.8063950003125,2814.286284999922,,,,,1.3403768857670377,1.2550128272996177,,,213628
573,31,,,7.0,24.0,,,8069.942154999822,,,4832.778012000024,2830.153483999893,,,,,1.4095935143233593,1.410912354361401,,,217004
574,14,,,,14.0,,,1100.9559260001406,,,,1100.9559260001406,,,,,,1.9991970484256494,,,218168
575,33,,,8.0,25.0,,,7933.125079732388,,,5046.109894732479,2480.98027799977,,,,,1.48301429734722,1.4365149399226482,,,218209
576,20,,,,20.0,,,543.6892240000889,,,,543.6892240000889,,,,,,1.6122092407252318,,,219542
577,19,,,,19.0,,,1101.945000000298,,,,1101.945000000298,,,,,,1.5450420416946933,,,222697
578,30,,,,30.0,,,2830.180810000282,,,,2830.180810000282,,,,,,1.2571913545840485,,,223498
579,27,,,,27.0,,,2622.7668059999123,,,,2622.7668059999123,,,,,,1.428894607497661,,,223691
580,74,,,26.0,48.0,,,7997.064044000115,,,4758.962654999923,2829.1018860000186,,,,,1.0655129788952777,1.272856009341489,,,6734
581,31,,,24.0,7.0,,,6325.619663999882,,,5392.975994999986,737.9471180001274,,,,,1.313151182125336,1.3794897178894745,,,115404a
582,46,,15.0,15.0,16.0,,,8071.8290810002945,,1232.796895999927,5121.933306000195,2567.959826000035,,,,2.90795514038195,1.3404763763355954,1.3616104981738812,,,88986
583,29,,,17.0,12.0,,,6891.008266000077,,,5409.072027999908,1097.961968000047,,,,,1.0069680185384886,1.4988538818665291,,,38a
584,51,,,32.0,19.0,,,7783.8786839996465,,,5148.971231000032,2574.9040509997867,,,,,2.1297870387372395,1.8035826298856792,,,239960
585,288,,130.0,100.0,58.0,,,8316.00709699979,,2142.102837000042,5252.768011999782,2842.1440859995782,,,,1.9483199492792385,1.0739737566143455,1.1981536294093962,,,11964a
586,74,,31.0,14.0,29.0,,,8282.20800599968,,1767.9991139997728,4370.944908999838,2904.040937999729,,,,2.4931278633283624,1.0929450893792416,1.3137946901357584,,,135101a
587,33,,,11.0,22.0,,,8142.692715000361,,,5269.697368000168,2620.7430560002103,,,,,1.2993409203787736,1.3082123522849867,,,13612b
588,109,,13.0,89.0,7.0,,,6325.699157000054,,393.76467100251466,5394.0565059999935,768.9918060000055,,,,2.0686776859911746,0.9972184993686405,2.0503929176622693,,,140538a
589,90,,,57.0,33.0,,,8233.323441999964,,,5269.320293999743,2796.2244330001995,,,,,1.3463862989924582,1.2887923064614468,,,145958a
590,78,,,42.0,36.0,,,7712.920940999873,,,4748.924101000186,2796.222592999693,,,,,1.2618691840613185,1.2923832088389493,,,145958b
591,70,,,49.0,21.0,,,8102.866856941488,,,5220.833477941342,2633.8423140002415,,,,,1.303209238630176,1.5467523551091908,,,146362b
592,24,,,11.0,13.0,,,6712.740761000197,,,4962.644962000195,1499.976274000015,,,,,0.7665197336198893,1.2570059742416366,,,147379a
593,28,,,16.0,12.0,,,6615.906543000136,,,4865.82503800001,1499.9754510000348,,,,,1.207592261593516,2.2113692472809063,,,147379b
594,45,,,32.0,13.0,,,6958.157823000103,,,4748.096537999809,1838.0854400000535,,,,,1.0586801180651073,1.3824114244694137,,,178911b
595,33,,,13.0,20.0,,,8143.728507000022,,,5269.664259000216,2623.7981139998883,,,,,1.767816046657014,1.5558570796392108,,,21019a
596,77,,,42.0,35.0,,,8281.23191699991,,,5094.948905451689,2831.1376280002296,,,,,1.004871299040135,1.1929076060621424,,,219834b
597,43,,,24.0,19.0,,,6606.919128000271,,,5124.973226000089,1167.7512150001712,,,,,0.7963277738943049,1.7011108535700763,,,38b
598,66,,,46.0,,20.0,,9235.972482000012,,,5189.871837999672,,2190.215731000062,,,,0.9749702842131556,,7.747441611905009,,4614b
599,22,,,10.0,12.0,,,6550.999846999999,,,5408.037705999799,892.7163080000319,,,,,3.806683991121446,4.809923828857119,,,6872a
600,30,,,19.0,11.0,,,8143.802809000015,,,5271.689393999986,2560.081238999963,,,,,1.3515471781529242,1.7106730984237681,,,9540a
601,27,,,27.0,,,,5280.697811000049,,,5280.697811000049,,,,,,1.2625548160499303,,,,97101b
602,22,,,22.0,,,,314.0145800001919,,,314.0145800001919,,,,,,3.6529261455744857,,,,bd+312447
603,59,,,59.0,,,,2295.751290000044,,,2295.751290000044,,,,,,1.8735867316433412,,,,gj3470
604,69,,,69.0,,,,661.1203619996086,,,661.1203619996086,,,,,,1.1463391719556997,,,,gj9827
605,36,,,26.0,10.0,,,6953.9970980002545,,,5124.119934000075,1444.0190739999525,,,,,1.2948609773784199,2.03726320288579,,,gl109
606,40,,,28.0,12.0,,,7582.057188999839,,,5020.102467000019,2210.7935179998167,,,,,1.3606386872557508,1.8893784626999746,,,gl2066
607,40,,,28.0,12.0,,,7549.1355410004035,,,5086.974442000035,2085.1002890001982,,,,,1.398893664752895,2.275199640138935,,,gl226
608,58,,,46.0,12.0,,,7557.161056000274,,,5028.201958999969,2084.1747680003755,,,,,1.3366531270002295,1.922749510831102,,,gl239
609,31,,,31.0,,,,4846.836411000229,,,4846.836411000229,,,,,,1.2731104281783205,,,,gl250b
610,42,,,18.0,24.0,,,6783.294721999671,,,5126.03240699973,1407.1025109998882,,,,,1.4677118005575445,3.0478984862605314,,,gl26
611,42,,,42.0,,,,5122.90320800012,,,5122.90320800012,,,,,,2.0335378654554517,,,,gl317
612,47,,,35.0,12.0,,,7807.798589000013,,,5277.677443999797,2149.1452770000324,,,,,1.599602454757967,2.6444535786466856,,,gl357
613,39,,,21.0,18.0,,,7819.345620000269,,,5057.959879000206,2410.1990280002356,,,,,0.9670686720012985,1.513382359413579,,,gl382
614,39,,,21.0,10.0,8.0,,8621.365807999857,,,3301.9516179999337,980.0258559999056,3135.345358000137,,,,0.8576304716881306,1.8697991351517764,18.752935248573223,,gl388
615,53,,,35.0,18.0,,,7505.288137000054,,,4715.099931000266,2438.089873000048,,,,,1.1119925162017947,1.7809651318094808,,,gl393
616,41,,,25.0,16.0,,,7450.770081999712,,,5280.806528999936,1844.8483099997975,,,,,1.151059187913053,1.370559293870959,,,gl397
617,54,,,37.0,17.0,,,7952.09355599992,,,5189.83781500021,2469.2597340000793,,,,,1.245539183013431,1.975303665031806,,,gl408
618,98,,,73.0,17.0,8.0,,9843.031719000079,,,5121.861816857941,2471.322395999916,1789.0782979996875,,,,0.9575733735360195,1.5285793369566127,12.901222335565866,,gl412a
619,34,,,24.0,10.0,,,7359.904884999618,,,5190.840231999755,1818.0019910000265,,,,,1.1891938140603013,2.0725355858000514,,,gl433
620,55,,,41.0,14.0,,,7651.990614000242,,,5093.128438999876,2177.9655200000852,,,,,1.5309514297608309,2.680403534182747,,,gl445
621,35,,,19.0,16.0,,,7651.866473000031,,,5092.995119000319,2177.9756359998137,,,,,1.1734554190602462,1.8497885862943568,,,gl450
622,51,,6.0,30.0,15.0,,,7674.086507000029,,29.764408343937248,4940.340743000153,2530.07489599986,,,,1.869399286621634,1.194472483877207,1.9758920018212314,,,gl48
623,62,,,37.0,25.0,,,7749.808956999797,,,4896.733320000116,2650.812326999847,,,,,0.9705327894362594,1.5950688032726583,,,gl514
624,20,,,9.0,11.0,,,6429.284477000125,,,5066.0590829998255,1091.0562850004062,,,,,1.1233590661850643,2.5860277840653754,,,gl569a
625,51,,,35.0,16.0,,,7786.693993395194,,,5218.769444395322,2317.7792480001226,,,,,1.402046809893608,2.373123732175701,,,gl625
626,24,,,12.0,12.0,,,6631.8329529999755,,,5096.014747000299,1448.9920139997266,,,,,1.588813376082678,2.4807336107959905,,,gl667c
627,70,,,51.0,19.0,,,7703.904378000181,,,4829.890118999872,2576.911261000205,,,,,1.043632183890886,1.9758312675718293,,,gl686
628,103,,,77.0,26.0,,,7663.03341699997,,,4787.932913108729,2576.0198609996587,,,,,0.943364980102267,1.540965003461627,,,gl687
629,50,,,31.0,19.0,,,7310.937007999979,,,4836.903326999862,2223.896643999964,,,,,1.2999987679731602,2.528979139620025,,,gl694
630,243,,37.0,131.0,60.0,15.0,,11438.81302900007,,304.15628599980846,5158.810341000091,2593.742164391093,7000.787341000047,,,1.8130290454817286,1.1749515076996255,1.796301823210832,20.557089084065243,,gl699
631,29,,,17.0,12.0,,,7301.9856130001135,,,4805.8342820000835,2197.1308329999447,,,,,1.3369054873299218,2.4882999052052766,,,gl745a
632,27,,,14.0,13.0,,,7301.933437000029,,,4805.83395800041,2197.064084999729,,,,,1.1793455010847165,2.485078316656254,,,gl745b
633,32,,,19.0,13.0,,,7381.991545000114,,,5151.010642000008,2172.0323960003443,,,,,1.268595301909999,2.0022032664242224,,,gl793
634,75,,,58.0,17.0,,,7783.856822000351,,,5145.01007400034,2579.8970949999057,,,,,1.476127093511198,2.210507224966381,,,gl806
635,24,,,16.0,8.0,,,6953.03327499982,,,5123.990091999993,1578.7081479998305,,,,,2.2325280275846944,3.1223368240501963,,,gl83.1
636,94,,14.0,63.0,17.0,,,6953.935494999867,,159.75858899997547,5123.003341999836,1635.5825579999946,,,,2.588988199215357,1.2060392769665853,2.7556480243299384,,,gl87
637,26,,,14.0,12.0,,,7285.069833000191,,,4992.332204999868,2187.0528710000217,,,,,2.5302270647436407,3.807389508263628,,,gl905
638,222,,97.0,85.0,27.0,13.0,,11444.863201000262,,720.9353949995711,5188.845689000096,2829.1342239999212,4400.959258000366,,,1.5474155900597744,1.1321070314230728,1.5426621461678622,15.479639120623514,,gl908
639,35,,,24.0,11.0,,,6361.6585670001805,,,4762.895140999928,1477.992465000134,,,,,1.5583649886561393,2.562828903852916,,,hip104432
640,106,,,82.0,24.0,,,8056.0411600000225,,,5423.17996800039,2590.863575999625,,,,,1.4472867172357793,3.164808211070147,,,hip109388
641,47,,,31.0,16.0,,,6782.322669000365,,,5124.110702000093,1316.1602770001628,,,,,0.9873294837963998,1.8991817094225953,,,hip11048
642,29,,,11.0,18.0,,,6290.98325900035,,,4782.978965000249,1101.9669090001844,,,,,1.6730821432168597,2.632304692743349,,,hip112460
643,27,,,13.0,14.0,,,6201.042269000318,,,5044.058484000154,750.9568640002981,,,,,1.3816049699916333,1.7105442505596333,,,hip114914
644,21,,,11.0,10.0,,,6441.29345300002,,,5037.192677999847,1297.234872000292,,,,,1.8336847385991843,3.4973902557151053,,,hip115332
645,41,,,41.0,,,,743.9524860000238,,,743.9524860000238,,,,,,1.0408216833053099,,,,hip117559
646,25,,,25.0,,,,5037.163586000446,,,5037.163586000446,,,,,,2.152900414335281,,,,hip117886
647,22,,,13.0,9.0,,,6266.991867000237,,,5124.997063999996,827.8692479999736,,,,,0.9888159209985327,1.6361889079971812,,,hip1368
648,37,,,37.0,,,,5329.618695999961,,,5329.618695999961,,,,,,1.0932441807016768,,,,hip19165
649,35,,,26.0,9.0,,,6535.973323000129,,,4813.790777000133,1318.262419000268,,,,,1.2896744557444761,2.4366114123936775,,,hip21556
650,51,,,40.0,11.0,,,6911.017318000086,,,5188.873904000036,1436.0009720004164,,,,,2.145811083366932,4.49689832060017,,,hip22627
651,41,,,34.0,7.0,,,6393.342792000156,,,4672.055985999759,1317.3116900003515,,,,,1.497994493441349,4.019709187595893,,,hip22762
652,20,,,12.0,8.0,,,6799.281864000019,,,5012.2584730000235,1347.2620600000955,,,,,1.9750162077824838,4.087344887745251,,,hip23512
653,29,,,29.0,,,,5083.07253499981,,,5083.07253499981,,,,,,1.3891220484123956,,,,hip24284
654,26,,,26.0,,,,3220.118462000042,,,3220.118462000042,,,,,,1.2327014667950795,,,,hip30112
655,24,,,14.0,10.0,,,6136.2358630001545,,,4348.029786000028,1464.9092940003611,,,,,1.847477356321341,3.1200511272950275,,,hip36834
656,22,,,14.0,8.0,,,6168.975033000112,,,4344.030009999871,1532.8908680002205,,,,,2.439731335948851,4.541638607380652,,,hip37766
657,30,,,30.0,,,,1126.9465470002033,,,1126.9465470002033,,,,,,2.0658842430216744,,,,hip40774
658,39,,,39.0,,,,5190.725716999732,,,5190.725716999732,,,,,,1.6149860147688893,,,,hip41689
659,44,,,25.0,19.0,,,6607.896785999648,,,5125.951739999931,1232.6103129996918,,,,,1.0633395390780014,1.8972331872779244,,,hip428
660,22,,,9.0,13.0,,,6947.797326000407,,,5122.858958000317,1473.7741210004315,,,,,1.8154543089675816,4.003164647383586,,,hip46655
661,25,,,25.0,,,,5246.844724999741,,,5246.844724999741,,,,,,1.374844464373983,,,,hip46769
662,37,,,28.0,9.0,,,6535.984811999835,,,4719.033977999818,1437.0314699998125,,,,,1.3086027302969776,2.116540436383716,,,hip47513
663,21,,,9.0,12.0,,,6939.907354999799,,,5121.959819999989,1465.9119669999927,,,,,1.1379751113796521,1.4524140509249246,,,hip48714
664,22,,,13.0,9.0,,,7007.704191999976,,,5190.682860999834,1465.876134000253,,,,,1.832282508398172,3.385140359344457,,,hip53020
665,33,,,24.0,9.0,,,6939.899409999605,,,5092.986457999796,1466.087407999672,,,,,1.1136701514830136,1.608474365839079,,,hip55360
666,61,,,53.0,8.0,,,6910.9391099996865,,,5093.009943000041,1496.058749999851,,,,,2.8036121463006483,3.8242273167344076,,,hip57050
667,45,,,45.0,,,,3325.999413999729,,,3325.999413999729,,,,,,1.1830341950795944,,,,hip60633
668,63,,,44.0,19.0,,,6950.972385999747,,,5292.292801999953,1463.974363999907,,,,,2.8966380082474203,3.684556642218937,,,hip63510
669,22,,,12.0,10.0,,,6750.691866999958,,,4932.71928599989,1490.916203000117,,,,,0.9291712787922912,1.7052722986711517,,,hip66459
670,20,,,10.0,10.0,,,7035.808105999604,,,5192.791786999907,1597.7497560000047,,,,,1.6611448468301377,4.034346050084001,,,hip67164
671,27,,,27.0,,,,339.93367800023407,,,339.93367800023407,,,,,,1.0683815231280576,,,,hip67285
672,19,,,19.0,,,,4906.685220000334,,,4906.685220000334,,,,,,1.764463322730774,,,,hip70865
673,28,,,18.0,10.0,,,7035.790041000117,,,5192.764833000023,1571.7835880001076,,,,,1.9881438040321888,3.215093934501227,,,hip70975
674,26,,,13.0,13.0,,,7098.384320999961,,,5084.007874000352,1743.1346529996954,,,,,1.5674739469321088,2.7604391076971195,,,hip71253
675,37,,,21.0,16.0,,,7555.5461579998955,,,4969.642882000189,2236.9523269999772,,,,,1.4794661785793304,2.2618992291553366,,,hip71898
676,139,,,127.0,12.0,,,7082.390106000006,,,5252.327246999834,1667.391759000253,,,,,1.1151596009671727,2.5078208879641526,,,hip74995
677,37,,,29.0,8.0,,,6516.979258999694,,,4860.661828999873,1344.3029169999063,,,,,1.4349136851986843,3.211387917421184,,,hip8051
678,63,,,45.0,18.0,,,6854.113332000095,,,4836.77392200008,1744.163935000077,,,,,1.3579680584965317,4.090415214535383,,,hip80824
679,64,,,40.0,24.0,,,6980.883603000082,,,4960.583372000139,1785.98847200023,,,,,0.9756374327468522,1.6209455797191579,,,hip83043
680,30,,,17.0,13.0,,,6616.950298000127,,,5057.071119999979,1395.1467590001412,,,,,1.9018274289249752,2.8718542478699947,,,hip84099
681,24,,,12.0,12.0,,,5950.829247999936,,,4412.9776389999315,1451.0343169998378,,,,,1.506865626685136,3.2613204319520914,,,hip86961
682,27,,,27.0,,,,1800.8799640000798,,,1800.8799640000798,,,,,,1.414553772502346,,,,hip87579
683,31,,,31.0,,,,1803.0375100001693,,,1803.0375100001693,,,,,,1.4496011941580882,,,,hip91605
684,78,,,78.0,,,,2352.6987623097375,,,2352.6987623097375,,,,,,0.8441873524048658,,,,hip94931
685,52,,,35.0,17.0,,,6622.732255000155,,,4336.963320000097,2198.9213660000823,,,,,1.0902391483546388,1.6411941972299322,,,s122446
686,60,,,42.0,18.0,,,8047.891681999899,,,5270.6153400000185,2436.140172999818,,,,,0.9677831450394971,1.3452871818715733,,,s130811
687,28,,,28.0,,,,211.36624799994752,,,211.36624799994752,,,,,,11.340825207191518,,,,tyc2597-735-1
688,19,,,,19.0,,,1581.7417020001449,,,,1581.7417020001449,,,,,,4.514466584309275,,,531a
689,26,,,8.0,18.0,,,7308.036243999843,,,5413.066337000113,1555.9318749997765,,,,,2.029842236121293,4.296346094882072,,,531b
690,21,,,9.0,12.0,,,6785.222118000034,,,4435.87586800009,1615.331364999991,,,,,1.3675325366582767,3.563717510776012,,,gl47
691,25,,,8.0,17.0,,,7697.083382000215,,,4433.00862500025,2530.0598380002193,,,,,0.900164298821302,1.4268602971474642,,,gl49
692,20,,,8.0,12.0,,,7351.998576999642,,,4758.964850999881,2184.034860999789,,,,,2.220613479963733,3.312919882766016,,,hip5643
693,21,,,11.0,10.0,,,6267.880583000369,,,5125.938732000068,736.9701150003821,,,,,2.5511149294639566,3.0924988473218704,,,9518a
694,21,,,10.0,11.0,,,6236.009359000251,,,5125.066684999969,705.9732640003785,,,,,1.9271542541218416,4.007562124833344,,,s11844
695,16,,,,16.0,,,1443.0287740002386,,,,1443.0287740002386,,,,,,2.8286338442793815,,,hip10449
696,21,,,9.0,12.0,,,6976.919838999864,,,5147.902559000067,1578.7360299997963,,,,,3.311313654063659,10.163563248948137,,,hip15904
697,21,,,9.0,12.0,,,7196.239744999912,,,5128.9532050001435,1727.1598499999382,,,,,3.0462467208376065,8.314376410878483,,,hip16404
698,32,,,19.0,13.0,,,7579.099088000134,,,5017.125731000211,2181.944306000136,,,,,2.0724558390509293,1.9875585200917698,,,gl273
699,20,,,8.0,12.0,,,6928.917704000138,,,4729.868792000227,1846.8431250001304,,,,,1.6841427557193183,2.6664202328797586,,,g161-29
700,22,,,11.0,11.0,,,6532.077624000143,,,4743.910703000147,1464.9005669998005,,,,,2.2628773591426885,2.2119634076850403,,,hip51007
701,22,,,10.0,12.0,,,6429.164026000071,,,5121.914708999917,982.1667710002512,,,,,1.5932729169651063,2.196414636305464,,,92222a
702,35,,,8.0,27.0,,,7272.017196999863,,,5046.095402999781,1845.9298270000145,,,,,2.906134209702076,1.8070126309386048,,,bd-103166
703,29,,,19.0,10.0,,,6561.981679999735,,,4716.056459999643,1465.075890999753,,,,,2.773593488214694,2.4874506900743008,,,hip54532
704,150,,,108.0,42.0,,,7007.851968999952,,,5220.788658000063,1644.548750353977,,,,,1.4055461080195681,2.3402857734949345,,,hip57087
705,15,,,,15.0,,,1898.8882289999165,,,,1898.8882289999165,,,,,,6.184685331873289,,,hip57450
706,20,,,7.0,13.0,,,7311.02946700016,,,4924.661574000027,2034.2750810002908,,,,,1.4869387359348858,2.9479742053381597,,,hip57548
707,9,,,9.0,,,,5277.659461999778,,,5277.659461999778,,,,,,2.273187959751664,,,,hip59406b
708,19,,,8.0,11.0,,,6747.657724999823,,,4898.804461999796,1465.9500459996052,,,,,1.727010336065868,3.2699681934053015,,,hip60559
709,21,,,8.0,13.0,,,7478.6822740002535,,,5410.084068000317,1845.9508099998347,,,,,1.332484521651463,2.708944625586514,,,g60-06
710,25,,,7.0,18.0,,,7693.898918999825,,,5131.933178000152,2206.930046999827,,,,,1.6633495941665633,2.925198190049392,,,gl486
711,30,,,7.0,23.0,,,7508.31520000007,,,5092.986843999941,2212.0040620001964,,,,,1.4239344711705146,2.3116121016853732,,,111484b
712,19,,,,19.0,,,2088.1437610001303,,,,2088.1437610001303,,,,,,2.4788917190243365,,,111484a
713,17,,,,17.0,,,1844.8955790000036,,,,1844.8955790000036,,,,,,1.2818110549107278,,,gl528b
714,21,,,8.0,13.0,,,7322.776821999811,,,5234.670039999764,1761.0337270000018,,,,,0.9583945260157334,1.6943453303395606,,,120476a
715,58,,,,58.0,,,2921.0366090000607,,,,2921.0366090000607,,,,,,1.2938596052525835,,,s101438b
716,14,,,,14.0,,,1842.820624999702,,,,1842.820624999702,,,,,,2.146559511384856,,,hip80295
717,16,,,,16.0,,,1476.972153000068,,,,1476.972153000068,,,,,,3.036984961136273,,,hip84790
718,10,,,,10.0,,,1744.1602889997885,,,,1744.1602889997885,,,,,,10.59743889665148,,,hip87062
719,11,,,,11.0,,,1744.1753480001353,,,,1744.1753480001353,,,,,,3.1587426118249584,,,hip89215
720,12,,,,12.0,,,1475.0457059997134,,,,1475.0457059997134,,,,,,3.66132618943318,,,lhs462
721,9,,,,9.0,,,1474.036042000167,,,,1474.036042000167,,,,,,3.822668907180086,,,g205-028
722,12,,,,12.0,,,1770.1719559999183,,,,1770.1719559999183,,,,,,2.718308090549953,,,gl4063
723,20,,,7.0,13.0,,,6944.864244000055,,,5102.846951999702,1475.9076620000415,,,,,1.6148409839574829,3.078416781660087,,,hip91699
724,27,,,8.0,19.0,,,7407.702467000112,,,5151.8959280001,2169.9713889998384,,,,,1.3338091581400793,2.8127076350692533,,,hip92403
725,18,,,8.0,10.0,,,6922.074093000032,,,5076.0851580002345,1474.0022220001556,,,,,1.5338600469788952,3.33349502442823,,,g207-019
726,19,,,,19.0,,,1757.1104739997536,,,,1757.1104739997536,,,,,,3.2558635888927907,,,195019b
727,17,,,,17.0,,,2238.8594899997115,,,,2238.8594899997115,,,,,,3.4031074634437393,,,hip103039
728,18,,,,18.0,,,1839.0129049997777,,,,1839.0129049997777,,,,,,6.314470529460395,,,hip103269
729,15,,,,15.0,,,1786.9580199997872,,,,1786.9580199997872,,,,,,7.582818811177836,,,hip106924
730,24,,,7.0,17.0,,,6197.094936999958,,,4990.21793399984,1063.0725579997525,,,,,1.1895040540246402,1.5400028418593397,,,5470
731,31,,,31.0,,,,1799.058466666378,,,1799.058466666378,,,,,,1.326289708631887,,,,127506
732,41,,,38.0,3.0,,,4954.293030000292,,,4360.036768404301,346.0862970002927,,,,,1.2474399976946648,1.5606644324438768,,,144287
733,26,,,12.0,14.0,,,7353.84259600006,,,5057.014227000065,2165.0290979999118,,,,,2.7726096302393914,3.8152755069819966,,,18445
734,25,,,11.0,14.0,,,7065.773418999743,,,5138.119622999802,1577.6646869997494,,,,,1.3902298519118086,1.2396487217836294,,,29461
735,35,,,18.0,17.0,,,8028.016609999817,,,5188.856863999739,2462.1342130000703,,,,,1.6511137909434925,1.6508937510977855,,,30649
736,34,,,18.0,16.0,,,7638.140724000055,,,5174.816789000295,2087.3318630000576,,,,,1.7063268545750923,1.5737762404977285,,,31412
737,171,,78.0,52.0,41.0,,,8195.67621400021,,1946.9077110001817,5375.582938999869,2652.81173293991,,,,2.560076795808581,1.566699894415814,1.5079697471565379,,,37124
738,56,,,29.0,27.0,,,7925.23534299992,,,5018.070724999998,2526.0377310002223,,,,,1.2405337960695764,1.188236321488117,,,65430
739,54,,,30.0,24.0,,,7016.759622000158,,,5265.646184000187,1437.0003709997982,,,,,1.1962700299344131,1.5312574167899617,,,68988
740,88,,,55.0,33.0,,,6436.180552999955,,,5045.227948999964,1191.8464956902899,,,,,1.0889731609250797,1.8017710116743635,,,80606
741,305,,92.0,54.0,19.0,,140.0,8223.54712100001,,2054.638396000024,5419.969723000191,2610.8955440004356,,7341.8876134096645,,2.8788835835547375,1.5279162964999125,1.4143328059194002,,4.72,120066
742,34,,,29.0,5.0,,,4775.926143999677,,,4395.900854999665,87.9856710000895,,,,,1.3322729497280497,1.9105284740463793,,,hip42220
743,26,,,16.0,10.0,,,6114.110702000093,,,5201.731119000353,681.0720250001177,,,,,1.8444981281213213,1.9025672730848027,,,150554
