,curv,dvdt,e1,e2,e3,e4,gamma_apf,gamma_j,gamma_k,gamma_lick,jit_apf,jit_j,jit_k,jit_lick,k1,k2,k3,k4,num_planets,per1,per2,per3,per4,secosw1,secosw2,secosw3,secosw4,sesinw1,sesinw2,sesinw3,sesinw4,star,tc1,tc2,tc3,tc4,tp1,tp2,tp3,tp4,w1,w2,w3,w4
0,9.803269099573348e-06,0.015388606074859512,,,,,,-28.10878557532954,-30.186824321371255,,,2.888815461589773,5.735239568094472,,90.21400783160679,,,,1,8014.818440007057,,,,0.12376973616610858,,,,0.43550546056665057,,,,6558,-367.66909753109354,,,,,,,,,,,
1,-7.355213780330348e-08,-0.001982877982047478,,,,,,0.22875133281056548,-9.13858833945702,,,5.3596582385807725,2.830007646296999,,18.603863927154045,,,,1,828.8894396462475,,,,-0.05649120797791678,,,,-0.26102972964790483,,,,4208,260.54921597875045,,,,,,,,,,,
2,0.0,0.0,,,,,,0.0,0.0,,,2.0,2.0,,,,,,0,,,,,,,,,,,,,9540a,,,,,,,,,,,,
3,0.0,0.0,,,,,,0.0,0.0,,,2.0,2.0,,,,,,0,,,,,,,,,,,,,gl47,,,,,,,,,,,,
4,0.0,0.0,,,,,,0.0,0.0,,,2.0,2.0,,,,,,0,,,,,,,,,,,,,283,,,,,,,,,,,,
5,0.0,0.0,,,,,,0.0,0.0,,,2.0,2.0,,,,,,0,,,,,,,,,,,,,8038,,,,,,,,,,,,
6,0.0,0.0,,,,,,0.0,0.0,,,2.0,2.0,,,,,,0,,,,,,,,,,,,,gl26,,,,,,,,,,,,
7,0.0,0.0,,,,,,0.0,0.0,,,2.0,2.0,,,,,,0,,,,,,,,,,,,,9070,,,,,,,,,,,,
8,0.0,0.0,,,,,,0.0,0.0,,,2.0,2.0,,,,,,0,,,,,,,,,,,,,6872b,,,,,,,,,,,,
9,0.0,0.0,,,,,,0.0,0.0,,,2.0,2.0,,,,,,0,,,,,,,,,,,,,3074a,,,,,,,,,,,,
10,-5.217881868518106e-05,0.014193769119647506,,,,,,359.52036210133343,653.6058753361699,,,12.506855967248754,108.71641707843484,,426.04581878542433,,,,1,2074.775256187072,,,,0.0037291889284314216,,,,0.46318736936086224,,,,8765,844.7167325848973,,,,,,,,,,,
11,0.0,0.0,,,,,,0.0,0.0,,,2.0,2.0,,,,,,0,,,,,,,,,,,,,531a,,,,,,,,,,,,
12,0.0,0.0,,,,,,0.0,0.0,,,2.0,2.0,,,,,,0,,,,,,,,,,,,,6872a,,,,,,,,,,,,
13,0.0,0.0,,,,,,0.0,0.0,,,2.0,2.0,,,,,,0,,,,,,,,,,,,,gl49,,,,,,,,,,,,
14,-9.604790599531817e-05,0.7017310619599105,,,,,,19.80235356993006,300.86688195469225,,,1216.7190811073954,5.794450149009832,,811.6574794323973,,,,1,2028.9546759464497,,,,0.2790344052167134,,,,-0.16553379397425722,,,,5470,-2825.7586956533437,,,,,,,,,,,
15,0.0,0.0,,,,,,0.0,0.0,,,2.0,2.0,,,,,,0,,,,,,,,,,,,,9331,,,,,,,,,,,,
16,0.0,0.0,,,,,,0.0,0.0,,,2.0,2.0,,,,,,0,,,,,,,,,,,,,hip5643,,,,,,,,,,,,
17,0.0,0.0,,,,,,0.0,0.0,,,2.0,2.0,,,,,,0,,,,,,,,,,,,,225261,,,,,,,,,,,,
18,0.0,0.0,,,,,,0.0,0.0,,,2.0,2.0,,,,,,0,,,,,,,,,,,,,1388,,,,,,,,,,,,
19,0.0,0.0,,,,,,0.0,0.0,,,2.0,2.0,,,,,,0,,,,,,,,,,,,,4307,,,,,,,,,,,,
20,2.7905147433176704e-06,-0.0012839786677911883,,,,,,-2.326494376964889,-3.7659182319234588,,,2.8059530556665138,3.5395454907283583,,52.28115464514022,13.256950324106237,,,2,437.3963195063175,5102.664686434245,,,0.6336308009743724,0.13424944030681518,,,-0.3536270410722266,-0.2558277042795112,,,4203,-63.07837003955516,2454321.564170362,,,,,,,,,,
21,0.0,0.0,,,,,,0.0,0.0,,,2.0,2.0,,,,,,0,,,,,,,,,,,,,s11844,,,,,,,,,,,,
22,0.0,0.0,,,,,,0.0,0.0,,,2.0,2.0,,,,,,0,,,,,,,,,,,,,8328,,,,,,,,,,,,
23,0.0,0.0,,,,,,0.0,0.0,,,2.0,2.0,,,,,,0,,,,,,,,,,,,,5372,,,,,,,,,,,,
24,0.0,0.0,,,,,,0.0,0.0,,,2.0,2.0,,,,,,0,,,,,,,,,,,,,hip1368,,,,,,,,,,,,
25,0.0,0.0,,,,,,0.0,0.0,,,2.0,2.0,,,,,,0,,,,,,,,,,,,,1326b,,,,,,,,,,,,
26,0.0,0.0,,,,,,0.0,0.0,,,2.0,2.0,,,,,,0,,,,,,,,,,,,,9518a,,,,,,,,,,,,
27,-6.432180743213833e-07,0.002214108118889493,,,,,,-9.032683397946927,5.033147461697976,,,3.580814450496522,4.696639774748651,,12.990459205504244,,,,1,3407.8924700157654,,,,0.06743329653288886,,,,0.42999780782147284,,,,9986,-1494.8525984067378,,,,,,,,,,,
28,0.0,0.0,,,,,,0.0,0.0,,,2.0,2.0,,,,,,0,,,,,,,,,,,,,8648,,,,,,,,,,,,
29,0.0,0.0,,,,,,0.0,0.0,,,2.0,2.0,,,,,,0,,,,,,,,,,,,,531b,,,,,,,,,,,,
30,0.0,0.0,,,,,,0.0,0.0,,,2.0,2.0,,,,,,0,,,,,,,,,,,,,38b,,,,,,,,,,,,
31,0.0,0.0,,,,,,0.0,0.0,,,2.0,2.0,,,,,,0,,,,,,,,,,,,,6734,,,,,,,,,,,,
32,0.0,0.0,,,,,,0.0,0.0,,,2.0,2.0,,,,,,0,,,,,,,,,,,,,1832,,,,,,,,,,,,
33,0.0,0.0,,,,,,0.0,0.0,,,2.0,2.0,,,,,,0,,,,,,,,,,,,,38a,,,,,,,,,,,,
34,0.0,0.0,,,,,,0.0,0.0,,,2.0,2.0,,,,,,0,,,,,,,,,,,,,10002,,,,,,,,,,,,
35,0.0,0.0,,,,,,0.0,0.0,,,2.0,2.0,,,,,,0,,,,,,,,,,,,,2025,,,,,,,,,,,,
36,-1.065405112370936e-06,0.0024533723798807645,,,,,,1.262383952234201,-2.0009105305187154,15.168264812287811,,3.5827343207573183,7.4711575331314055,9.287524698996181,59.57724382471157,,,,1,227.13535220051608,,,,0.5119902389775601,,,,0.15858211916402154,,,,8574,32.811084083727515,,,,,,,,,,,
37,0.0,0.0,,,,,,0.0,0.0,,,2.0,2.0,,,,,,0,,,,,,,,,,,,,hip428,,,,,,,,,,,,
38,1.7922204771374282e-06,-0.09264374293105938,,,,,,116.53183436232786,91.76594867221911,,,1.7538112191133517,309.0139750109171,,8.508466774257954,3.566496874308937,,,2,3388.5575244161114,40.73281877015723,,,0.6125128649561317,0.29093785790898113,,,0.2363081862692907,-0.7068264567818746,,,4747,3598.9125119962355,2455188.0621437193,,,,,,,,,,
39,-6.032162573153481e-05,0.13186554523956712,,,,,,24.003731516453268,26.00989913255244,,,3.4893090248198058,3.7134911707774676,,205.23093374391257,,,,1,7525.4567940389015,,,,0.144865889750514,,,,0.26577443782281923,,,,3795,-2818.687840520037,,,,,,,,,,,
40,0.0,0.0,,,,,,0.0,0.0,,,2.0,2.0,,,,,,0,,,,,,,,,,,,,377,,,,,,,,,,,,
41,0.0,0.0,,,,,,0.0,0.0,,,2.0,2.0,,,,,,0,,,,,,,,,,,,,8389,,,,,,,,,,,,
42,0.0,0.0,,,,,0.0,0.0,0.0,,2.0,2.0,2.0,,,,,,0,,,,,,,,,,,,,gl48,,,,,,,,,,,,
43,0.0,0.0,,,,,,0.0,0.0,,,2.0,2.0,,,,,,0,,,,,,,,,,,,,4256,,,,,,,,,,,,
44,0.0,0.0,,,,,0.0,0.0,0.0,,2.0,2.0,2.0,,,,,,0,,,,,,,,,,,,,9562,,,,,,,,,,,,
45,4.38622433361013e-08,-0.0008883548323190264,,,,,1.932825696942148,0.6626024831790128,1.1932088279252633,,1.1043236277294453,1.9649490467490995,2.6698605079031945,,2.931246731066709,,,,1,11.44249922805173,,,,-0.13470370626650957,,,,0.1355450732264826,,,,1326,-5.747149562318226,,,,,,,,,,,
46,3.034667390085931e-07,-0.0012507309720868518,,,,,,0.05858715295216592,-5.9383997262238655,,,2.7459864238141503,5.992434060819974,,4.206590205640157,,,,1,1243.538611768673,,,,0.0005484425950955109,,,,-0.6289284300513082,,,,3765,-378.9005615764237,,,,,,,,,,,
47,-1.3270647865553445e-07,0.0009258735594841679,,,,,-1.7349217829349457,-2.8696986573712278,3.977298047648296,-0.07768939132080727,1.6388467468715688,2.502380906088723,3.6872051271551136,4.495698087686496,15.59594528722494,3.1877784355362406,,,2,62.23596901535096,5165.399675322987,,,-0.3387071205949561,-0.15536794922207228,,,-0.7053698286028156,-0.7994924533613195,,,3651,76.40351882006463,2452782.331365961,,,,,,,,,,
48,2.27143772378842e-07,-0.0009636762564500602,,,,,-0.5256226775815165,-2.123442619640069,-8.215896148887229,,2.9071022396243906,4.148447348312461,4.69662250228734,,2.2394299619538525,,,,1,13.504327905849163,,,,-0.42482729101527594,,,,0.16052411662653882,,,,1461,5.942611703139466,,,,,,,,,,,
49,5.164992195520778e-08,-8.438978909541392e-05,,,,,-0.24486301137405808,-1.0700016919461692,-1.806453601374206,,1.434469152587737,2.1660058252742185,1.2279360227504434,,1.1386267319571806,,,,1,121.89979984942511,,,,0.19617865696702708,,,,-0.4415694092147589,,,,9407,-705.3710275454588,,,,,,,,,,,
50,0.0,0.0,,,,,,0.0,0.0,,,2.0,2.0,,,,,,0,,,,,,,,,,,,,10145,,,,,,,,,,,,
51,-1.4313300445334067e-07,0.0006775177620422654,,,,,-0.6621592875219695,-2.3902789286583905,3.0695447779482117,0.3192700632253872,2.405229412099771,2.6654140221144687,5.652528130042969,4.86493875646778,1.97507580793531,,,,1,354.86924338378,,,,0.07267609748000964,,,,0.48149065371883615,,,,10476,-910.2929058110743,,,,,,,,,,,
52,0.0,0.0,,,,,,0.0,0.0,,,2.0,2.0,,,,,,0,,,,,,,,,,,,,10436,,,,,,,,,,,,
53,0.0,0.0,,,,,0.0,0.0,0.0,0.0,2.0,2.0,2.0,2.0,,,,,0,,,,,,,,,,,,,10700,,,,,,,,,,,,
54,-3.2556305662502787e-07,-0.00013136314647157755,,,,,,-7.8079576804812145,-2.479812405808996,,,6.700679858525152,6.010283813266198,,116.72497157351103,,,,1,1073.1343415460565,,,,-0.12119283844870792,,,,0.2878931560679608,,,,10697,-3901.0821605918527,,,,,,,,,,,
55,0.0,0.0,,,,,,0.0,0.0,,,2.0,2.0,,,,,,0,,,,,,,,,,,,,11020,,,,,,,,,,,,
56,-8.467558874877245e-08,-0.0008364547234694901,,,,,-2.894520518337939,-3.083196110673724,-0.23079696332435717,,3.8877040137172294,3.424085294379924,3.173406607348085,,9.177979059923977,4.466778183854469,,,2,1933.1280760877137,37.913809687819274,,,-0.23160181328430862,-0.16372104399476986,,,-0.2322380580895383,0.36285957209352054,,,11964a,723.6115344144936,2455200.2598069147,,,,,,,,,,
57,0.0,0.0,,,,,0.0,0.0,0.0,,2.0,2.0,2.0,,,,,,0,,,,,,,,,,,,,12051,,,,,,,,,,,,
58,0.0,0.0,,,,,,0.0,0.0,,,2.0,2.0,,,,,,0,,,,,,,,,,,,,gl83.1,,,,,,,,,,,,
59,-1.9733441859354907e-07,-0.0004252355086452406,,,,,2.772333261382366,-2.937389951205973,-5.790647807031099,-0.2197931106707476,2.23517071656586,2.7396001628060067,4.55502524218065,5.265202268196533,73.54981604149398,29.537862573108512,2.9582694049898635,,3,262.1969527599239,1698.4927294217412,140.70431074683646,,0.28800408181497605,-0.10612108970257704,0.08787624474800727,,-0.5233967778407292,0.02247250762886356,0.9465872284887099,,12661,342.95780639579647,2457480.0185424397,2455161.067636985,,,,,,,,,
60,0.0,0.0,,,,,0.0,0.0,0.0,0.0,2.0,2.0,2.0,2.0,,,,,0,,,,,,,,,,,,,12846,,,,,,,,,,,,
61,0.0,0.0,,,,,,0.0,0.0,,,2.0,2.0,,,,,,0,,,,,,,,,,,,,13043,,,,,,,,,,,,
62,0.0,0.0,,,,,0.0,0.0,0.0,,2.0,2.0,2.0,,,,,,0,,,,,,,,,,,,,gl87,,,,,,,,,,,,
63,0.0,0.0,,,,,,0.0,0.0,,,2.0,2.0,,,,,,0,,,,,,,,,,,,,13612b,,,,,,,,,,,,
64,0.0,0.0,,,,,,0.0,0.0,,,2.0,2.0,,,,,,0,,,,,,,,,,,,,hip10449,,,,,,,,,,,,
65,0.0,0.0,,,,,,0.0,0.0,,,2.0,2.0,,,,,,0,,,,,,,,,,,,,13997,,,,,,,,,,,,
66,6.406065778781863e-08,0.0001949948094268676,,,,,,-9.82027681193219,-13.39090042887025,,,2.3503703071663185,3.037363504622985,,23.682968350737475,,,,1,4489.800886722063,,,,-0.18426338434916675,,,,0.04300365205653276,,,,13931,765.0804297190748,,,,,,,,,,,
67,0.0,0.0,,,,,0.0,0.0,0.0,,2.0,2.0,2.0,,,,,,0,,,,,,,,,,,,,14412,,,,,,,,,,,,
68,0.0,0.0,,,,,,0.0,0.0,,,2.0,2.0,,,,,,0,,,,,,,,,,,,,hip11048,,,,,,,,,,,,
69,0.0,0.0,,,,,,0.0,0.0,,,2.0,2.0,,,,,,0,,,,,,,,,,,,,15335,,,,,,,,,,,,
70,-1.3093781596699052e-07,-0.0011773395343176022,,,,,,0.46630015708238276,2.4818933807770414,1.3387245803685115,,2.8322404707167577,3.3625654871628967,16.28569818789971,11.194144838418884,,,,1,75.44351728671555,,,,0.09608609247201984,,,,0.41809837905067326,,,,16141,18.9794660399804,,,,,,,,,,,
71,0.0,0.0,,,,,,0.0,0.0,,,2.0,2.0,,,,,,0,,,,,,,,,,,,,16287,,,,,,,,,,,,
72,0.0,0.0,,,,,,0.0,0.0,,,2.0,2.0,,,,,,0,,,,,,,,,,,,,16275,,,,,,,,,,,,
73,0.0,0.0,,,,,,0.0,0.0,,,2.0,2.0,,,,,,0,,,,,,,,,,,,,16397,,,,,,,,,,,,
74,0.0,0.0,,,,,,0.0,0.0,,,2.0,2.0,,,,,,0,,,,,,,,,,,,,16623,,,,,,,,,,,,
75,0.0,0.0,,,,,,0.0,0.0,,,2.0,2.0,,,,,,0,,,,,,,,,,,,,gl109,,,,,,,,,,,,
76,0.0,0.0,,,,,,0.0,0.0,,,2.0,2.0,,,,,,0,,,,,,,,,,,,,17190,,,,,,,,,,,,
77,0.0,0.0,,,,,,0.0,0.0,,,2.0,2.0,,,,,,0,,,,,,,,,,,,,17660,,,,,,,,,,,,
78,0.0,0.0,,,,,,0.0,0.0,,,2.0,2.0,,,,,,0,,,,,,,,,,,,,18143,,,,,,,,,,,,
79,5.154557914139927e-06,0.0791031724201023,,,,,,-172.81296719749488,-178.0249821848944,,,400.73959091139636,15.486093465275722,,2009.2804267195656,,,,1,560.2432061490791,,,,-0.36366793545785303,,,,0.8149550955270943,,,,18445,884.0314233542933,,,,,,,,,,,
80,0.0,0.0,,,,,,0.0,0.0,,,2.0,2.0,,,,,,0,,,,,,,,,,,,,18632,,,,,,,,,,,,
81,-1.292597736267673e-07,0.0011521107484212271,,,,,,-3.5236842108454183,7.804428379809568,,,2.554502411044565,5.02386708868847,,6.324257550747031,,,,1,1976.8998931373328,,,,-0.29040456125917075,,,,-0.5126460427768267,,,,18803,1139.1956272469295,,,,,,,,,,,
82,0.0,0.0,,,,,,0.0,0.0,,,2.0,2.0,,,,,,0,,,,,,,,,,,,,19034,,,,,,,,,,,,
83,0.0,0.0,,,,,,0.0,0.0,,,2.0,2.0,,,,,,0,,,,,,,,,,,,,19467,,,,,,,,,,,,
84,0.0,0.0,,,,,,0.0,0.0,,,2.0,2.0,,,,,,0,,,,,,,,,,,,,19308,,,,,,,,,,,,
85,0.0,0.0,,,,,0.0,0.0,0.0,0.0,2.0,2.0,2.0,2.0,,,,,0,,,,,,,,,,,,,19373,,,,,,,,,,,,
86,0.0,0.0,,,,,,0.0,0.0,,,2.0,2.0,,,,,,0,,,,,,,,,,,,,20165,,,,,,,,,,,,
87,0.0,0.0,,,,,,0.0,0.0,,,2.0,2.0,,,,,,0,,,,,,,,,,,,,20619,,,,,,,,,,,,
88,0.0,0.0,,,,,,0.0,0.0,0.0,,2.0,2.0,2.0,,,,,0,,,,,,,,,,,,,20675,,,,,,,,,,,,
89,0.0,0.0,,,,,,0.0,0.0,,,2.0,2.0,,,,,,0,,,,,,,,,,,,,21019a,,,,,,,,,,,,
90,0.0,0.0,,,,,,0.0,0.0,,,2.0,2.0,,,,,,0,,,,,,,,,,,,,hip15904,,,,,,,,,,,,
91,0.0,0.0,,,,,,0.0,0.0,,,2.0,2.0,,,,,,0,,,,,,,,,,,,,21197,,,,,,,,,,,,
92,0.0,0.0,,,,,,0.0,0.0,,,2.0,2.0,,,,,,0,,,,,,,,,,,,,21313,,,,,,,,,,,,
93,0.0,0.0,,,,,,0.0,0.0,,,2.0,2.0,,,,,,0,,,,,,,,,,,,,21774,,,,,,,,,,,,
94,0.0,0.0,,,,,,0.0,0.0,,,2.0,2.0,,,,,,0,,,,,,,,,,,,,hip16404,,,,,,,,,,,,
95,0.0,0.0,,,,,,0.0,0.0,,,2.0,2.0,,,,,,0,,,,,,,,,,,,,21847,,,,,,,,,,,,
96,0.0,0.0,,,,,0.0,0.0,0.0,,2.0,2.0,2.0,,,,,,0,,,,,,,,,,,,,22072,,,,,,,,,,,,
97,0.0,0.0,,,,,,0.0,0.0,,,2.0,2.0,,,,,,0,,,,,,,,,,,,,22282,,,,,,,,,,,,
98,0.0,0.0,,,,,,0.0,0.0,,,2.0,2.0,,,,,,0,,,,,,,,,,,,,22879,,,,,,,,,,,,
99,0.0,0.0,,,,,0.0,0.0,0.0,,2.0,2.0,2.0,,,,,,0,,,,,,,,,,,,,23249,,,,,,,,,,,,
100,0.0,0.0,,,,,0.0,0.0,0.0,,2.0,2.0,2.0,,,,,,0,,,,,,,,,,,,,23356,,,,,,,,,,,,
101,0.0,0.0,,,,,0.0,0.0,0.0,,2.0,2.0,2.0,,,,,,0,,,,,,,,,,,,,23439,,,,,,,,,,,,
102,-3.793399227822395e-07,0.0057610062437252205,,,,,,-3.5820305266985177,-6.436363115506943,,,3.1356933295919474,3.170302403644156,,50.0607447046512,4.5946191037449156,,,2,3473.3020505089808,517.0067193894505,,,0.07673621371934056,0.14093509791938458,,,-0.1379390780926586,0.3102697284121651,,,24040,-5701.557643564615,2454978.19956819,,,,,,,,,,
103,0.0,0.0,,,,,,0.0,0.0,,,2.0,2.0,,,,,,0,,,,,,,,,,,,,24213,,,,,,,,,,,,
104,0.0,0.0,,,,,,0.0,0.0,,,2.0,2.0,,,,,,0,,,,,,,,,,,,,24365,,,,,,,,,,,,
105,0.0,0.0,,,,,,0.0,0.0,,,2.0,2.0,,,,,,0,,,,,,,,,,,,,24496,,,,,,,,,,,,
106,0.0,0.0,,,,,,0.0,0.0,,,2.0,2.0,,,,,,0,,,,,,,,,,,,,s130811,,,,,,,,,,,,
107,0.0,0.0,,,,,,0.0,0.0,,,2.0,2.0,,,,,,0,,,,,,,,,,,,,24341,,,,,,,,,,,,
108,0.0,0.0,,,,,,0.0,0.0,,,2.0,2.0,,,,,,0,,,,,,,,,,,,,24238,,,,,,,,,,,,
109,0.0,0.0,,,,,,0.0,0.0,,,2.0,2.0,,,,,,0,,,,,,,,,,,,,24727,,,,,,,,,,,,
110,0.0,0.0,,,,,,0.0,0.0,,,2.0,2.0,,,,,,0,,,,,,,,,,,,,24892,,,,,,,,,,,,
111,0.0,0.0,,,,,,0.0,0.0,,,2.0,2.0,,,,,,0,,,,,,,,,,,,,24916,,,,,,,,,,,,
112,0.0,0.0,,,,,,0.0,0.0,,,2.0,2.0,,,,,,0,,,,,,,,,,,,,24451,,,,,,,,,,,,
113,0.0,0.0,,,,,,0.0,0.0,,,2.0,2.0,,,,,,0,,,,,,,,,,,,,25682,,,,,,,,,,,,
114,0.0,0.0,,,,,,0.0,0.0,,,2.0,2.0,,,,,,0,,,,,,,,,,,,,281540,,,,,,,,,,,,
115,0.0,0.0,,,,,,0.0,0.0,,,2.0,2.0,,,,,,0,,,,,,,,,,,,,25825,,,,,,,,,,,,
116,0.0,0.0,,,,,,0.0,0.0,,,2.0,2.0,,,,,,0,,,,,,,,,,,,,26151,,,,,,,,,,,,
117,0.0,0.0,,,,,,0.0,0.0,,,2.0,2.0,,,,,,0,,,,,,,,,,,,,26161,,,,,,,,,,,,
118,0.0,0.0,,,,,,0.0,0.0,,,2.0,2.0,,,,,,0,,,,,,,,,,,,,26794,,,,,,,,,,,,
119,0.0,0.0,,,,,0.0,0.0,0.0,0.0,2.0,2.0,2.0,2.0,,,,,0,,,,,,,,,,,,,26965,,,,,,,,,,,,
120,0.0,0.0,,,,,,0.0,0.0,,,2.0,2.0,,,,,,0,,,,,,,,,,,,,28187,,,,,,,,,,,,
121,0.0,0.0,,,,,,0.0,0.0,,,2.0,2.0,,,,,,0,,,,,,,,,,,,,28005,,,,,,,,,,,,
122,0.0,0.0,,,,,,0.0,0.0,,,2.0,2.0,,,,,,0,,,,,,,,,,,,,28343,,,,,,,,,,,,
123,0.0,0.0,,,,,,0.0,0.0,,,2.0,2.0,,,,,,0,,,,,,,,,,,,,232979,,,,,,,,,,,,
124,0.0,0.0,,,,,,0.0,0.0,,,2.0,2.0,,,,,,0,,,,,,,,,,,,,hip21556,,,,,,,,,,,,
125,-0.0001522922234267347,0.04552281522221608,,,,,,580.4036482469858,1723.6111910196619,,,686.6952300818238,5.64013442443382,,257.3351698032529,,,,1,2238.044517792067,,,,0.4735545865953026,,,,-0.24591992699612522,,,,29461,854.2257099910167,,,,,,,,,,,
126,0.0,0.0,,,,,,0.0,0.0,,,2.0,2.0,,,,,,0,,,,,,,,,,,,,29528,,,,,,,,,,,,
127,0.0,0.0,,,,,,0.0,0.0,,,2.0,2.0,,,,,,0,,,,,,,,,,,,,285968,,,,,,,,,,,,
128,0.0,0.0,,,,,,0.0,0.0,,,2.0,2.0,,,,,,0,,,,,,,,,,,,,30708,,,,,,,,,,,,
129,-5.925287382458729e-05,0.34926578732222346,,,,,,18.839228185727666,-93.72246252084796,,,67.21175443549993,4.045440242277108,,850.1784270230925,,,,1,5817.3879295842735,,,,0.1859119453338904,,,,-0.32460577022220055,,,,30649,1233.6101896529724,,,,,,,,,,,
130,5.848396671155468e-08,-0.0005523385446516378,,,,,,3.910425492725093,14.969975767856239,,,4.20623494095727,9.915367030787207,,24.423561388005794,,,,1,2359.2513692128678,,,,-0.3436207587585913,,,,0.25968460482260075,,,,hip22627,-8197.829767534464,,,,,,,,,,,
131,-4.784921678568235e-07,0.0006543371152719564,,,,,,-2.6485805219109415,-2.4978779840076166,,,3.4495200807628756,4.339235570685017,,11.797754111357069,,,,1,470.8684998603108,,,,0.043376825183166066,,,,-0.651886863147501,,,,31253,26.599354184047435,,,,,,,,,,,
132,0.0,0.0,,,,,,0.0,0.0,,,2.0,2.0,,,,,,0,,,,,,,,,,,,,31560,,,,,,,,,,,,
133,0.00025803099912122534,2.062932997228368,,,,,,-3675.63680142986,7799.91151517654,,,5395.082343214265,3.573555166548478,,98.26936108762163,,,,1,3190.9919051588436,,,,-0.10209293085764123,,,,-0.08795128613762924,,,,31412,1586.7646960089849,,,,,,,,,,,
134,0.0,0.0,,,,,,0.0,0.0,,,2.0,2.0,,,,,,0,,,,,,,,,,,,,31966,,,,,,,,,,,,
135,0.0,0.0,,,,,,0.0,0.0,,,2.0,2.0,,,,,,0,,,,,,,,,,,,,hip23512,,,,,,,,,,,,
136,0.0,0.0,,,,,,0.0,0.0,,,2.0,2.0,,,,,,0,,,,,,,,,,,,,33021,,,,,,,,,,,,
137,9.106693034114095e-08,-0.00023987319729969924,,,,,,3.197194734449508,2.9102048211982368,10.468095635722449,,2.7054185598067133,2.452163191843723,381.9589630669617,11.447788105109073,,,,1,2331.488451867678,,,,0.13228254373530496,,,,0.1438470316550402,,,,32963,2627.149793315937,,,,,,,,,,,
138,0.0,0.0,,,,,,0.0,0.0,,,2.0,2.0,,,,,,0,,,,,,,,,,,,,33793,,,,,,,,,,,,
139,2.3518638974047457e-07,-0.0015353830538051608,,,,,,-37.9540526517424,-46.88968979105225,5.925152170635433,,4.483165652755511,4.026791091297143,7.529785697512878,159.7655479159279,,,,1,2112.7500897765517,,,,0.6417851556385937,,,,-0.27497711401263575,,,,33636,730.8287131847981,,,,,,,,,,,
140,-1.0721128697756669e-06,-0.0019752279642987064,,,,,,3.3873377467066836,3.002027459558202,,,6.237433906694554,5.876900367356782,,14.38661845203659,,,,1,1061.0318546675317,,,,0.080456041763683,,,,0.7058656897391603,,,,34445,-427.9846110973573,,,,,,,,,,,
141,0.0,0.0,,,,,0.0,0.0,0.0,,2.0,2.0,2.0,,,,,,0,,,,,,,,,,,,,34721,,,,,,,,,,,,
142,0.0,0.0,,,,,0.0,0.0,0.0,0.0,2.0,2.0,2.0,2.0,,,,,0,,,,,,,,,,,,,34411,,,,,,,,,,,,
143,0.0,0.0,,,,,,0.0,0.0,,,2.0,2.0,,,,,,0,,,,,,,,,,,,,34745,,,,,,,,,,,,
144,0.0,0.0,,,,,,0.0,0.0,,,2.0,2.0,,,,,,0,,,,,,,,,,,,,34575,,,,,,,,,,,,
145,0.0,0.0,,,,,,0.0,0.0,,,2.0,2.0,,,,,,0,,,,,,,,,,,,,35627,,,,,,,,,,,,
146,0.0,0.0,,,,,,0.0,0.0,,,2.0,2.0,,,,,,0,,,,,,,,,,,,,35974,,,,,,,,,,,,
147,0.0,0.0,,,,,,0.0,0.0,,,2.0,2.0,,,,,,0,,,,,,,,,,,,,36003,,,,,,,,,,,,
148,7.817851124698056e-07,0.0014899974043498054,,,,,,6.570633939231827,-23.65675528929023,,,0.0004275767312711385,13.50820817066391,,28.43852227324114,,,,1,23.285118331988464,,,,-0.1667481979989274,,,,0.3573926892435451,,,,36308,8.08296303957154,,,,,,,,,,,
149,0.0,0.0,,,,,,0.0,0.0,,,2.0,2.0,,,,,,0,,,,,,,,,,,,,36395,,,,,,,,,,,,
150,0.0,0.0,,,,,,0.0,0.0,,,2.0,2.0,,,,,,0,,,,,,,,,,,,,37213,,,,,,,,,,,,
151,0.0,0.0,,,,,,0.0,0.0,,,2.0,2.0,,,,,,0,,,,,,,,,,,,,245409,,,,,,,,,,,,
152,-2.22350103617432e-07,0.001720585879542452,,,,,-7.768063711061229,2.994284798203313,5.311208160341885,,3.5934335632045182,3.438411151547644,3.512115567075338,,28.592088627828694,15.989338538276638,12.039368607195467,,3,154.2752008846721,887.4636815314934,1758.452285692083,,-0.17908413726058875,0.2716334939866908,0.14498138771758295,,0.11860862609365971,0.18436128640849522,0.04403394265507409,,37124,-61.380188683531266,2454932.950397264,2450915.2104004957,,,,,,,,,
153,0.0,0.0,,,,,,0.0,0.0,,,2.0,2.0,,,,,,0,,,,,,,,,,,,,37962,,,,,,,,,,,,
154,0.0,0.0,,,,,,0.0,0.0,,,2.0,2.0,,,,,,0,,,,,,,,,,,,,38392,,,,,,,,,,,,
155,0.0,0.0,,,,,,0.0,0.0,,,2.0,2.0,,,,,,0,,,,,,,,,,,,,38230,,,,,,,,,,,,
156,-1.7659844743557449e-06,-0.007793131692547036,,,,,-12.298784915451465,18.912239364635806,13.32734008119038,-30.15971779474234,9.060066685476823,15.275128765325215,14.993606556457216,15.002957226850354,165.1285890923737,55.67698279362393,,,2,2107.6430692940544,14.310222859143446,,,0.5320999565952084,-0.07487871050696072,,,0.24163494438043953,0.5138971835940738,,,38529,-5003.128401448944,2455200.408209879,,,,,,,,,,
157,-4.5526263106826734e-07,0.000547675192206604,,,,,2.641190668347005,-1.776507730866327,6.325429892664059,,1.9045789892691267,3.4972289810462267,4.099906767638395,,3.189681420863656,,,,1,416.75042042993874,,,,0.39059237626979687,,,,-0.37561242696244473,,,,38858,28.806019072330553,,,,,,,,,,,
158,0.0,0.0,,,,,,0.0,0.0,,,2.0,2.0,,,,,,0,,,,,,,,,,,,,39881,,,,,,,,,,,,
159,-8.909267875461657e-07,-0.02889470803173041,,,,,88.91470022185321,7.555292474192356,5.575192994410985,,2.7212553373907533,2.0375044175486217,1.3931986859102568,,4.04298482958036,,,,1,527.5831035385368,,,,-0.7522062460623532,,,,-0.3934502741646491,,,,40397,-568.4444804594613,,,,,,,,,,,
160,6.499019126861573e-07,0.0008026687307816433,,,,,,4.751103710333336,1.5578122107874808,29.343524943885892,,19.18512275110565,18.978996032081028,15.17179205859059,107.59135745702609,,,,1,265.3803038859027,,,,0.4166765823832698,,,,-0.2816192795620239,,,,40979,-505.65181510881513,,,,,,,,,,,
161,0.0,0.0,,,,,,0.0,0.0,,,2.0,2.0,,,,,,0,,,,,,,,,,,,,40647,,,,,,,,,,,,
162,0.0,0.0,,,,,,0.0,0.0,,,2.0,2.0,,,,,,0,,,,,,,,,,,,,gl226,,,,,,,,,,,,
163,0.0,0.0,,,,,,0.0,0.0,,,2.0,2.0,,,,,,0,,,,,,,,,,,,,42581,,,,,,,,,,,,
164,-5.203471120836614e-08,0.0008853468463749897,,,,,-4.212340312188621,-2.154553202383628,0.8561970462404191,,2.8420787200378794,2.5708376461402467,3.3112246741363687,,2.360428700216626,2.1309808302909046,1.69113042043536,,3,2956.043313285119,148.5952714347584,390.07893393400593,,0.03842595859144053,-0.10475113384580594,0.5312048172293125,,-0.522701843541349,0.4845847466807696,-0.09567968807596598,,42618,1114.6289555645908,2455171.9758515316,2455102.6705404045,,,,,,,,,
165,0.0,0.0,,,,,,0.0,0.0,,,2.0,2.0,,,,,,0,,,,,,,,,,,,,42250,,,,,,,,,,,,
166,0.0,0.0,,,,,,0.0,0.0,,,2.0,2.0,,,,,,0,,,,,,,,,,,,,43745,,,,,,,,,,,,
167,0.0,0.0,,,,,,0.0,0.0,,,2.0,2.0,,,,,,0,,,,,,,,,,,,,43947,,,,,,,,,,,,
168,0.0,0.0,,,,,,0.0,0.0,,,2.0,2.0,,,,,,0,,,,,,,,,,,,,44420,,,,,,,,,,,,
169,0.0,0.0,,,,,,0.0,0.0,,,2.0,2.0,,,,,,0,,,,,,,,,,,,,45184,,,,,,,,,,,,
170,0.0,0.0,,,,,,0.0,0.0,,,2.0,2.0,,,,,,0,,,,,,,,,,,,,45067,,,,,,,,,,,,
171,0.0,0.0,,,,,,0.0,0.0,,,2.0,2.0,,,,,,0,,,,,,,,,,,,,44985,,,,,,,,,,,,
172,0.0,0.0,,,,,,0.0,0.0,,,2.0,2.0,,,,,,0,,,,,,,,,,,,,45588,,,,,,,,,,,,
173,1.2831763573496247e-07,0.0003087436973201163,,,,,,-8.93436359954655,-17.030808278857513,,,14.536332304564338,3.6638865879360445,,39.17640438689512,,,,1,961.7101269287161,,,,0.786824028922689,,,,-0.3563787119202174,,,,45350,507.5439267410576,,,,,,,,,,,
174,-1.4001463245368055e-06,0.0077809502356712005,,,,,,-14.671665318485607,27.54662283741297,,,18.282391800997136,20.930303918450658,,25.25116544672079,,,,1,11.171965682479577,,,,0.6195345720554943,,,,0.5173415403309714,,,,46375,20.421190465363303,,,,,,,,,,,
175,0.0,0.0,,,,,,0.0,0.0,,,2.0,2.0,,,,,,0,,,,,,,,,,,,,gl239,,,,,,,,,,,,
176,0.0,0.0,,,,,,0.0,0.0,0.0,,2.0,2.0,2.0,,,,,0,,,,,,,,,,,,,47157,,,,,,,,,,,,
177,0.0,0.0,,,,,,0.0,0.0,,,2.0,2.0,,,,,,0,,,,,,,,,,,,,48938,,,,,,,,,,,,
178,0.0,0.0,,,,,,0.0,0.0,,,2.0,2.0,,,,,,0,,,,,,,,,,,,,49674,,,,,,,,,,,,
179,2.4250566353001616e-06,0.0005785062228550102,,,,,,-1.7950035952977308,10.127547590048751,,,4.975802197242192,4.864391721129527,,21.086706807081736,,,,1,2458.0659877489466,,,,0.009850756141659466,,,,-0.5120700516437766,,,,50499,-685.1768397345289,,,,,,,,,,,
180,0.0,0.0,,,,,,0.0,0.0,0.0,,2.0,2.0,2.0,,,,,0,,,,,,,,,,,,,50281,,,,,,,,,,,,
181,0.0,0.0,,,,,,0.0,0.0,,,2.0,2.0,,,,,,0,,,,,,,,,,,,,50806,,,,,,,,,,,,
182,4.404373450700925e-05,-0.29169105055957245,,,,,,265.70142390969465,207.64837417637577,,,7.9079184815095624,3.0586427972657115,,146.88864161874758,,,,1,8805.658363436398,,,,-0.1659156444397544,,,,0.3197045224317729,,,,50639,969.4296631913381,,,,,,,,,,,
183,5.247827985113332e-08,-0.00033161165665553517,,,,,-19.410400515427746,0.3169017737554164,-2.9370759670545326,24.541388431366986,7.582675452588745,4.724699925455793,4.592048152097275,17.55476050871952,91.25687764247552,,,,1,1222.285568978127,,,,0.67543596965138,,,,0.04322730257332015,,,,50554,74.9457465115122,,,,,,,,,,,
184,0.0,0.0,,,,,,0.0,0.0,,,2.0,2.0,,,,,,0,,,,,,,,,,,,,265866,,,,,,,,,,,,
185,0.0,0.0,,,,,0.0,0.0,0.0,,2.0,2.0,2.0,,,,,,0,,,,,,,,,,,,,50692,,,,,,,,,,,,
186,0.0,0.0,,,,,,0.0,0.0,,,2.0,2.0,,,,,,0,,,,,,,,,,,,,51219,,,,,,,,,,,,
187,-5.550156225773792e-07,0.0019178181449478712,,,,,-15.451176565866588,-2.3828439007581075,5.4090877805253585,,3.936157351934906,3.711069283668998,4.969521702865061,,41.67260961172151,,,,1,119.28948354375122,,,,-0.21686598917816316,,,,-0.4261793307564644,,,,52265,-15.923853698849657,,,,,,,,,,,
188,0.0,0.0,,,,,,0.0,0.0,,,2.0,2.0,,,,,,0,,,,,,,,,,,,,52456,,,,,,,,,,,,
189,0.0,0.0,,,,,,0.0,0.0,,,2.0,2.0,,,,,,0,,,,,,,,,,,,,51866,,,,,,,,,,,,
190,0.0,0.0,,,,,0.0,0.0,0.0,0.0,2.0,2.0,2.0,2.0,,,,,0,,,,,,,,,,,,,52711,,,,,,,,,,,,
191,0.0,0.0,,,,,,0.0,0.0,,,2.0,2.0,,,,,,0,,,,,,,,,,,,,53665,,,,,,,,,,,,
192,0.0,0.0,,,,,,0.0,0.0,,,2.0,2.0,,,,,,0,,,,,,,,,,,,,56274,,,,,,,,,,,,
193,0.0,0.0,,,,,,0.0,0.0,,,2.0,2.0,,,,,,0,,,,,,,,,,,,,56303,,,,,,,,,,,,
194,0.0,0.0,,,,,,0.0,0.0,0.0,,2.0,2.0,2.0,,,,,0,,,,,,,,,,,,,gl273,,,,,,,,,,,,
195,0.0,0.0,,,,,,0.0,0.0,,,2.0,2.0,,,,,,0,,,,,,,,,,,,,58781,,,,,,,,,,,,
196,0.0,0.0,,,,,,0.0,0.0,,,2.0,2.0,,,,,,0,,,,,,,,,,,,,60491,,,,,,,,,,,,
197,0.0,0.0,,,,,,0.0,0.0,,,2.0,2.0,,,,,,0,,,,,,,,,,,,,61606,,,,,,,,,,,,
198,0.0,0.0,,,,,,0.0,0.0,,,2.0,2.0,,,,,,0,,,,,,,,,,,,,63754,,,,,,,,,,,,
199,0.0,0.0,,,,,,0.0,0.0,,,2.0,2.0,,,,,,0,,,,,,,,,,,,,65277,,,,,,,,,,,,
200,-8.455631547428765e-05,0.2608048967553124,,,,,,203.2011951559095,1750.4716229728904,,,324.793395149447,2.0799551915868295,,791.6289114654437,34.90900721602163,,,2,3345.839272166668,2540.31197262585,,,0.4011885507396989,0.16719767808495045,,,0.5197581489891979,-0.2665073339098261,,,65430,1209.2338640828873,2456030.5042379317,,,,,,,,,,
201,3.740632801133573e-06,-0.006670478263353437,,,,,,-20.792657494010736,-38.09162932628594,,,3.6646973747974956,3.319255990642005,,52.03546813663336,,,,1,2321.136805322982,,,,-0.6285233095157595,,,,-0.07487327314168074,,,,66428,808.4587923243697,,,,,,,,,,,
202,0.0,0.0,,,,,0.0,0.0,0.0,,2.0,2.0,2.0,,,,,,0,,,,,,,,,,,,,65583,,,,,,,,,,,,
203,0.0,0.0,,,,,,0.0,0.0,,,2.0,2.0,,,,,,0,,,,,,,,,,,,,67458,,,,,,,,,,,,
204,0.0,0.0,,,,,,0.0,0.0,,,2.0,2.0,,,,,,0,,,,,,,,,,,,,66171,,,,,,,,,,,,
205,0.0,0.0,,,,,0.0,0.0,0.0,,2.0,2.0,2.0,,,,,,0,,,,,,,,,,,,,67767,,,,,,,,,,,,
206,9.737027148205232e-06,0.02359160472515733,,,,,-91.71921608133634,-17.31941680266041,-19.49452141253091,,0.0012753419685896017,2.750038028560626,5.929461778428063,,23.34396999365822,,,,1,6802.331005750477,,,,-0.1282988864401064,,,,-0.31161551205312105,,,,68017,-1670.5725862411934,,,,,,,,,,,
207,0.0,0.0,,,,,,0.0,0.0,,,2.0,2.0,,,,,,0,,,,,,,,,,,,,68168,,,,,,,,,,,,
208,0.0,0.0,,,,,,0.0,0.0,,,2.0,2.0,,,,,,0,,,,,,,,,,,,,68978,,,,,,,,,,,,
209,0.0,0.0,,,,,,0.0,0.0,,,2.0,2.0,,,,,,0,,,,,,,,,,,,,gl2066,,,,,,,,,,,,
210,0.0,0.0,,,,,,0.0,0.0,0.0,,2.0,2.0,2.0,,,,,0,,,,,,,,,,,,,68988,,,,,,,,,,,,
211,0.0,0.0,,,,,,0.0,0.0,,,2.0,2.0,,,,,,0,,,,,,,,,,,,,69809,,,,,,,,,,,,
212,0.0,0.0,,,,,,0.0,0.0,,,2.0,2.0,,,,,,0,,,,,,,,,,,,,71334,,,,,,,,,,,,
213,0.0,0.0,,,,,,0.0,0.0,,,2.0,2.0,,,,,,0,,,,,,,,,,,,,71479,,,,,,,,,,,,
214,0.0,0.0,,,,,,0.0,0.0,,,2.0,2.0,,,,,,0,,,,,,,,,,,,,71881,,,,,,,,,,,,
215,0.0,0.0,,,,,,0.0,0.0,,,2.0,2.0,,,,,,0,,,,,,,,,,,,,72673,,,,,,,,,,,,
216,-1.4936009012974635e-06,-0.004941957246990181,,,,,,1.6508761110003416,-1.0107538622506471,,,3.1009677022994215,4.207359850138735,,37.9051984562501,,,,1,3567.6525935104532,,,,-0.06993022093997965,,,,-0.5180019029507946,,,,72659,2626.7765778281337,,,,,,,,,,,
217,0.0,0.0,,,,,,0.0,0.0,,,2.0,2.0,,,,,,0,,,,,,,,,,,,,73667,,,,,,,,,,,,
218,0.0,0.0,,,,,0.0,0.0,0.0,,2.0,2.0,2.0,,,,,,0,,,,,,,,,,,,,74156,,,,,,,,,,,,
219,0.0,0.0,,,,,,0.0,0.0,,,2.0,2.0,,,,,,0,,,,,,,,,,,,,75732b,,,,,,,,,,,,
220,0.0,0.0,,,,,,0.0,0.0,,,2.0,2.0,,,,,,0,,,,,,,,,,,,,76909,,,,,,,,,,,,
221,0.0,0.0,,,,,,0.0,0.0,,,2.0,2.0,,,,,,0,,,,,,,,,,,,,79210,,,,,,,,,,,,
222,0.0,0.0,,,,,,0.0,0.0,,,2.0,2.0,,,,,,0,,,,,,,,,,,,,79211,,,,,,,,,,,,
223,0.0,0.0,,,,,,0.0,0.0,,,2.0,2.0,,,,,,0,,,,,,,,,,,,,80367,,,,,,,,,,,,
224,0.0,0.0,,,,,,0.0,0.0,,,2.0,2.0,,,,,,0,,,,,,,,,,,,,80606,,,,,,,,,,,,
225,0.0,0.0,,,,,,0.0,0.0,,,2.0,2.0,,,,,,0,,,,,,,,,,,,,g161-29,,,,,,,,,,,,
226,0.0,0.0,,,,,,0.0,0.0,,,2.0,2.0,,,,,,0,,,,,,,,,,,,,233641,,,,,,,,,,,,
227,0.0,0.0,,,,,,0.0,0.0,,,2.0,2.0,,,,,,0,,,,,,,,,,,,,hip46655,,,,,,,,,,,,
228,2.471429421743834e-07,-0.002111291177754277,,,,,,-0.35960821349417793,-5.346892782625392,-19.46798609450255,,3.9054908813632965,7.395725847522643,12.062191374665014,52.83936499777013,40.368173689029966,,,2,219.74220357713156,442.12314131831687,,,-0.3017340353250237,-0.229859929407161,,,0.6040875180404414,0.4227637458912745,,,82943,176.58727163205037,2455124.8421199988,,,,,,,,,,
229,0.0,0.0,,,,,,0.0,0.0,,,2.0,2.0,,,,,,0,,,,,,,,,,,,,gl357,,,,,,,,,,,,
230,-3.5488233220200894e-06,0.011358709314027174,,,,,,-8.529227606957882,24.658238716406533,,,0.0014300547417546812,42.670908835537716,,29.16260089034151,,,,1,10.97382759187192,,,,-0.36359449010501876,,,,0.14198699411932728,,,,83443,42.73906059886856,,,,,,,,,,,
231,0.0,0.0,,,,,0.0,0.0,0.0,,2.0,2.0,2.0,,,,,,0,,,,,,,,,,,,,84035,,,,,,,,,,,,
232,0.0,0.0,,,,,,0.0,0.0,,,2.0,2.0,,,,,,0,,,,,,,,,,,,,hip48714,,,,,,,,,,,,
233,-1.533698456690004e-05,0.029394323086943886,,,,,,27.083612002116755,201.3946761683309,,,1.7774084560603076,5.196525811616986,,17.78251233459102,,,,1,6399.181287909837,,,,0.0977572382922755,,,,0.29090023686026223,,,,87359,252.89331395826824,,,,,,,,,,,
234,0.0,0.0,,,,,,0.0,0.0,,,2.0,2.0,,,,,,0,,,,,,,,,,,,,87424,,,,,,,,,,,,
235,0.0,0.0,,,,,,0.0,0.0,0.0,,2.0,2.0,2.0,,,,,0,,,,,,,,,,,,,87836,,,,,,,,,,,,
236,0.0,0.0,,,,,,0.0,0.0,,,2.0,2.0,,,,,,0,,,,,,,,,,,,,88072,,,,,,,,,,,,
237,0.0,0.0,,,,,,0.0,0.0,,,2.0,2.0,,,,,,0,,,,,,,,,,,,,88218,,,,,,,,,,,,
238,0.0,0.0,,,,,,0.0,0.0,,,2.0,2.0,,,,,,0,,,,,,,,,,,,,88371,,,,,,,,,,,,
239,0.0,0.0,,,,,,0.0,0.0,,,2.0,2.0,,,,,,0,,,,,,,,,,,,,gl382,,,,,,,,,,,,
240,0.0,0.0,,,,,,0.0,0.0,,,2.0,2.0,,,,,,0,,,,,,,,,,,,,88725,,,,,,,,,,,,
241,0.0,0.0,,,,,0.0,0.0,0.0,,2.0,2.0,2.0,,,,,,0,,,,,,,,,,,,,88986,,,,,,,,,,,,
242,0.0,0.0,,,,,,0.0,0.0,,,2.0,2.0,,,,,,0,,,,,,,,,,,,,89391,,,,,,,,,,,,
243,0.0,0.0,,,,,0.0,0.0,0.0,,2.0,2.0,2.0,,,,,,0,,,,,,,,,,,,,89269,,,,,,,,,,,,
244,0.0,0.0,,,,,,0.0,0.0,0.0,,2.0,2.0,2.0,,,,,0,,,,,,,,,,,,,gl388,,,,,,,,,,,,
245,0.0,0.0,,,,,,0.0,0.0,,,2.0,2.0,,,,,,0,,,,,,,,,,,,,90156,,,,,,,,,,,,
246,0.0,0.0,,,,,,0.0,0.0,,,2.0,2.0,,,,,,0,,,,,,,,,,,,,90125,,,,,,,,,,,,
247,0.0,0.0,,,,,,0.0,0.0,,,2.0,2.0,,,,,,0,,,,,,,,,,,,,hip51007,,,,,,,,,,,,
248,0.0,0.0,,,,,,0.0,0.0,,,2.0,2.0,,,,,,0,,,,,,,,,,,,,90711,,,,,,,,,,,,
249,0.0,0.0,,,,,,0.0,0.0,,,2.0,2.0,,,,,,0,,,,,,,,,,,,,90722,,,,,,,,,,,,
250,0.0,0.0,,,,,,0.0,0.0,,,2.0,2.0,,,,,,0,,,,,,,,,,,,,gl393,,,,,,,,,,,,
251,0.0,0.0,,,,,,0.0,0.0,,,2.0,2.0,,,,,,0,,,,,,,,,,,,,90875,,,,,,,,,,,,
252,0.0,0.0,,,,,,0.0,0.0,,,2.0,2.0,,,,,,0,,,,,,,,,,,,,gl397,,,,,,,,,,,,
253,0.0,0.0,,,,,,0.0,0.0,0.0,,2.0,2.0,2.0,,,,,0,,,,,,,,,,,,,91204,,,,,,,,,,,,
254,0.0,0.0,,,,,,0.0,0.0,,,2.0,2.0,,,,,,0,,,,,,,,,,,,,92222a,,,,,,,,,,,,
255,2.4803269812621136e-06,0.005761803183138768,,,,,,-9.654994501276835,-27.248668708614293,17.47784570165838,,18.29617358643736,4.539913482349619,3.048815268940315,102.67591102046704,,,,1,324.9291620432862,,,,0.08082100087247843,,,,-0.5771639213222384,,,,92788,-27.924937009864443,,,,,,,,,,,
256,0.0,0.0,,,,,,0.0,0.0,,,2.0,2.0,,,,,,0,,,,,,,,,,,,,93745,,,,,,,,,,,,
257,0.0,0.0,,,,,,0.0,0.0,,,2.0,2.0,,,,,,0,,,,,,,,,,,,,hip52942a,,,,,,,,,,,,
258,0.0,0.0,,,,,,0.0,0.0,,,2.0,2.0,,,,,,0,,,,,,,,,,,,,hip53020,,,,,,,,,,,,
259,0.0,0.0,,,,,,0.0,0.0,,,2.0,2.0,,,,,,0,,,,,,,,,,,,,gl406,,,,,,,,,,,,
260,0.0,0.0,,,,,,0.0,0.0,,,2.0,2.0,,,,,,0,,,,,,,,,,,,,bd-103166,,,,,,,,,,,,
261,0.0,0.0,,,,,,0.0,0.0,,,2.0,2.0,,,,,,0,,,,,,,,,,,,,gl408,,,,,,,,,,,,
262,0.0,0.0,,,,,,0.0,0.0,,,2.0,2.0,,,,,,0,,,,,,,,,,,,,95650,,,,,,,,,,,,
263,0.0,0.0,,,,,0.0,0.0,0.0,0.0,2.0,2.0,2.0,2.0,,,,,0,,,,,,,,,,,,,95735,,,,,,,,,,,,
264,0.0,0.0,,,,,,0.0,0.0,0.0,,2.0,2.0,2.0,,,,,0,,,,,,,,,,,,,gl412a,,,,,,,,,,,,
265,0.0,0.0,,,,,,0.0,0.0,,,2.0,2.0,,,,,,0,,,,,,,,,,,,,96700,,,,,,,,,,,,
266,0.0,0.0,,,,,,0.0,0.0,,,2.0,2.0,,,,,,0,,,,,,,,,,,,,hip54532,,,,,,,,,,,,
267,-3.8692167279540407e-07,0.0016379128052404154,0.16007699547608487,0.20515673101953574,0.20712041695271288,0.23143492791242756,1.592629675430397,-2.3666251044320252,-6.30734537515086,1.0870504673669519,2.4084338562678433,3.561924524381814,4.434474238963079,13.514926077303052,5.518001665889347,3.2842163027464313,4.6368904861141145,2.4348146136090847,4,746.0355257605826,39.66549442445219,2800.013350189631,51.64030128542622,-0.37862965855671754,0.23173880979410036,0.06013538988875076,-0.35449045116907807,-0.1292926027942371,0.3891707273867724,0.4511143445243576,0.3252252264852329,97101,-222.04928136871067,2455203.2838202366,2453683.3458506027,2455179.8990276773,-33.742763806565534,2455201.05909336,2453645.3581829616,2455184.2149356483,-2.812532488247177,1.0337156627538318,1.4382735212473263,2.399223012772629
268,0.0,0.0,,,,,,0.0,0.0,,,2.0,2.0,,,,,,0,,,,,,,,,,,,,97343,,,,,,,,,,,,
269,0.0,0.0,,,,,0.0,0.0,0.0,,2.0,2.0,2.0,,,,,,0,,,,,,,,,,,,,97658,,,,,,,,,,,,
270,0.0,0.0,,,,,,0.0,0.0,,,2.0,2.0,,,,,,0,,,,,,,,,,,,,98281,,,,,,,,,,,,
271,0.0,0.0,,,,,,0.0,0.0,,,2.0,2.0,,,,,,0,,,,,,,,,,,,,98618,,,,,,,,,,,,
272,0.0,0.0,,,,,,0.0,0.0,,,2.0,2.0,,,,,,0,,,,,,,,,,,,,99109,,,,,,,,,,,,
273,3.28056608306375e-07,-0.002558834088850913,,,,,-0.04032884297772585,-1.726623306333438,-10.997170907103042,,5.2187561474136785,3.772893041695525,4.81295535452831,,7.044116679137145,,,,1,2218.9223357931637,,,,-0.11231723229710497,,,,0.3460836700116795,,,,99491,1056.6352212739869,,,,,,,,,,,
274,-2.4298533878823437e-07,0.0008713549499133782,,,,,,-0.5866054271165232,0.2400349522117286,,,4.040149600309151,3.4244705942231417,,7.460924755507983,,,,1,17.05203349447216,,,,-0.3287283518122278,,,,-0.25475381652053114,,,,99492,-0.38013212168562627,,,,,,,,,,,
275,0.0,0.0,,,,,0.0,0.0,0.0,,2.0,2.0,2.0,,,,,,0,,,,,,,,,,,,,100180,,,,,,,,,,,,
276,0.0,0.0,,,,,,0.0,0.0,,,2.0,2.0,,,,,,0,,,,,,,,,,,,,100623,,,,,,,,,,,,
277,0.0,0.0,,,,,,0.0,0.0,,,2.0,2.0,,,,,,0,,,,,,,,,,,,,gl433,,,,,,,,,,,,
278,0.0,0.0,,,,,,0.0,0.0,,,2.0,2.0,,,,,,0,,,,,,,,,,,,,101259,,,,,,,,,,,,
279,0.0,0.0,,,,,,0.0,0.0,,,2.0,2.0,,,,,,0,,,,,,,,,,,,,hip57087,,,,,,,,,,,,
280,0.0,0.0,,,,,,0.0,0.0,,,2.0,2.0,,,,,,0,,,,,,,,,,,,,102158,,,,,,,,,,,,
281,0.0,0.0,,,,,,0.0,0.0,,,2.0,2.0,,,,,,0,,,,,,,,,,,,,hip57450,,,,,,,,,,,,
282,0.0,0.0,,,,,,0.0,0.0,,,2.0,2.0,,,,,,0,,,,,,,,,,,,,gl445,,,,,,,,,,,,
283,0.0,0.0,,,,,,0.0,0.0,,,2.0,2.0,,,,,,0,,,,,,,,,,,,,hip57548,,,,,,,,,,,,
284,0.0,0.0,,,,,,0.0,0.0,,,2.0,2.0,,,,,,0,,,,,,,,,,,,,gl450,,,,,,,,,,,,
285,0.0,0.0,,,,,,0.0,0.0,,,2.0,2.0,,,,,,0,,,,,,,,,,,,,103432,,,,,,,,,,,,
286,0.0,0.0,,,,,,0.0,0.0,,,2.0,2.0,,,,,,0,,,,,,,,,,,,,103829,,,,,,,,,,,,
287,0.0,0.0,,,,,,0.0,0.0,,,2.0,2.0,,,,,,0,,,,,,,,,,,,,103932,,,,,,,,,,,,
288,1.2620404118178722e-06,-8.409906932112516e-05,,,,,,-4.149636025241882,-7.0366930890647446,,,3.8603283290301325,5.695011244189978,,13.714382974456818,,,,1,55.89250882788798,,,,0.42935393596719923,,,,-0.04901485449822507,,,,104067,-18.135421785145056,,,,,,,,,,,
289,0.0,0.0,,,,,,0.0,0.0,,,2.0,2.0,,,,,,0,,,,,,,,,,,,,104556,,,,,,,,,,,,
290,0.0,0.0,,,,,,0.0,0.0,,,2.0,2.0,,,,,,0,,,,,,,,,,,,,104800,,,,,,,,,,,,
291,0.0,0.0,,,,,,0.0,0.0,,,2.0,2.0,,,,,,0,,,,,,,,,,,,,105113,,,,,,,,,,,,
292,0.0,0.0,,,,,,0.0,0.0,,,2.0,2.0,,,,,,0,,,,,,,,,,,,,105618,,,,,,,,,,,,
293,0.0,0.0,,,,,,0.0,0.0,,,2.0,2.0,,,,,,0,,,,,,,,,,,,,105631,,,,,,,,,,,,
294,0.0,0.0,,,,,,0.0,0.0,,,2.0,2.0,,,,,,0,,,,,,,,,,,,,hip59406b,,,,,,,,,,,,
295,0.0,0.0,,,,,,0.0,0.0,,,2.0,2.0,,,,,,0,,,,,,,,,,,,,106116,,,,,,,,,,,,
296,0.0,0.0,,,,,,0.0,0.0,,,2.0,2.0,,,,,,0,,,,,,,,,,,,,106156,,,,,,,,,,,,
297,-3.702478857427486e-07,0.0006052794067224425,,,,,,-0.09697972491164582,2.146483708134028,,,3.13303967232784,5.780370897577564,,9.20200320359761,,,,1,77.19619944344939,,,,0.6052007500975751,,,,-0.16281396903494866,,,,107148,81.04151368615636,,,,,,,,,,,
298,0.0,0.0,,,,,,0.0,0.0,,,2.0,2.0,,,,,,0,,,,,,,,,,,,,hip60559,,,,,,,,,,,,
299,0.0,0.0,,,,,,0.0,0.0,,,2.0,2.0,,,,,,0,,,,,,,,,,,,,g60-06,,,,,,,,,,,,
300,8.021106522155822e-07,0.00033475732224007884,,,,,,1.1708298649737878,-0.7421945396149465,,,2.818514158580919,3.3021214361668,,36.79739630334477,20.855329016985756,,,2,395.992546924077,1741.6441681385968,,,-0.32247819024719787,0.5127762738406727,,,-0.19988220833521486,0.09122433959996334,,,108874,-41.53425048454547,2454784.113529292,,,,,,,,,,
301,0.0,0.0,,,,,0.0,0.0,0.0,,2.0,2.0,2.0,,,,,,0,,,,,,,,,,,,,109358,,,,,,,,,,,,
302,0.0,0.0,,,,,0.0,0.0,0.0,,2.0,2.0,2.0,,,,,,0,,,,,,,,,,,,,110315,,,,,,,,,,,,
303,0.0,0.0,,,,,,0.0,0.0,,,2.0,2.0,,,,,,0,,,,,,,,,,,,,110537,,,,,,,,,,,,
304,7.370501329842766e-08,0.009148171901081074,,,,,,-7.336055907117122,-7.13775534906348,,,2.578619961648671,2.4045693223633067,,42.19924860405243,,,,1,14297.468900762646,,,,0.019657789906174936,,,,0.1569057175316989,,,,111031,3353.6897725085523,,,,,,,,,,,
305,0.0,0.0,,,,,,0.0,0.0,,,2.0,2.0,,,,,,0,,,,,,,,,,,,,gl486,,,,,,,,,,,,
306,0.0,0.0,,,,,,0.0,0.0,,,2.0,2.0,,,,,,0,,,,,,,,,,,,,111484b,,,,,,,,,,,,
307,0.0,0.0,,,,,,0.0,0.0,,,2.0,2.0,,,,,,0,,,,,,,,,,,,,111484a,,,,,,,,,,,,
308,0.0,0.0,,,,,,0.0,0.0,,,2.0,2.0,,,,,,0,,,,,,,,,,,,,111515,,,,,,,,,,,,
309,0.0,0.0,,,,,,0.0,0.0,,,2.0,2.0,,,,,,0,,,,,,,,,,,,,111631,,,,,,,,,,,,
310,0.0,0.0,,,,,,0.0,0.0,,,2.0,2.0,,,,,,0,,,,,,,,,,,,,112257,,,,,,,,,,,,
311,0.00014795597962999408,-0.053604042744276034,,,,,,155.77986591649662,447.3547493005822,,,88.9963752295101,105.85611627503137,,956.5813241646581,,,,1,3496.083953968706,,,,-0.32076498984422047,,,,0.45585880985901617,,,,hip63510,-348.23541818384984,,,,,,,,,,,
312,0.0,0.0,,,,,,0.0,0.0,,,2.0,2.0,,,,,,0,,,,,,,,,,,,,114174,,,,,,,,,,,,
313,2.538469887632235e-07,-0.001895593855449187,,,,,,-6.866973441891378,-14.205011204901796,,,3.6867045889905516,3.5082204877720145,,29.68629363369878,8.613449410738948,,,2,491.4662877325327,4380.693184113311,,,-0.17157513174987601,-0.404056720776536,,,0.32835800155959033,-0.2012178180866319,,,114783,-81.59129554599282,2454952.745077339,,,,,,,,,,
314,8.894704824160406e-08,-4.995999124807463e-06,,,,,,-1.9374479952376642,-9.672127820117801,,,3.2226188645969156,3.629951327957877,,18.139409019375396,,,,1,1135.4261491203888,,,,-0.21010856145547022,,,,0.26168830826323664,,,,114729,-884.4283892747347,,,,,,,,,,,
315,0.0,0.0,,,,,0.0,0.0,0.0,,2.0,2.0,2.0,,,,,,0,,,,,,,,,,,,,114946,,,,,,,,,,,,
316,0.0,0.0,,,,,,0.0,0.0,,,2.0,2.0,,,,,,0,,,,,,,,,,,,,115589,,,,,,,,,,,,
317,0.0,0.0,,,,,,0.0,0.0,,,2.0,2.0,,,,,,0,,,,,,,,,,,,,116442,,,,,,,,,,,,
318,0.0,0.0,,,,,,0.0,0.0,,,2.0,2.0,,,,,,0,,,,,,,,,,,,,116443,,,,,,,,,,,,
319,2.408060371246938e-07,0.00011393986367035871,,,,,,-8.770580665690062,-12.462883435817316,,,3.400406041050781,2.5082218363937354,,27.984199196856956,,,,1,2633.4001247002598,,,,0.036283482812654776,,,,0.37364273772126155,,,,117207,-976.7412292906452,,,,,,,,,,,
320,0.0,0.0,,,,,,0.0,0.0,,,2.0,2.0,,,,,,0,,,,,,,,,,,,,117936,,,,,,,,,,,,
321,0.0,0.0,,,,,,0.0,0.0,,,2.0,2.0,,,,,,0,,,,,,,,,,,,,hip66459,,,,,,,,,,,,
322,0.0,0.0,,,,,,0.0,0.0,,,2.0,2.0,,,,,,0,,,,,,,,,,,,,118914,,,,,,,,,,,,
323,0.0,0.0,,,,,,0.0,0.0,,,2.0,2.0,,,,,,0,,,,,,,,,,,,,119850,,,,,,,,,,,,
324,0.0,0.0,,,,,,0.0,0.0,,,2.0,2.0,,,,,,0,,,,,,,,,,,,,hip67164,,,,,,,,,,,,
325,-1.3541732676687284e-07,0.004548746609820286,,,,,-43.08578180748856,-49.88346532406266,-48.18604130377007,,3.092650371863655,3.0644988216426787,2.639986903092294,,30.709180117974977,5.225728451699625,,,2,9194.241314521149,44.7593348660675,,,0.6817428614282995,-0.738073045955567,,,-0.49685931642205455,0.6663852152139699,,,120066,4165.155996151151,2455246.762280233,,,,,,,,,,
326,0.0,0.0,,,,,,0.0,0.0,,,2.0,2.0,,,,,,0,,,,,,,,,,,,,gl528b,,,,,,,,,,,,
327,0.0,0.0,,,,,,0.0,0.0,,,2.0,2.0,,,,,,0,,,,,,,,,,,,,120476a,,,,,,,,,,,,
328,0.0,0.0,,,,,,0.0,0.0,,,2.0,2.0,,,,,,0,,,,,,,,,,,,,120467,,,,,,,,,,,,
329,0.0,0.0,,,,,0.0,0.0,0.0,,2.0,2.0,2.0,,,,,,0,,,,,,,,,,,,,122064,,,,,,,,,,,,
330,0.0,0.0,,,,,0.0,0.0,0.0,,2.0,2.0,2.0,,,,,,0,,,,,,,,,,,,,122120,,,,,,,,,,,,
331,0.0,0.0,,,,,,0.0,0.0,,,2.0,2.0,,,,,,0,,,,,,,,,,,,,122303,,,,,,,,,,,,
332,0.0,0.0,,,,,,0.0,0.0,0.0,,2.0,2.0,2.0,,,,,0,,,,,,,,,,,,,122652,,,,,,,,,,,,
333,0.0,0.0,,,,,,0.0,0.0,,,2.0,2.0,,,,,,0,,,,,,,,,,,,,124106,,,,,,,,,,,,
334,0.0,0.0,,,,,,0.0,0.0,,,2.0,2.0,,,,,,0,,,,,,,,,,,,,125184,,,,,,,,,,,,
335,0.0,0.0,,,,,,0.0,0.0,,,2.0,2.0,,,,,,0,,,,,,,,,,,,,125455,,,,,,,,,,,,
336,0.0,0.0,,,,,0.0,0.0,0.0,0.0,2.0,2.0,2.0,2.0,,,,,0,,,,,,,,,,,,,126053,,,,,,,,,,,,
337,-4.773747184807632e-06,0.02854152260100103,,,,,,-8.0848894261727,-18.115777955071554,,,3.062255977339608,4.1991337375618984,,9.071014600123863,,,,1,1250.7282882560733,,,,0.7231441903650022,,,,-0.27455577364816036,,,,126614,-2319.343970050744,,,,,,,,,,,
338,0.0,0.0,,,,,,0.0,0.0,,,2.0,2.0,,,,,,0,,,,,,,,,,,,,hip70975,,,,,,,,,,,,
339,0.0,0.0,,,,,,0.0,0.0,,,2.0,2.0,,,,,,0,,,,,,,,,,,,,hip71253,,,,,,,,,,,,
340,-1.1582696781199568e-07,-0.0022881331700251055,,,,,,14.775891024525542,2.6232020959541402,,,14.4469652784328,16.631183792303215,,76.22266600003043,63.50656698061865,,,2,912.3582913986115,453.7447557782457,,,0.3746461168748183,0.2414855523186819,,,-0.2036825609686295,0.4748065300192398,,,128311,-2677.612626318454,2455212.6171889687,,,,,,,,,,
341,0.0,0.0,,,,,,0.0,0.0,,,2.0,2.0,,,,,,0,,,,,,,,,,,,,129010,,,,,,,,,,,,
342,0.0,0.0,,,,,,0.0,0.0,,,2.0,2.0,,,,,,0,,,,,,,,,,,,,hip71898,,,,,,,,,,,,
343,0.0,0.0,,,,,,0.0,0.0,,,2.0,2.0,,,,,,0,,,,,,,,,,,,,129814,,,,,,,,,,,,
344,0.0,0.0,,,,,,0.0,0.0,,,2.0,2.0,,,,,,0,,,,,,,,,,,,,130307,,,,,,,,,,,,
345,-1.7899140022901615e-07,-0.0008175921686884965,,,,,,-17.818777521345332,-21.49829828883613,,,4.6352890383531,7.291801594700524,,112.1689212947014,,,,1,10.708982655585421,,,,-0.1278861876779941,,,,0.043729411470795045,,,,130322,72.84792419295553,,,,,,,,,,,
346,0.0,0.0,,,,,,0.0,0.0,,,2.0,2.0,,,,,,0,,,,,,,,,,,,,130871,,,,,,,,,,,,
347,0.0,0.0,,,,,,0.0,0.0,,,2.0,2.0,,,,,,0,,,,,,,,,,,,,130992,,,,,,,,,,,,
348,0.0,0.0,,,,,,0.0,0.0,,,2.0,2.0,,,,,,0,,,,,,,,,,,,,131117,,,,,,,,,,,,
349,0.0,0.0,,,,,,0.0,0.0,,,2.0,2.0,,,,,,0,,,,,,,,,,,,,131509,,,,,,,,,,,,
350,0.0,0.0,,,,,,0.0,0.0,0.0,,2.0,2.0,2.0,,,,,0,,,,,,,,,,,,,gl569a,,,,,,,,,,,,
351,0.0,0.0,,,,,0.0,0.0,0.0,,2.0,2.0,2.0,,,,,,0,,,,,,,,,,,,,132142,,,,,,,,,,,,
352,0.0,0.0,,,,,,0.0,0.0,,,2.0,2.0,,,,,,0,,,,,,,,,,,,,132505,,,,,,,,,,,,
353,0.0,0.0,,,,,,0.0,0.0,,,2.0,2.0,,,,,,0,,,,,,,,,,,,,134440,,,,,,,,,,,,
354,0.0,0.0,,,,,,0.0,0.0,,,2.0,2.0,,,,,,0,,,,,,,,,,,,,134439,,,,,,,,,,,,
355,0.0,0.0,,,,,0.0,0.0,0.0,,2.0,2.0,2.0,,,,,,0,,,,,,,,,,,,,135101a,,,,,,,,,,,,
356,0.0,0.0,,,,,,0.0,0.0,,,2.0,2.0,,,,,,0,,,,,,,,,,,,,s101438b,,,,,,,,,,,,
357,-6.9607196228511144e-09,-0.0006975996534880583,,,,,,-2.4328221487021278,-1.9238916086043325,,,2.1180762731275604,3.2580447524293463,,50.26165259420749,9.595846744400847,,,2,258.22263970913656,5918.376006001159,,,0.4705947132416783,-0.04919441843831199,,,-0.07998861901788994,-0.4604478784321049,,,134987,-410.5416623997096,2454987.1379724527,,,,,,,,,,
358,0.0,0.0,,,,,,0.0,0.0,,,2.0,2.0,,,,,,0,,,,,,,,,,,,,hip74995,,,,,,,,,,,,
359,0.0,0.0,,,,,,0.0,0.0,,,2.0,2.0,,,,,,0,,,,,,,,,,,,,136442,,,,,,,,,,,,
360,0.0,0.0,,,,,,0.0,0.0,,,2.0,2.0,,,,,,0,,,,,,,,,,,,,136713,,,,,,,,,,,,
361,0.0,0.0,,,,,,0.0,0.0,,,2.0,2.0,,,,,,0,,,,,,,,,,,,,136834,,,,,,,,,,,,
362,0.0,0.0,,,,,,0.0,0.0,,,2.0,2.0,,,,,,0,,,,,,,,,,,,,136925,,,,,,,,,,,,
363,0.0,0.0,,,,,,0.0,0.0,,,2.0,2.0,,,,,,0,,,,,,,,,,,,,137778,,,,,,,,,,,,
364,0.0,0.0,,,,,,0.0,0.0,,,2.0,2.0,,,,,,0,,,,,,,,,,,,,138549,,,,,,,,,,,,
365,0.0,0.0,,,,,,0.0,0.0,,,2.0,2.0,,,,,,0,,,,,,,,,,,,,138776,,,,,,,,,,,,
366,0.0,0.0,,,,,,0.0,0.0,,,2.0,2.0,,,,,,0,,,,,,,,,,,,,139477,,,,,,,,,,,,
367,0.0,0.0,,,,,0.0,0.0,0.0,,2.0,2.0,2.0,,,,,,0,,,,,,,,,,,,,139323,,,,,,,,,,,,
368,0.0,0.0,,,,,,0.0,0.0,,,2.0,2.0,,,,,,0,,,,,,,,,,,,,139457,,,,,,,,,,,,
369,0.00044514063651974046,-1.0373950321094574,,,,,,-3943.1761184889356,-4044.5575506510268,,,15.052443369690888,31.006848907699464,,4570.1696075934,,,,1,14170.371779358245,,,,0.09825542882526811,,,,-0.028378222349840575,,,,142229,-6411.038332887106,,,,,,,,,,,
370,0.0,0.0,,,,,,0.0,0.0,,,2.0,2.0,,,,,,0,,,,,,,,,,,,,143291,,,,,,,,,,,,
371,0.0,0.0,,,,,0.0,0.0,0.0,,2.0,2.0,2.0,,,,,,0,,,,,,,,,,,,,144579,,,,,,,,,,,,
372,0.0,0.0,,,,,,0.0,0.0,,,2.0,2.0,,,,,,0,,,,,,,,,,,,,144585,,,,,,,,,,,,
373,0.0,0.0,,,,,,0.0,0.0,,,2.0,2.0,,,,,,0,,,,,,,,,,,,,144988,,,,,,,,,,,,
374,-1.5556254148767912e-06,-0.010454048074789455,,,,,78.40025848701731,25.903522390626236,28.374880780093424,,3.3953667644642955,2.1170855867134657,3.035234253450268,,90.34636738902311,14.523389146076065,,,2,1766.60596223424,6952.577312803329,,,0.5531052678230534,-0.017864020920944326,,,0.23959382675717214,0.35133919501511646,,,145675,-512.5578663133565,2453569.4935758365,,,,,,,,,,
375,-2.3546510904461267e-06,-0.057745365597872404,,,,,,92.79780437090666,91.86784032740064,,,7.760595060025447,7.149776434507486,,20.26246116416937,,,,1,2740.5473240308884,,,,0.09009531701173969,,,,-0.2068126860046611,,,,145934,370.65428909447337,,,,,,,,,,,
376,0.0,0.0,,,,,,0.0,0.0,,,2.0,2.0,,,,,,0,,,,,,,,,,,,,145958b,,,,,,,,,,,,
377,0.0,0.0,,,,,,0.0,0.0,,,2.0,2.0,,,,,,0,,,,,,,,,,,,,145958a,,,,,,,,,,,,
378,0.0,0.0,,,,,,0.0,0.0,,,2.0,2.0,,,,,,0,,,,,,,,,,,,,145809,,,,,,,,,,,,
379,0.0,0.0,,,,,,0.0,0.0,,,2.0,2.0,,,,,,0,,,,,,,,,,,,,146362b,,,,,,,,,,,,
380,0.0,0.0,,,,,,0.0,0.0,,,2.0,2.0,,,,,,0,,,,,,,,,,,,,147231,,,,,,,,,,,,
381,0.0,0.0,,,,,0.0,0.0,0.0,,2.0,2.0,2.0,,,,,,0,,,,,,,,,,,,,146233,,,,,,,,,,,,
382,0.0,0.0,,,,,,0.0,0.0,,,2.0,2.0,,,,,,0,,,,,,,,,,,,,147379a,,,,,,,,,,,,
383,0.0,0.0,,,,,,0.0,0.0,,,2.0,2.0,,,,,,0,,,,,,,,,,,,,147379b,,,,,,,,,,,,
384,0.0,0.0,,,,,,0.0,0.0,,,2.0,2.0,,,,,,0,,,,,,,,,,,,,146775,,,,,,,,,,,,
385,0.0,0.0,,,,,,0.0,0.0,,,2.0,2.0,,,,,,0,,,,,,,,,,,,,hip80295,,,,,,,,,,,,
386,0.0,0.0,,,,,,0.0,0.0,,,2.0,2.0,,,,,,0,,,,,,,,,,,,,gl625,,,,,,,,,,,,
387,0.0,0.0,,,,,,0.0,0.0,,,2.0,2.0,,,,,,0,,,,,,,,,,,,,hip80824,,,,,,,,,,,,
388,0.0,0.0,,,,,0.0,0.0,0.0,0.0,2.0,2.0,2.0,2.0,,,,,0,,,,,,,,,,,,,149661,,,,,,,,,,,,
389,0.0,0.0,,,,,,0.0,0.0,,,2.0,2.0,,,,,,0,,,,,,,,,,,,,149724,,,,,,,,,,,,
390,0.0,0.0,,,,,,0.0,0.0,,,2.0,2.0,,,,,,0,,,,,,,,,,,,,150433,,,,,,,,,,,,
391,0.0,0.0,,,,,,0.0,0.0,,,2.0,2.0,,,,,,0,,,,,,,,,,,,,150437,,,,,,,,,,,,
392,0.0,0.0,,,,,,0.0,0.0,,,2.0,2.0,,,,,,0,,,,,,,,,,,,,151541,,,,,,,,,,,,
393,0.0,0.0,,,,,,0.0,0.0,,,2.0,2.0,,,,,,0,,,,,,,,,,,,,150698,,,,,,,,,,,,
394,0.0,0.0,,,,,0.0,0.0,0.0,,2.0,2.0,2.0,,,,,,0,,,,,,,,,,,,,151288,,,,,,,,,,,,
395,0.0,0.0,,,,,,0.0,0.0,,,2.0,2.0,,,,,,0,,,,,,,,,,,,,151877,,,,,,,,,,,,
396,0.0,0.0,,,,,,0.0,0.0,,,2.0,2.0,,,,,,0,,,,,,,,,,,,,151995,,,,,,,,,,,,
397,0.0,0.0,,,,,,0.0,0.0,,,2.0,2.0,,,,,,0,,,,,,,,,,,,,152792,,,,,,,,,,,,
398,0.0,0.0,,,,,,0.0,0.0,,,2.0,2.0,,,,,,0,,,,,,,,,,,,,153525,,,,,,,,,,,,
399,0.0,0.0,,,,,,0.0,0.0,,,2.0,2.0,,,,,,0,,,,,,,,,,,,,153557,,,,,,,,,,,,
400,2.244944455504337e-07,0.0019139500565299521,,,,,,-0.8587995173621681,2.40044218032718,,,4.065147021235673,3.8289875804610323,,12.610812014133945,,,,1,600.5012621166582,,,,0.5386515131882549,,,,-0.141337623341626,,,,hip83043,-60.64150208667432,,,,,,,,,,,
401,2.0173130569960987e-07,-0.003044036923268983,,,,,,0.17943328898368371,-12.279468674259842,,,2.598261623270951e-05,9.97401094558614,,13.962003248568385,,,,1,18.798032847547823,,,,0.4883893875985814,,,,-0.005726589128068593,,,,153458,13.733945317626775,,,,,,,,,,,
402,9.945725747167406e-08,-0.0002838930392002501,,,,,,0.5531864333124893,-1.6878993223750463,,,2.9035181577765363,2.9142324295693847,,17.357010978547557,,,,1,3233.1394684765614,,,,0.1418464802083833,,,,-0.01623648673746137,,,,154345,-4178.05877269227,,,,,,,,,,,
403,0.0,0.0,,,,,,0.0,0.0,,,2.0,2.0,,,,,,0,,,,,,,,,,,,,154088,,,,,,,,,,,,
404,0.0,0.0,,,,,,0.0,0.0,,,2.0,2.0,,,,,,0,,,,,,,,,,,,,154363,,,,,,,,,,,,
405,0.0,0.0,,,,,,0.0,0.0,,,2.0,2.0,,,,,,0,,,,,,,,,,,,,hip84099,,,,,,,,,,,,
406,0.0,0.0,,,,,,0.0,0.0,,,2.0,2.0,,,,,,0,,,,,,,,,,,,,156026,,,,,,,,,,,,
407,0.0,0.0,,,,,,0.0,0.0,,,2.0,2.0,,,,,,0,,,,,,,,,,,,,156985,,,,,,,,,,,,
408,0.0,0.0,,,,,,0.0,0.0,,,2.0,2.0,,,,,,0,,,,,,,,,,,,,156365,,,,,,,,,,,,
409,0.0,0.0,,,,,,0.0,0.0,,,2.0,2.0,,,,,,0,,,,,,,,,,,,,gl667c,,,,,,,,,,,,
410,0.0,0.0,,,,,,0.0,0.0,,,2.0,2.0,,,,,,0,,,,,,,,,,,,,hip84790,,,,,,,,,,,,
411,0.0,0.0,,,,,,0.0,0.0,,,2.0,2.0,,,,,,0,,,,,,,,,,,,,156826,,,,,,,,,,,,
412,0.0,0.0,,,,,,0.0,0.0,,,2.0,2.0,,,,,,0,,,,,,,,,,,,,157172,,,,,,,,,,,,
413,0.0,0.0,,,,,0.0,0.0,0.0,,2.0,2.0,2.0,,,,,,0,,,,,,,,,,,,,157347,,,,,,,,,,,,
414,0.0,0.0,,,,,,0.0,0.0,,,2.0,2.0,,,,,,0,,,,,,,,,,,,,157338,,,,,,,,,,,,
415,0.0,0.0,,,,,,0.0,0.0,,,2.0,2.0,,,,,,0,,,,,,,,,,,,,157881,,,,,,,,,,,,
416,0.0,0.0,,,,,,0.0,0.0,,,2.0,2.0,,,,,,0,,,,,,,,,,,,,s122446,,,,,,,,,,,,
417,0.0,0.0,,,,,,0.0,0.0,0.0,,2.0,2.0,2.0,,,,,0,,,,,,,,,,,,,159063,,,,,,,,,,,,
418,0.0,0.0,,,,,0.0,0.0,0.0,,2.0,2.0,2.0,,,,,,0,,,,,,,,,,,,,159222,,,,,,,,,,,,
419,0.0,0.0,,,,,,0.0,0.0,,,2.0,2.0,,,,,,0,,,,,,,,,,,,,gl687,,,,,,,,,,,,
420,0.0,0.0,,,,,,0.0,0.0,,,2.0,2.0,,,,,,0,,,,,,,,,,,,,gl686,,,,,,,,,,,,
421,0.0,0.0,,,,,,0.0,0.0,,,2.0,2.0,,,,,,0,,,,,,,,,,,,,160693,,,,,,,,,,,,
422,0.0,0.0,,,,,,0.0,0.0,,,2.0,2.0,,,,,,0,,,,,,,,,,,,,gl694,,,,,,,,,,,,
423,0.0,0.0,,,,,,0.0,0.0,,,2.0,2.0,,,,,,0,,,,,,,,,,,,,hip86961,,,,,,,,,,,,
424,2.9758869882182935e-06,0.0032149875823500682,0.30926594784408473,0.08782195110536242,0.04498677970362162,0.023148156436836844,,-12.95509342696271,4.1243298720456485,,,0.002568437498193288,0.0061888402611533656,,30.630668532102028,15.535596636758447,2.449292968908578,0.2682381407277443,4,18.451694660857783,27.298010367566715,23.629174904119765,11.077074560761872,0.5529070913329435,-0.02655079933395747,0.044611399829220105,0.11709311791594865,-0.059663189638409934,0.295155901448862,0.20735622177523172,0.09714606617644685,hip87062,14.263957680948652,2455196.2222103947,2455201.3004352427,2455199.8102067104,11.157269109020888,2455196.547855441,2455200.5723779765,2455198.324022636,-0.10749223331165557,1.6605100311554772,1.358882750470854,0.6925593547896466
425,0.0,0.0,,,,,,0.0,0.0,,,2.0,2.0,,,,,,0,,,,,,,,,,,,,161848,,,,,,,,,,,,
426,0.0,0.0,,,,,,0.0,0.0,0.0,,2.0,2.0,2.0,,,,,0,,,,,,,,,,,,,163153,,,,,,,,,,,,
427,0.0,0.0,,,,,,0.0,0.0,,,2.0,2.0,,,,,,0,,,,,,,,,,,,,163489,,,,,,,,,,,,
428,0.0,0.0,,,,,0.0,0.0,0.0,0.0,2.0,2.0,2.0,2.0,,,,,0,,,,,,,,,,,,,gl699,,,,,,,,,,,,
429,0.0,0.0,,,,,,0.0,0.0,,,2.0,2.0,,,,,,0,,,,,,,,,,,,,164595,,,,,,,,,,,,
430,0.0,0.0,,,,,,0.0,0.0,,,2.0,2.0,,,,,,0,,,,,,,,,,,,,164507,,,,,,,,,,,,
431,-8.812331101276637e-08,-5.925436800437605e-05,,,,,1.8417577999631982,1.6384399816344202,5.045630319644913,,249.48747310962645,2.931183184339684,2.6157733509192242,,7.349173545744924,2.424505851366039,,,2,1209.7508275920636,75.75733793209419,,,-0.3052035827127659,0.19809826662898217,,,0.03309718033323184,0.16869073260109946,,,164922,-209.59907110966307,2455215.576785496,,,,,,,,,,
432,0.0,0.0,,,,,,0.0,0.0,,,2.0,2.0,,,,,,0,,,,,,,,,,,,,165222,,,,,,,,,,,,
433,0.0,0.0,,,,,,0.0,0.0,,,2.0,2.0,,,,,,0,,,,,,,,,,,,,hip89215,,,,,,,,,,,,
434,0.0,0.0,,,,,,0.0,0.0,,,2.0,2.0,,,,,,0,,,,,,,,,,,,,167215,,,,,,,,,,,,
435,0.0,0.0,,,,,,0.0,0.0,,,2.0,2.0,,,,,,0,,,,,,,,,,,,,167216,,,,,,,,,,,,
436,0.0,0.0,,,,,,0.0,0.0,,,2.0,2.0,,,,,,0,,,,,,,,,,,,,167389,,,,,,,,,,,,
437,-2.6882011163264107e-06,0.0034569804752989644,,,,,,-150.1401000081738,-121.39258247537477,,,41.16129157924454,6.6333154914974335,,618.7604761164586,,,,1,4343.328203454574,,,,-0.4087283284635429,,,,-0.3914095554614422,,,,167665,-2689.3235302625685,,,,,,,,,,,
438,0.0,0.0,,,,,,0.0,0.0,,,2.0,2.0,,,,,,0,,,,,,,,,,,,,lhs462,,,,,,,,,,,,
439,-3.0172880787836795e-08,-0.00810557140195395,,,,,4.14965068526381,45.560021444044104,47.14618725735289,,2.5101609457481104,3.296650373838044,3.892272822228874,,476.5239053105268,297.5721142668426,8.47590389052861,,3,58.112290406752585,1749.9654277458474,74.73287732040309,,-0.7234072594643423,0.18977338664273696,-0.004097895238145354,,0.08620925489292058,0.4177461229934428,-0.9946134065635222,,168443,261.13662147081584,2457351.091493728,2455120.161642551,,,,,,,,,
440,0.0,0.0,,,,,,0.0,0.0,,,2.0,2.0,,,,,,0,,,,,,,,,,,,,168746,,,,,,,,,,,,
441,7.218091139820763e-09,0.00043214815345627556,,,,,,7.941295127072645,6.885007273378674,,,4.636581859231675,7.798193813342427,,81.84547984322069,47.42107603686414,,,2,225.42321874988536,1818.798827223746,,,-0.46590838571808985,0.39181501772156263,,,0.2626721908438766,-0.2718749826147026,,,169830,-20.014747406353802,2455167.583928533,,,,,,,,,,
442,0.0,0.0,,,,,,0.0,0.0,,,2.0,2.0,,,,,,0,,,,,,,,,,,,,170174,,,,,,,,,,,,
443,-5.037963772868486e-07,0.00018858463599786166,,,,,,-2.228551004645677,-2.6531611640838815,,,4.014630005183546,3.8746652176030003,,10.55189811560862,,,,1,1094.8600558656365,,,,-0.011550392334882392,,,,0.3347640213340918,,,,170469,1583.8680761263813,,,,,,,,,,,
444,0.0,0.0,,,,,,0.0,0.0,,,2.0,2.0,,,,,,0,,,,,,,,,,,,,170493,,,,,,,,,,,,
445,0.0,0.0,,,,,,0.0,0.0,0.0,,2.0,2.0,2.0,,,,,0,,,,,,,,,,,,,170657,,,,,,,,,,,,
446,0.0,0.0,,,,,,0.0,0.0,,,2.0,2.0,,,,,,0,,,,,,,,,,,,,g205-028,,,,,,,,,,,,
447,0.0,0.0,,,,,,0.0,0.0,,,2.0,2.0,,,,,,0,,,,,,,,,,,,,171067,,,,,,,,,,,,
448,0.0,0.0,,,,,,0.0,0.0,,,2.0,2.0,,,,,,0,,,,,,,,,,,,,gl4063,,,,,,,,,,,,
449,0.0,0.0,,,,,,0.0,0.0,,,2.0,2.0,,,,,,0,,,,,,,,,,,,,171665,,,,,,,,,,,,
450,0.0,0.0,,,,,,0.0,0.0,,,2.0,2.0,,,,,,0,,,,,,,,,,,,,171918,,,,,,,,,,,,
451,0.0,0.0,,,,,,0.0,0.0,,,2.0,2.0,,,,,,0,,,,,,,,,,,,,172310,,,,,,,,,,,,
452,0.0,0.0,,,,,0.0,0.0,0.0,,2.0,2.0,2.0,,,,,,0,,,,,,,,,,,,,172051,,,,,,,,,,,,
453,0.0,0.0,,,,,,0.0,0.0,,,2.0,2.0,,,,,,0,,,,,,,,,,,,,hip91699,,,,,,,,,,,,
454,0.0,0.0,,,,,,0.0,0.0,,,2.0,2.0,,,,,,0,,,,,,,,,,,,,172513,,,,,,,,,,,,
455,0.0,0.0,,,,,,0.0,0.0,,,2.0,2.0,,,,,,0,,,,,,,,,,,,,173739,,,,,,,,,,,,
456,0.0,0.0,,,,,,0.0,0.0,,,2.0,2.0,,,,,,0,,,,,,,,,,,,,173740,,,,,,,,,,,,
457,0.0,0.0,,,,,,0.0,0.0,,,2.0,2.0,,,,,,0,,,,,,,,,,,,,173701,,,,,,,,,,,,
458,0.0,0.0,,,,,,0.0,0.0,,,2.0,2.0,,,,,,0,,,,,,,,,,,,,173818,,,,,,,,,,,,
459,0.0,0.0,,,,,,0.0,0.0,,,2.0,2.0,,,,,,0,,,,,,,,,,,,,hip92403,,,,,,,,,,,,
460,-3.2473653315340275e-07,0.001142976866108182,,,,,,1.9905386703010006,5.3329817755992135,,,4.220760874604273,8.3941130868458,,13.99428316796599,,,,1,298.5319757989645,,,,-0.34258559861927557,,,,-0.13426534241486854,,,,175541,-516.2043848321082,,,,,,,,,,,
461,0.0,0.0,,,,,,0.0,0.0,,,2.0,2.0,,,,,,0,,,,,,,,,,,,,176377,,,,,,,,,,,,
462,0.0,0.0,,,,,,0.0,0.0,,,2.0,2.0,,,,,,0,,,,,,,,,,,,,230409,,,,,,,,,,,,
463,0.0,0.0,,,,,,0.0,0.0,,,2.0,2.0,,,,,,0,,,,,,,,,,,,,176982,,,,,,,,,,,,
464,6.205728408055773e-08,-0.00014504765342346357,,,,,,0.7163890433575895,3.9771740983351735,,,4.684566535548526,4.048620570403999,,31.436836359190515,5.348702199711492,,,2,407.521932059158,111.04848386410539,,,-0.20647233919112234,-0.4473815498482132,,,0.03969247200534962,0.4536859546502776,,,177830,136.0382139592048,2455174.6220515408,,,,,,,,,,
465,0.0,0.0,,,,,,0.0,0.0,,,2.0,2.0,,,,,,0,,,,,,,,,,,,,gl745a,,,,,,,,,,,,
466,0.0,0.0,,,,,,0.0,0.0,,,2.0,2.0,,,,,,0,,,,,,,,,,,,,gl745b,,,,,,,,,,,,
467,0.0,0.0,,,,,,0.0,0.0,,,2.0,2.0,,,,,,0,,,,,,,,,,,,,g207-019,,,,,,,,,,,,
468,-2.779150291734561e-07,-0.0007896870571560617,,,,,,58.8557977746182,57.45232517568604,,,2.786326766945788,3.497863224265871,,342.89017847343956,14.184786712684007,,,2,71.48419896724381,45.4924454320913,,,-0.3245614364791455,0.9582524571568486,,,0.08001128256167607,0.09920628049558493,,,178911b,242.84678711633725,2455200.0337751047,,,,,,,,,,
469,0.0,0.0,,,,,0.0,0.0,0.0,,2.0,2.0,2.0,,,,,,0,,,,,,,,,,,,,179957,,,,,,,,,,,,
470,0.0,0.0,,,,,,0.0,0.0,,,2.0,2.0,,,,,,0,,,,,,,,,,,,,179958,,,,,,,,,,,,
471,0.0,0.0,,,,,,0.0,0.0,,,2.0,2.0,,,,,,0,,,,,,,,,,,,,230999,,,,,,,,,,,,
472,0.0,0.0,,,,,,0.0,0.0,,,2.0,2.0,,,,,,0,,,,,,,,,,,,,179949,,,,,,,,,,,,
473,0.0,0.0,,,,,,0.0,0.0,,,2.0,2.0,,,,,,0,,,,,,,,,,,,,180684,,,,,,,,,,,,
474,0.0,0.0,,,,,,0.0,0.0,,,2.0,2.0,,,,,,0,,,,,,,,,,,,,180617,,,,,,,,,,,,
475,0.0,0.0,,,,,0.0,0.0,0.0,,2.0,2.0,2.0,,,,,,0,,,,,,,,,,,,,182572,,,,,,,,,,,,
476,7.604683609462695e-07,-0.0070843692159024505,,,,,1.2360053113405267,0.9902261238658858,3.7678087744863524,,3.0829817571907236,3.8016866267059197,3.093736673129721,,15.846663296995441,88.1937420557442,70.74004796087726,,3,621.7506991472411,5119.611080485879,625.871947949608,,-0.40648175475040405,0.14301830143807434,-0.366887245069097,,-0.5071013304816806,-0.1944504051859489,-0.4879636355466241,,183263,-232.5625755492641,2446954.0159460795,2454422.769227702,,,,,,,,,
477,0.0,0.0,,,,,,0.0,0.0,,,2.0,2.0,,,,,,0,,,,,,,,,,,,,183650,,,,,,,,,,,,
478,0.0,0.0,,,,,,0.0,0.0,,,2.0,2.0,,,,,,0,,,,,,,,,,,,,183658,,,,,,,,,,,,
479,0.0,0.0,,,,,,0.0,0.0,,,2.0,2.0,,,,,,0,,,,,,,,,,,,,183870,,,,,,,,,,,,
480,-1.1750832626740965e-07,-1.6445398627148613e-05,,,,,1.8045360235942676,0.9024628012094543,-2.6429122839695895,-0.6031823606244763,2.907295891719096,2.0536100195009332,2.519133750296894,0.0040970808515396195,1.9982977798644397,1.8203479036640666,,,2,2351.0510002163546,360.21638226197393,,,-0.46279199215429523,0.13890151138690063,,,0.2777658221209238,-0.7591908426573791,,,185144,129.5436527929345,2455306.645517026,,,,,,,,,,
481,0.0,0.0,,,,,,0.0,0.0,,,2.0,2.0,,,,,,0,,,,,,,,,,,,,185295,,,,,,,,,,,,
482,0.0,0.0,,,,,0.0,0.0,0.0,,2.0,2.0,2.0,,,,,,0,,,,,,,,,,,,,187123,,,,,,,,,,,,
483,0.0,0.0,,,,,,0.0,0.0,0.0,,2.0,2.0,2.0,,,,,0,,,,,,,,,,,,,187237,,,,,,,,,,,,
484,0.0,0.0,,,,,0.0,0.0,0.0,,2.0,2.0,2.0,,,,,,0,,,,,,,,,,,,,187923,,,,,,,,,,,,
485,-9.89847657863691e-07,-0.0007688771952604002,,,,,,-2.6617445468816805,-1.0262354119123467,,,5.333767969392867,3.707675976937128,,37.39800803950066,,,,1,461.5621648389967,,,,-0.3074691067141286,,,,-0.2701105341264559,,,,188015,-181.95712758298944,,,,,,,,,,,
486,0.0,0.0,,,,,,0.0,0.0,0.0,,2.0,2.0,2.0,,,,,0,,,,,,,,,,,,,187897,,,,,,,,,,,,
487,0.0,0.0,,,,,,0.0,0.0,,,2.0,2.0,,,,,,0,,,,,,,,,,,,,188510,,,,,,,,,,,,
488,0.0,0.0,,,,,,0.0,0.0,,,2.0,2.0,,,,,,0,,,,,,,,,,,,,189625,,,,,,,,,,,,
489,0.0,0.0,,,,,0.0,0.0,0.0,,2.0,2.0,2.0,,,,,,0,,,,,,,,,,,,,190067,,,,,,,,,,,,
490,0.0,0.0,,,,,,0.0,0.0,0.0,,2.0,2.0,2.0,,,,,0,,,,,,,,,,,,,190007,,,,,,,,,,,,
491,-3.847399358323177e-07,0.0006228373003566648,,,,,6.016708776096053,-1.1594370146408572,2.6497424460145593,-0.9403459093405755,1.832268604182627,2.7526119594265657,3.313766940245419,6.926482298312415,23.030984012056376,5.534194579846643,1.5669167712975731,,3,2816.648762736508,17.117908548729233,88.69696778425327,,0.5590893641612864,0.25661737573065574,0.13922241686139547,,0.08631469181764319,-0.36168000486350926,-0.32830675276657606,,190360,3411.225931974567,2455198.5214545378,2455209.1949490476,,,,,,,,,
492,0.0,0.0,,,,,,0.0,0.0,,,2.0,2.0,,,,,,0,,,,,,,,,,,,,190404,,,,,,,,,,,,
493,0.0,0.0,,,,,0.0,0.0,0.0,0.0,2.0,2.0,2.0,2.0,,,,,0,,,,,,,,,,,,,190406,,,,,,,,,,,,
494,0.0,0.0,,,,,,0.0,0.0,,,2.0,2.0,,,,,,0,,,,,,,,,,,,,193202,,,,,,,,,,,,
495,0.0,0.0,,,,,,0.0,0.0,,,2.0,2.0,,,,,,0,,,,,,,,,,,,,191785,,,,,,,,,,,,
496,0.0,0.0,,,,,,0.0,0.0,,,2.0,2.0,,,,,,0,,,,,,,,,,,,,192020,,,,,,,,,,,,
497,5.130173577125139e-07,0.0002542561483955449,,,,,,-5.9900098812150455,-10.605866050155564,,,5.051512792057806,8.08381412831026,,53.44381992459964,,,,1,24.36115911875618,,,,0.03560878126976485,,,,0.21758451576066665,,,,192263,34.54373199731306,,,,,,,,,,,
498,0.0,0.0,,,,,,0.0,0.0,,,2.0,2.0,,,,,,0,,,,,,,,,,,,,192343,,,,,,,,,,,,
499,0.0,0.0,,,,,,0.0,0.0,,,2.0,2.0,,,,,,0,,,,,,,,,,,,,192344,,,,,,,,,,,,
500,0.0,0.0,,,,,,0.0,0.0,,,2.0,2.0,,,,,,0,,,,,,,,,,,,,193795,,,,,,,,,,,,
501,0.0,0.0,,,,,,0.0,0.0,,,2.0,2.0,,,,,,0,,,,,,,,,,,,,193901,,,,,,,,,,,,
502,0.0,0.0,,,,,,0.0,0.0,,,2.0,2.0,,,,,,0,,,,,,,,,,,,,195019b,,,,,,,,,,,,
503,3.763850412347142e-07,0.002964127563721576,,,,,,36.18451967544812,27.29535433404969,-36.491696743540246,,7.784363165232023,5.116260763764866,14.299840004983324,272.0234246160601,,,,1,18.200534156425935,,,,-0.09415943788580393,,,,-0.11159456724481223,,,,195019,179.20479245677365,,,,,,,,,,,
504,0.0,0.0,,,,,,0.0,0.0,,,2.0,2.0,,,,,,0,,,,,,,,,,,,,gl793,,,,,,,,,,,,
505,0.0,0.0,,,,,0.0,0.0,0.0,,2.0,2.0,2.0,,,,,,0,,,,,,,,,,,,,195564,,,,,,,,,,,,
506,0.0,0.0,,,,,,0.0,0.0,,,2.0,2.0,,,,,,0,,,,,,,,,,,,,196201,,,,,,,,,,,,
507,0.0,0.0,,,,,,0.0,0.0,,,2.0,2.0,,,,,,0,,,,,,,,,,,,,196850,,,,,,,,,,,,
508,0.0,0.0,,,,,,0.0,0.0,,,2.0,2.0,,,,,,0,,,,,,,,,,,,,196761,,,,,,,,,,,,
509,-1.5873681110075095e-07,-2.5761277784612495e-05,,,,,,-0.5322465764520445,-3.7840832760320606,,,3.3047306458457766,4.005605317619499,,4.318388676111038,,,,1,1790.0771357928763,,,,-0.3366061199101405,,,,-0.28523938959720724,,,,197076,-1001.5256045006631,,,,,,,,,,,
510,0.0,0.0,,,,,,0.0,0.0,0.0,,2.0,2.0,2.0,,,,,0,,,,,,,,,,,,,gl806,,,,,,,,,,,,
511,0.0,0.0,,,,,,0.0,0.0,,,2.0,2.0,,,,,,0,,,,,,,,,,,,,199476,,,,,,,,,,,,
512,0.0,0.0,,,,,,0.0,0.0,,,2.0,2.0,,,,,,0,,,,,,,,,,,,,hip103039,,,,,,,,,,,,
513,0.0,0.0,,,,,,0.0,0.0,,,2.0,2.0,,,,,,0,,,,,,,,,,,,,198802,,,,,,,,,,,,
514,0.0,0.0,,,,,0.0,0.0,0.0,,2.0,2.0,2.0,,,,,,0,,,,,,,,,,,,,199305,,,,,,,,,,,,
515,0.0,0.0,,,,,,0.0,0.0,,,2.0,2.0,,,,,,0,,,,,,,,,,,,,hip103269,,,,,,,,,,,,
516,0.0,0.0,,,,,0.0,0.0,0.0,,2.0,2.0,2.0,,,,,,0,,,,,,,,,,,,,199960,,,,,,,,,,,,
517,-6.957031695036758e-07,-0.0002958615175475632,,,,,,1.4319383816586915,1.863790259572146,,,2.726006548548894,3.1617822266638123,,3.0279517607406987,,,,1,35.28076750034331,,,,0.5065593086668154,,,,-0.2974689934596821,,,,216520,-4.9740895569180275,,,,,,,,,,,
518,0.0,0.0,,,,,,0.0,0.0,,,2.0,2.0,,,,,,0,,,,,,,,,,,,,216259,,,,,,,,,,,,
519,3.6684526057797566e-08,-0.0006864165285220628,,,,,,-0.6952797561093337,-6.4735348854384,-23.62239691083494,,7.231873287795092,6.109257143885505,35.21091157652286,211.98501826213368,89.39034170001682,20.302150012158545,,3,61.030983115218305,30.22737202409793,15.041643179334484,,-0.003073051314007924,0.056842044281735934,0.16094811413150112,,-0.04646766207921391,-0.1368452754533986,0.040895565102501565,,gl876,159.6592509766819,2455205.5984268086,2455197.146106791,,,,,,,,,
520,0.0,0.0,,,,,,0.0,0.0,,,2.0,2.0,,,,,,0,,,,,,,,,,,,,216899,,,,,,,,,,,,
521,0.0,0.0,,,,,,0.0,0.0,,,2.0,2.0,,,,,,0,,,,,,,,,,,,,217004,,,,,,,,,,,,
522,0.0,0.0,,,,,0.0,0.0,0.0,0.0,2.0,2.0,2.0,2.0,,,,,0,,,,,,,,,,,,,217107,,,,,,,,,,,,
523,-3.2287902286966284e-05,-0.5204654690452681,,,,,,419.308677312226,669.7952685518131,,,150.56106547665186,3.5160972365521226,,653.1885987677621,,,,1,8213.988002730744,,,,0.31162220549426767,,,,0.05224763134790722,,,,217165,6391.8099049144475,,,,,,,,,,,
524,0.0,0.0,,,,,,0.0,0.0,,,2.0,2.0,,,,,,0,,,,,,,,,,,,,217357,,,,,,,,,,,,
525,0.0,0.0,,,,,,0.0,0.0,0.0,,2.0,2.0,2.0,,,,,0,,,,,,,,,,,,,217877,,,,,,,,,,,,
526,0.0,0.0,,,,,,0.0,0.0,,,2.0,2.0,,,,,,0,,,,,,,,,,,,,218168,,,,,,,,,,,,
527,0.0,0.0,,,,,,0.0,0.0,,,2.0,2.0,,,,,,0,,,,,,,,,,,,,218209,,,,,,,,,,,,
528,0.0,0.0,,,,,,0.0,0.0,,,2.0,2.0,,,,,,0,,,,,,,,,,,,,217987,,,,,,,,,,,,
529,1.1020615767033723e-07,0.00025753014452568895,,,,,,-3.1368638787663747,-5.083225313370353,,,3.476893217742549,3.238905323388084,,7.818950781836603,,,,1,225.65684698362364,,,,0.4899248751315519,,,,0.2824468380253188,,,,218566,-31.40348490919489,,,,,,,,,,,
530,0.0,0.0,,,,,,0.0,0.0,,,2.0,2.0,,,,,,0,,,,,,,,,,,,,219538,,,,,,,,,,,,
531,0.0,0.0,,,,,,0.0,0.0,,,2.0,2.0,,,,,,0,,,,,,,,,,,,,hip114914,,,,,,,,,,,,
532,5.01334229688557e-06,-0.005937944118818013,,,,,,-27.087607788113097,-52.94603853077025,,,12.723571008412957,3.593151216310526,,45.5613595177843,,,,1,13.33892288912304,,,,-0.8308940928721742,,,,-0.547370995237997,,,,219542,24.039375365480957,,,,,,,,,,,
533,0.0,0.0,,,,,,0.0,0.0,,,2.0,2.0,,,,,,0,,,,,,,,,,,,,219834b,,,,,,,,,,,,
534,0.0,0.0,,,,,,0.0,0.0,,,2.0,2.0,,,,,,0,,,,,,,,,,,,,hip115332,,,,,,,,,,,,
535,0.0,0.0,,,,,,0.0,0.0,,,2.0,2.0,,,,,,0,,,,,,,,,,,,,220339,,,,,,,,,,,,
536,0.0,0.0,,,,,0.0,0.0,0.0,,2.0,2.0,2.0,,,,,,0,,,,,,,,,,,,,221356,,,,,,,,,,,,
537,-2.457862281656768e-07,-0.0015525388433844764,,,,,,-31.96527759478141,-38.59483590660247,,,3.5096423774829884,3.0291216320880374,,273.9194980000234,,,,1,572.9812866779914,,,,0.6242009425706777,,,,-0.5803213482208631,,,,222582,131.54844726614715,,,,,,,,,,,
538,0.0,0.0,,,,,,0.0,0.0,,,2.0,2.0,,,,,,0,,,,,,,,,,,,,gl905,,,,,,,,,,,,
539,0.0,0.0,,,,,,0.0,0.0,,,2.0,2.0,,,,,,0,,,,,,,,,,,,,222697,,,,,,,,,,,,
540,0.0,0.0,,,,,,0.0,0.0,,,2.0,2.0,,,,,,0,,,,,,,,,,,,,223238,,,,,,,,,,,,
541,0.0,0.0,,,,,,0.0,0.0,,,2.0,2.0,,,,,,0,,,,,,,,,,,,,223315,,,,,,,,,,,,
542,0.0,0.0,,,,,0.0,0.0,0.0,0.0,2.0,2.0,2.0,2.0,,,,,0,,,,,,,,,,,,,gl908,,,,,,,,,,,,
543,0.0,0.0,,,,,,0.0,0.0,,,2.0,2.0,,,,,,0,,,,,,,,,,,,,223498,,,,,,,,,,,,
544,0.0,0.0,,,,,,0.0,0.0,,,2.0,2.0,,,,,,0,,,,,,,,,,,,,223691,,,,,,,,,,,,
545,0.0,0.0,,,,,,0.0,0.0,,,2.0,2.0,,,,,,0,,,,,,,,,,,,,224383,,,,,,,,,,,,
546,0.0,0.0,,,,,0.0,0.0,0.0,0.0,2.0,2.0,2.0,2.0,,,,,0,,,,,,,,,,,,,166620,,,,,,,,,,,,
547,0.0,0.0,,,,,,0.0,,,,2.0,,,,,,,0,,,,,,,,,,,,,10008,,,,,,,,,,,,
548,0.0,0.0,,,,,,0.0,,,,2.0,,,,,,,0,,,,,,,,,,,,,102195,,,,,,,,,,,,
549,0.0,0.0,,,,,,0.0,0.0,,,2.0,2.0,,,,,,0,,,,,,,,,,,,,103459,,,,,,,,,,,,
550,0.0,0.0,,,,,0.0,0.0,,0.0,2.0,2.0,,2.0,,,,,0,,,,,,,,,,,,,104304,,,,,,,,,,,,
551,-9.834777245810577e-07,-0.001813151793774416,,,,,,-6.292987602108322,-13.365418476576302,,,4.881571680876464,2.7983739204134745,,30.530805534212064,,,,1,1050.802374308045,,,,-0.22324767668184964,,,,-0.24835078582931946,,,,10442,7.25482752390993,,,,,,,,,,,
552,-2.3615574582842037e-06,0.011163667144766473,,,,,,-6.701313478017616,38.60250742993805,,,6.0132124932806486,21.981043418672975,,31.799524148332207,,,,1,17.565438864816205,,,,0.18218788542402986,,,,0.385134095543437,,,,107146,19.106671188659124,,,,,,,,,,,
553,-5.090407979767652e-05,-0.35928687362260087,,,,,,467.61952708413685,72.8841407328801,,,775.2877155726326,6.543413640411059e-05,,5073.49160523647,1674.9704416816996,210.3028524392474,,3,925.653240612076,26.137282001703216,10.128914056096992,,-0.8960464255422498,-0.8339470088319252,0.008892199714326567,,0.08077898115672393,-0.3253894606376895,-0.007922288346270335,,10790,4263.891762927209,2455206.1915753214,2455195.5579093294,,,,,,,,,
554,0.0,0.0,,,,,,0.0,,,,2.0,,,,,,,0,,,,,,,,,,,,,10853,,,,,,,,,,,,
555,0.0,0.0,,,,,,0.0,0.0,,,2.0,2.0,,,,,,0,,,,,,,,,,,,,109749,,,,,,,,,,,,
556,0.0,0.0,,,,,,0.0,,,,2.0,,,,,,,0,,,,,,,,,,,,,114613,,,,,,,,,,,,
557,2.506700187577026e-07,-0.0035272400942977034,,,,,,-124.04375756174623,,192.146164838951,,0.000273960369392765,,9.179148313161226,619.8833340959334,3.0955363203432635,,,2,83.91829538798102,76.7837156236645,,,-0.5382281188516689,-0.49295632142794266,,,-0.2358389080553164,0.7560717701778692,,,114762,381.08317022301503,2455161.435359916,,,,,,,,,,
558,1.1518762085107341e-07,-0.01916126279429521,,,,,,-7.880593137727205,-5.648963794262007,,,4.829202877749517,15.108136911976016,,79.92981281182081,11.945946552593089,,,2,1627.5553946569673,224.12098668517382,,,-0.47760494862339964,-0.1369933470020773,,,-0.38333873307278077,-0.42629752003109894,,,11506,249.7273694654973,2455139.4221444866,,,,,,,,,,
559,0.0,0.0,,,,,,0.0,0.0,,,2.0,2.0,,,,,,0,,,,,,,,,,,,,115404a,,,,,,,,,,,,
560,0.0,0.0,,,,,,0.0,0.0,,,2.0,2.0,,,,,,0,,,,,,,,,,,,,116321,,,,,,,,,,,,
561,0.0,0.0,,,,,,0.0,,,,2.0,,,,,,,0,,,,,,,,,,,,,116956,,,,,,,,,,,,
562,0.0,0.0,,,,,,0.0,,,,2.0,,,,,,,0,,,,,,,,,,,,,118096,,,,,,,,,,,,
563,0.0,0.0,,,,,,0.0,,,,2.0,,,,,,,0,,,,,,,,,,,,,119802,,,,,,,,,,,,
564,0.0,0.0,,,,,,0.0,,0.0,,2.0,,2.0,,,,,0,,,,,,,,,,,,,120136,,,,,,,,,,,,
565,0.0,0.0,,,,,,0.0,0.0,,,2.0,2.0,,,,,,0,,,,,,,,,,,,,121550,,,,,,,,,,,,
566,0.0,0.0,,,,,,0.0,,0.0,,2.0,,2.0,,,,,0,,,,,,,,,,,,,124292,,,,,,,,,,,,
567,0.0,0.0,,,,,,0.0,,0.0,,2.0,,2.0,,,,,0,,,,,,,,,,,,,124642,,,,,,,,,,,,
568,8.931089923179647e-06,-0.008377080215236605,,,,,,-44.42218282649384,-132.8283021359428,,,4.872886158186952,6.201030020819959,,113.3011170667012,80.96515578474241,37.31244940499407,,3,2515.0449418558014,556.5653881999506,1881.6694361808286,,0.0963839719252624,0.5593667349194291,-0.21745113470889427,,-0.12395060044478527,0.40056388196267845,0.24556057422466307,,125612,952.6473029291019,2454912.863986489,2454835.2508378234,,,,,,,,,
569,0.0,0.0,,,,,0.0,0.0,,0.0,2.0,2.0,,2.0,,,,,0,,,,,,,,,,,,,127334,,,,,,,,,,,,
570,0.00018321406440096168,0.37767164253796537,,,,,,-516.0859289096443,,,,3.957791751282244,,,223.09932053889952,849.8251585629573,,,2,793.1614918856125,1330.2581771612877,,,0.17291868608396163,-0.5755875864782074,,,-0.6748780309813012,-0.2753933711392512,,,127506,1034.1730278074897,2456131.8010951616,,,,,,,,,,
571,0.0,0.0,,,,,,0.0,,,,2.0,,,,,,,0,,,,,,,,,,,,,128165,,,,,,,,,,,,
572,0.0,0.0,,,,,,0.0,0.0,,,2.0,2.0,,,,,,0,,,,,,,,,,,,,129333,,,,,,,,,,,,
573,0.0,0.0,,,,,,0.0,0.0,,,2.0,2.0,,,,,,0,,,,,,,,,,,,,130004,,,,,,,,,,,,
574,0.0,0.0,,,,,,0.0,,,,2.0,,,,,,,0,,,,,,,,,,,,,136352,,,,,,,,,,,,
575,0.0,0.0,,,,,0.0,0.0,0.0,,2.0,2.0,2.0,,,,,,0,,,,,,,,,,,,,140538a,,,,,,,,,,,,
576,2.1240170838744477e-08,-0.00019092057355151094,,,,,-0.32548717012018813,-0.21589444788759965,-0.9684554531799214,2.2522831604121794,6.0188803643709425,4.546458351068306,1.7093772350017837,7.329253743627349,3.2388237349744626,,,,1,15.50895196455412,,,,0.32338149734631244,,,,0.2195116282348126,,,,141004,8.652134120257317,,,,,,,,,,,
577,0.0,0.0,,,,,,0.0,,,,2.0,,,,,,,0,,,,,,,,,,,,,141272,,,,,,,,,,,,
578,-1.2553692855808342e-06,0.003317403779379261,0.049344822818538116,0.03261440090148636,0.05993851910628527,0.0806884979826558,,-4.364610889766121,5.877080365176048,,,2.4115713948123987,0.8292877445399173,,43.215000950953915,23.0422079398954,18.959962890884295,9.89852938042247,4,201.42701666169955,1078.6850020851211,94.33874700280724,3451.5385019612004,-0.17935190973633136,0.1202467910648094,-0.2253345226307009,-0.2711496308264466,-0.1310637832983199,-0.13474090002706096,-0.09572289181318862,0.08465444870375984,141399,-373.31994440761537,2450427.5944923116,2455205.6196237053,2455738.9585237526,-305.3427291360075,2450020.933540255,2455233.550358345,2456352.569718256,-2.5105171690714796,-0.8421794482628897,-2.739888462976493,2.8389759633590166
579,-3.354200168439231e-08,-0.0028634223795244414,,,,,,-2.6515093829765743,-8.544746045240949,,,5.44483062243768,9.884585046357389,,276.45262322764404,,,,1,661.4132635460704,,,,-0.6606982065922561,,,,-0.14493786627926214,,,,141937,580.0864074821493,,,,,,,,,,,
580,0.0,0.0,,,,,,0.0,0.0,,,2.0,2.0,,,,,,0,,,,,,,,,,,,,143006,,,,,,,,,,,,
581,0.0,0.0,,,,,,0.0,0.0,,,2.0,2.0,,,,,,0,,,,,,,,,,,,,144287,,,,,,,,,,,,
582,0.0,0.0,,,,,,0.0,,,,2.0,,,,,,,0,,,,,,,,,,,,,144872,,,,,,,,,,,,
583,0.0,0.0,,,,,,0.0,0.0,,,2.0,2.0,,,,,,0,,,,,,,,,,,,,14655,,,,,,,,,,,,
584,0.0,0.0,,,,,,0.0,0.0,,,2.0,2.0,,,,,,0,,,,,,,,,,,,,148164,,,,,,,,,,,,
585,0.0,0.0,,,,,,0.0,,0.0,,2.0,,2.0,,,,,0,,,,,,,,,,,,,148467,,,,,,,,,,,,
586,0.0,0.0,,,,,,0.0,0.0,,,2.0,2.0,,,,,,0,,,,,,,,,,,,,149143,,,,,,,,,,,,
587,0.0,0.0,,,,,,0.0,,0.0,,2.0,,2.0,,,,,0,,,,,,,,,,,,,149806,,,,,,,,,,,,
588,0.0,0.0,,,,,,0.0,0.0,,,2.0,2.0,,,,,,0,,,,,,,,,,,,,150554,,,,,,,,,,,,
589,0.0,0.0,,,,,,0.0,0.0,,,2.0,2.0,,,,,,0,,,,,,,,,,,,,151504,,,,,,,,,,,,
590,0.0,0.0,,,,,,0.0,,0.0,,2.0,,2.0,,,,,0,,,,,,,,,,,,,152391,,,,,,,,,,,,
591,-1.1192570577425457e-06,0.0006108417927611839,,,,,,5.379196031969467,,,,3.5715617389075853,,,33.401267442335566,22.652028791625614,,,2,193.7355127952846,390.44625049957085,,,-0.3200946128236855,-0.18714083390481284,,,0.4320765785560513,0.4469398197138799,,,155358,-105.22772108293276,2455257.7504700706,,,,,,,,,,
592,0.0,0.0,,,,,,0.0,0.0,,,2.0,2.0,,,,,,0,,,,,,,,,,,,,155712,,,,,,,,,,,,
593,0.0,0.0,,,,,,0.0,0.0,,,2.0,2.0,,,,,,0,,,,,,,,,,,,,156279,,,,,,,,,,,,
594,0.0,0.0,,,,,,0.0,0.0,,,2.0,2.0,,,,,,0,,,,,,,,,,,,,156342,,,,,,,,,,,,
595,-2.3471727233677572e-07,-0.0009928877782537072,,,,,2.221248906703164,0.06127911529106927,-4.467729213989773,,2.238803830121576,2.6720146037713457,4.381898683886307,,2.9323310710680897,,,,1,815.18516448278,,,,-0.06251789032799106,,,,0.2114317897973426,,,,156668,-1080.3930506409515,,,,,,,,,,,
596,0.0,0.0,,,,,,0.0,,,,2.0,,,,,,,0,,,,,,,,,,,,,156846,,,,,,,,,,,,
597,0.0,0.0,,,,,0.0,0.0,0.0,0.0,2.0,2.0,2.0,2.0,,,,,0,,,,,,,,,,,,,157214,,,,,,,,,,,,
598,0.0,0.0,,,,,,0.0,0.0,,,2.0,2.0,,,,,,0,,,,,,,,,,,,,159062,,,,,,,,,,,,
599,0.0,0.0,,,,,,0.0,,,,2.0,,,,,,,0,,,,,,,,,,,,,159868,,,,,,,,,,,,
600,0.0,0.0,,,,,,0.0,0.0,,,2.0,2.0,,,,,,0,,,,,,,,,,,,,162232,,,,,,,,,,,,
601,0.0,0.0,,,,,,0.0,,,,2.0,,,,,,,0,,,,,,,,,,,,,165401,,,,,,,,,,,,
602,0.0,0.0,,,,,0.0,0.0,,0.0,2.0,2.0,,2.0,,,,,0,,,,,,,,,,,,,166,,,,,,,,,,,,
603,0.0,0.0,,,,,0.0,0.0,,0.0,2.0,2.0,,2.0,,,,,0,,,,,,,,,,,,,168009,,,,,,,,,,,,
604,0.0,0.0,,,,,,0.0,,0.0,,2.0,,2.0,,,,,0,,,,,,,,,,,,,17230,,,,,,,,,,,,
605,-4.688299492963985e-05,1.1336843846902562,,,,,,-673.9572253381363,,,,17.48229566200326,,,464.6721540229372,,,,1,5449.086527189604,,,,0.19711172270813854,,,,-0.624729160653791,,,,17382,4478.399454426785,,,,,,,,,,,
606,0.0,0.0,,,,,,0.0,,0.0,,2.0,,2.0,,,,,0,,,,,,,,,,,,,174080,,,,,,,,,,,,
607,-4.41538912108288e-08,9.492450940878471e-05,,,,,,-2.0294757381902806,-3.4113009182925382,,,3.914297504166405,3.750661619961193,,6.301732097698387,,,,1,14.482222307039539,,,,0.2773510228431199,,,,0.00807840364354954,,,,179079,0.3272284661680785,,,,,,,,,,,
608,0.0,0.0,,,,,,0.0,0.0,,,2.0,2.0,,,,,,0,,,,,,,,,,,,,180161,,,,,,,,,,,,
609,0.0,0.0,,,,,0.0,0.0,,0.0,2.0,2.0,,2.0,,,,,0,,,,,,,,,,,,,182488,,,,,,,,,,,,
610,0.0003283194364955391,-0.5315299071312417,0.5698318868097099,0.36938521668461,0.22909460687016678,0.035808255322019394,,-864.669473748411,,,,2.7434372607657935,,,1482.5911868627634,143.04539120309698,538.1795338702232,124.47340596608618,4,2991.640434080355,2420.8456234539094,5620.055645988059,2293.2095821230896,-0.506420166805828,-0.4345021398664688,0.47687604104339404,-0.11576861498899468,0.5597950530882416,0.4249624773271984,0.041034721260731585,0.14968594825683976,185414,22.648934678967507,2463160.9984969883,2446222.538082302,2455669.734145222,106.98434143428221,2463300.1629945347,2445293.1911197156,2455894.347103315,2.3061761017211606,2.3672935751527633,0.08583758811614309,2.2291122921793365
611,0.0,0.0,,,,,0.0,0.0,0.0,0.0,2.0,2.0,2.0,2.0,,,,,0,,,,,,,,,,,,,186408,,,,,,,,,,,,
612,1.4315299220051764e-07,-0.0018017739821488798,,,,,2.622080502772994,0.6834410802529727,,6.908861331434769,2.986530742420315,2.7642953408491326,,7.712827027742149,53.015112298439035,,,,1,797.9742516925666,,,,0.10660149388776258,,,,0.8205442836365551,,,,186427,-825.4425651314566,,,,,,,,,,,
613,0.0,0.0,,,,,,0.0,0.0,,,2.0,2.0,,,,,,0,,,,,,,,,,,,,189733,,,,,,,,,,,,
614,0.0,0.0,,,,,0.0,0.0,0.0,0.0,2.0,2.0,2.0,2.0,,,,,0,,,,,,,,,,,,,188512,,,,,,,,,,,,
615,0.0,0.0,,,,,,0.0,0.0,,,2.0,2.0,,,,,,0,,,,,,,,,,,,,190228,,,,,,,,,,,,
616,0.0,0.0,,,,,,0.0,0.0,,,2.0,2.0,,,,,,0,,,,,,,,,,,,,190594,,,,,,,,,,,,
617,0.0,0.0,,,,,,0.0,,,,2.0,,,,,,,0,,,,,,,,,,,,,191408,,,,,,,,,,,,
618,1.8638147180965782e-07,0.0008408738524900982,,,,,,-1.5112216945583585,,,,2.6151020693894007,,,2.945701405586075,,,,1,74.06113570129745,,,,0.3277547386970919,,,,0.04763842801414683,,,,192310,271.5058344724197,,,,,,,,,,,
619,0.0,0.0,,,,,,0.0,,,,2.0,,,,,,,0,,,,,,,,,,,,,195987,,,,,,,,,,,,
620,0.0,0.0,,,,,,0.0,0.0,,,2.0,2.0,,,,,,0,,,,,,,,,,,,,196124,,,,,,,,,,,,
621,0.0,0.0,,,,,,0.0,,,,2.0,,,,,,,0,,,,,,,,,,,,,197286,,,,,,,,,,,,
622,0.0,0.0,,,,,,0.0,0.0,,,2.0,2.0,,,,,,0,,,,,,,,,,,,,19773,,,,,,,,,,,,
623,0.0,0.0,,,,,,0.0,0.0,,,2.0,2.0,,,,,,0,,,,,,,,,,,,,198425,,,,,,,,,,,,
624,-3.725849454805744e-07,-0.006906912221045028,,,,,38.89773972103419,20.887430767636694,,-15.71788806106065,2.336653168747117,2.1607476605144416,,6.365528004410783,2.4731934266182525,,,,1,2581.0180323176487,,,,0.21900521040191695,,,,0.41671723654430404,,,,201091,-1499.2436433946882,,,,,,,,,,,
625,-3.5920664627047806e-07,0.01290154697569319,,,,,-52.07498415009696,-30.614503802930376,,20.28456608904241,1.490612327805584,2.2730705987197988,,7.07635826342153,1.7069329052851834,,,,1,49.0509592191783,,,,0.08670777321833922,,,,0.4343610075529851,,,,201092,128.46145851298834,,,,,,,,,,,
626,0.0,0.0,,,,,,0.0,0.0,,,2.0,2.0,,,,,,0,,,,,,,,,,,,,203030,,,,,,,,,,,,
627,4.672126775448047e-05,0.02099937355006391,,,,,,440.2072893511308,429.315756490286,,,3.7335859165039724,4.052948940985283,,1352.2124084952457,,,,1,3345.0328193958685,,,,0.6838164916035756,,,,0.07939231329396353,,,,203473,762.117355037103,,,,,,,,,,,
628,0.0,0.0,,,,,,0.0,0.0,,,2.0,2.0,,,,,,0,,,,,,,,,,,,,204277,,,,,,,,,,,,
629,0.0,0.0,,,,,,0.0,0.0,,,2.0,2.0,,,,,,0,,,,,,,,,,,,,205855,,,,,,,,,,,,
630,0.0,0.0,,,,,,0.0,0.0,,,2.0,2.0,,,,,,0,,,,,,,,,,,,,206658,,,,,,,,,,,,
631,-2.6499777372593095e-06,-0.00870149973099222,,,,,,-10.509109373303284,-10.63506105682147,,,9.673141663683351,4.123616053229781,,22.259366860951918,,,,1,277.3892179141162,,,,0.4855993976873068,,,,-0.16417139767812602,,,,207832,48.913485268280226,,,,,,,,,,,
632,0.0,0.0,,,,,,0.0,0.0,,,2.0,2.0,,,,,,0,,,,,,,,,,,,,208038,,,,,,,,,,,,
633,0.0,0.0,,,,,,0.0,,0.0,,2.0,,2.0,,,,,0,,,,,,,,,,,,,208313,,,,,,,,,,,,
634,0.0,0.0,,,,,,0.0,0.0,,,2.0,2.0,,,,,,0,,,,,,,,,,,,,214683,,,,,,,,,,,,
635,0.0,0.0,,,,,0.0,0.0,,0.0,2.0,2.0,,2.0,,,,,0,,,,,,,,,,,,,217014,,,,,,,,,,,,
636,0.0,0.0,,,,,,0.0,,0.0,,2.0,,2.0,,,,,0,,,,,,,,,,,,,218868,,,,,,,,,,,,
637,-1.5157284273284064e-07,-0.001083407839337218,,,,,6.083057030160638,2.091818070200355,-4.583857666182504,-3.5807126436284995,3.3432931716918164,3.5926535817947003,5.512719093122407,7.097021384471283,7.0523372678116285,4.327397210606554,,,2,2123.3436987695277,46.70736249133428,,,0.2822989477063941,0.47237126312375666,,,-0.2887329066851767,0.1529080099075782,,,219134,-63.110598908918995,2455206.762943644,,,,,,,,,,
638,0.0,0.0,,,,,,0.0,0.0,,,2.0,2.0,,,,,,0,,,,,,,,,,,,,220221,,,,,,,,,,,,
639,-4.5131998282070286e-08,1.6106301507894868e-05,,,,,1.2714700479934837,4.288732545506211,,7.49072200099213,7.651833481785569,7.573713465299773,,9.3433366259867,11.973582910465572,,,,1,2650.920887413325,,,,-0.33300904640234524,,,,-0.01797947825034442,,,,22049,2670.8254045853537,,,,,,,,,,,
640,0.0,0.0,,,,,0.0,0.0,,0.0,2.0,2.0,,2.0,,,,,0,,,,,,,,,,,,,221354,,,,,,,,,,,,
641,0.0,0.0,,,,,,0.0,0.0,,,2.0,2.0,,,,,,0,,,,,,,,,,,,,221851,,,,,,,,,,,,
642,0.0,0.0,,,,,,0.0,,,,2.0,,,,,,,0,,,,,,,,,,,,,224619,,,,,,,,,,,,
643,-8.528645643663417e-07,0.0007027083745281344,,,,,,5.002191076414751,9.477502035438773,,,4.886517509693501,7.171748070792906,,39.33658447863001,,,,1,26.688207414907307,,,,0.24838742420958151,,,,-0.03472469629237012,,,,224693,180.22376084057254,,,,,,,,,,,
644,0.0,0.0,,,,,,0.0,0.0,,,2.0,2.0,,,,,,0,,,,,,,,,,,,,225213,,,,,,,,,,,,
645,0.0,0.0,,,,,,0.0,0.0,,,2.0,2.0,,,,,,0,,,,,,,,,,,,,231701,,,,,,,,,,,,
646,0.0001103815961032829,-0.37246713544930715,,,,,,-163.14096344281452,116.11804015563504,,,36.809485698523154,0.000773794361453715,,2983.88058110156,56.95756752752051,,,2,4803.610052887372,17.308397507363072,,,-0.71359371642188,-0.8042658038704988,,,0.3863041218192764,0.3205931910827169,,,24505,2180.6460575945775,2455217.9176549786,,,,,,,,,,
647,0.0,0.0,,,,,,0.0,0.0,,,2.0,2.0,,,,,,0,,,,,,,,,,,,,25311,,,,,,,,,,,,
648,0.0,0.0,,,,,,0.0,0.0,,,2.0,2.0,,,,,,0,,,,,,,,,,,,,25329,,,,,,,,,,,,
649,0.0,0.0,,,,,,0.0,,0.0,,2.0,,2.0,,,,,0,,,,,,,,,,,,,25665,,,,,,,,,,,,
650,0.0,0.0,,,,,,0.0,,,,2.0,,,,,,,0,,,,,,,,,,,,,263175,,,,,,,,,,,,
651,0.0,0.0,,,,,,0.0,0.0,,,2.0,2.0,,,,,,0,,,,,,,,,,,,,26990,,,,,,,,,,,,
652,0.0,0.0,,,,,,0.0,0.0,,,2.0,2.0,,,,,,0,,,,,,,,,,,,,281934,,,,,,,,,,,,
653,0.0,0.0,,,,,,0.0,,0.0,,2.0,,2.0,,,,,0,,,,,,,,,,,,,28946,,,,,,,,,,,,
654,0.0,0.0,,,,,,0.0,,0.0,,2.0,,2.0,,,,,0,,,,,,,,,,,,,29883,,,,,,,,,,,,
655,-0.001492764999364718,0.4430796625502615,,,,,,2825.1190932201116,,,,19.540546131545632,,,677.4928530439173,71.20505203320663,,,2,1140.519975835746,16.35918338883384,,,0.009129424938741323,-0.9217437913134715,,,-0.19675066693815849,-0.08871646735785407,,,31423,3714.3755166026767,2455211.8583636573,,,,,,,,,,
656,0.0,0.0,,,,,0.0,0.0,,0.0,2.0,2.0,,2.0,,,,,0,,,,,,,,,,,,,32147,,,,,,,,,,,,
657,0.0,0.0,,,,,0.0,0.0,,0.0,2.0,2.0,,2.0,,,,,0,,,,,,,,,,,,,32923,,,,,,,,,,,,
658,1.2641913019654903e-07,-0.00030048820568876107,,,,,,1.9411486626073773,-1.3824495717322192,,,2.369482753618663,9.942739158404816,,19.014578411120112,,,,1,18.20263379871736,,,,-0.4468907382234814,,,,0.28775081255516993,,,,33283,28.09970473449928,,,,,,,,,,,
659,0.0,0.0,,,,,,0.0,0.0,,,2.0,2.0,,,,,,0,,,,,,,,,,,,,33334,,,,,,,,,,,,
660,0.0,0.0,,,,,,0.0,0.0,,,2.0,2.0,,,,,,0,,,,,,,,,,,,,34887,,,,,,,,,,,,
661,0.0,0.0,,,,,,0.0,,,,2.0,,,,,,,0,,,,,,,,,,,,,34957,,,,,,,,,,,,
662,0.0,0.0,,,,,,0.0,0.0,,,2.0,2.0,,,,,,0,,,,,,,,,,,,,3545,,,,,,,,,,,,
663,0.0,0.0,,,,,,0.0,0.0,,,2.0,2.0,,,,,,0,,,,,,,,,,,,,355183,,,,,,,,,,,,
664,0.0,0.0,,,,,,0.0,0.0,,,2.0,2.0,,,,,,0,,,,,,,,,,,,,35850,,,,,,,,,,,,
665,0.0,0.0,,,,,,0.0,,0.0,,2.0,,2.0,,,,,0,,,,,,,,,,,,,37008,,,,,,,,,,,,
666,0.0,0.0,,,,,,0.0,0.0,,,2.0,2.0,,,,,,0,,,,,,,,,,,,,4113,,,,,,,,,,,,
667,0.0,0.0,,,,,,0.0,,,,2.0,,,,,,,0,,,,,,,,,,,,,41593,,,,,,,,,,,,
668,4.229660604781156e-07,-0.0007875305644248392,,,,,,32.14472773876874,27.254568194123777,,,3.0885795243798735,4.124296352789523,,131.87753211313327,,,,1,37.00101921779864,,,,0.1333151129373855,,,,-0.2584608784089084,,,,43691,43.92085307531253,,,,,,,,,,,
669,0.0,0.0,,,,,0.0,0.0,,0.0,2.0,2.0,,2.0,,,,,0,,,,,,,,,,,,,4614,,,,,,,,,,,,
670,0.0,0.0,,,,,,0.0,,0.0,,2.0,,2.0,,,,,0,,,,,,,,,,,,,4614b,,,,,,,,,,,,
671,0.0,0.0,,,,,0.0,0.0,,0.0,2.0,2.0,,2.0,,,,,0,,,,,,,,,,,,,4628,,,,,,,,,,,,
672,0.0,0.0,,,,,,0.0,0.0,,,2.0,2.0,,,,,,0,,,,,,,,,,,,,47186,,,,,,,,,,,,
673,0.0,0.0,,,,,,0.0,,0.0,,2.0,,2.0,,,,,0,,,,,,,,,,,,,47752,,,,,,,,,,,,
674,0.0,0.0,,,,,,0.0,,0.0,,2.0,,2.0,,,,,0,,,,,,,,,,,,,4915,,,,,,,,,,,,
675,0.0,0.0,,,,,0.0,0.0,,0.0,2.0,2.0,,2.0,,,,,0,,,,,,,,,,,,,51419,,,,,,,,,,,,
676,0.0,0.0,,,,,,0.0,0.0,,,2.0,2.0,,,,,,0,,,,,,,,,,,,,52919,,,,,,,,,,,,
677,-1.9084275303331596e-07,0.000403906148379754,,,,,,-2.3570715182854793,-17.51779087049817,,,7.12366138460749,6.887678526599558,,31.220686854470152,17.24000182696132,,,2,629.1511335391848,860.3249781793144,,,0.06948207494054713,-0.054187589595618944,,,0.24882060219469213,-0.49554505669690513,,,5319,-584.5705186951799,2453129.7376133613,,,,,,,,,,
678,0.0,0.0,,,,,,0.0,,,,2.0,,,,,,,0,,,,,,,,,,,,,53927,,,,,,,,,,,,
679,3.3998312249544596e-10,-0.0009534260667396204,,,,,0.43025275970714794,-0.6633902310541646,,-0.27137007665821056,2.1460866570266948,2.3874922524241753,,6.524142402103083,2.3997825318269657,,,,1,45.781653414723536,,,,0.15931191922130575,,,,0.19450431782066469,,,,55575,6.373753647843545,,,,,,,,,,,
680,2.5650196404104735e-07,-0.0012673949306582291,,,,,,17.490638346506557,69.55930586888003,,,5.646472298697034,0.003129754811057329,,35.18633092234997,61.96225986769672,,,2,826.7808557081869,1767.089625599677,,,-0.6483342393981009,-0.2027428777869278,,,0.23986656970240924,0.7611909194681346,,,55696,-106.64324460718393,2455211.0105466796,,,,,,,,,,
681,0.0,0.0,,,,,,0.0,,,,2.0,,,,,,,0,,,,,,,,,,,,,6101,,,,,,,,,,,,
682,0.0,0.0,,,,,,0.0,0.0,,,2.0,2.0,,,,,,0,,,,,,,,,,,,,62613,,,,,,,,,,,,
683,0.0,0.0,,,,,,0.0,0.0,,,2.0,2.0,,,,,,0,,,,,,,,,,,,,64090,,,,,,,,,,,,
684,3.8114727848225695e-05,0.0011292267321030291,,,,,,-111.30173801254048,-169.15939828941407,,,4.471661987178146,3.311799531025611,,148.4832553359423,19.8893400803546,,,2,5549.782906196873,338.8187361135389,,,-0.10779055719216993,0.040343545302185826,,,-0.4247854590751639,-0.20134861740774435,,,75784,15226.534708300054,2455153.7132176273,,,,,,,,,,
685,4.086356131490481e-06,0.01119201111770559,,,,,,-0.7437477534647109,27.4997146793514,,,7.004164820859301,0.698957517642441,,64.4266730919526,,,,1,423.9151182223443,,,,-0.14924076552294258,,,,-0.3295257890381785,,,,75898,-74.45751506727495,,,,,,,,,,,
686,0.0,0.0,,,,,,0.0,0.0,,,2.0,2.0,,,,,,0,,,,,,,,,,,,,76780,,,,,,,,,,,,
687,2.5315964044465057e-07,-0.000783511930825296,,,,,1.7122485844459434,-0.6939422516298525,-6.161881416944732,,3.526979888302699,3.7943603770911434,1.510885166823292,,2.7159386724000845,2.5746289087240988,,,2,15.304214181159026,2979.147537070506,,,0.21609586790155824,-0.005042196075450185,,,0.0920083604114209,-0.5778664305778274,,,7924,-5.576811317016325,2456682.2400915897,,,,,,,,,,
688,0.0,0.0,,,,,0.0,0.0,,,2.0,2.0,,,,,,,0,,,,,,,,,,,,,84117,,,,,,,,,,,,
689,0.0,0.0,,,,,0.0,0.0,,0.0,2.0,2.0,,2.0,,,,,0,,,,,,,,,,,,,84737,,,,,,,,,,,,
690,0.0,0.0,,,,,,0.0,0.0,,,2.0,2.0,,,,,,0,,,,,,,,,,,,,85301,,,,,,,,,,,,
691,-9.182242623821353e-08,9.455144299287492e-05,,,,,-0.43493896515095487,-1.309887761992818,,-0.16172351537233548,2.0737814573733147,3.2565926849284086,,4.887248253229979,2.2125665583697094,,,,1,31.13070842231775,,,,0.5601590450172994,,,,-0.10021450085940097,,,,86728,-8.233759574313028,,,,,,,,,,,
692,6.827026342180964e-07,-0.00215201487306375,,,,,,-3.5910792918492103,,-6.569372450025114,,2.166951102709933,,7.936200540113698,50.45158354707326,,,,1,3350.312433120834,,,,0.3142155259019774,,,,-0.7873568637280711,,,,87883,-1252.68486050379,,,,,,,,,,,
693,0.0,0.0,,,,,,0.0,0.0,,,2.0,2.0,,,,,,0,,,,,,,,,,,,,88133,,,,,,,,,,,,
694,0.0,0.0,,,,,,0.0,,0.0,,2.0,,2.0,,,,,0,,,,,,,,,,,,,88230,,,,,,,,,,,,
695,0.0,0.0,,,,,,0.0,0.0,,,2.0,2.0,,,,,,0,,,,,,,,,,,,,8828,,,,,,,,,,,,
696,0.0,0.0,,,,,,0.0,0.0,,,2.0,2.0,,,,,,0,,,,,,,,,,,,,92719,,,,,,,,,,,,
697,5.87928134349651e-06,0.008379668031550748,,,,,,-5.462363704555552,,,,9.85069922384386,,,61.745719644456656,43.84400310032974,,,2,188.49727498841486,30.02488512827444,,,-0.20445195798898372,-0.05484002611212625,,,0.07017399945367646,-0.5220762084028345,,,9446,92.14278710209227,2455207.41015403,,,,,,,,,,
698,5.608929272951523e-07,-0.00409608325934005,,,,,24.448084052529254,7.671213866210377,,-6.362343602508249,3.772067385958404,3.298985842219166,,5.7442945084077435,47.09219965892898,8.118437453629191,,,2,1076.485113335227,2303.138873368269,,,0.19146066893111224,-0.16473830201598066,,,-0.04524458724637432,0.21966743898232696,,,95128,1096.166228119405,2455651.5543254586,,,,,,,,,,
699,2.9533334223389575e-08,0.0005468226560793619,,,,,,-0.25869038229606245,-1.9236146213430687,,,3.9129621795660188,4.276549423671434,,20.411621768408367,,,,1,497.84782705433446,,,,0.17295936811156454,,,,-0.8057195439533813,,,,96167,-646.9647546980163,,,,,,,,,,,
700,0.0,0.0,,,,,,0.0,0.0,0.0,,2.0,2.0,2.0,,,,,0,,,,,,,,,,,,,97101b,,,,,,,,,,,,
701,0.0,0.0,,,,,,0.0,0.0,,,2.0,2.0,,,,,,0,,,,,,,,,,,,,98630,,,,,,,,,,,,
702,-1.654284495620988e-07,0.002948319908687667,,,,,-28.604894511384497,-11.423031899104037,,4.826302147958833,51.45489634206228,43.15427363058562,,50.139511586887984,55.076322053829074,64.14040495087475,,,2,240.8494326036506,1281.685724992241,,,-0.2299520449822924,-0.09293997705418404,,,-0.40317660632128655,-0.5572844756844078,,,9826,153.80810809779035,2454620.0316238976,,,,,,,,,,
703,9.719256144337275e-06,0.003010633963458182,,,,,,-34.22546310532475,53.06123347654247,,,4.6129710510722175,0.007765044768080433,,63.900275665015066,,,,1,563.4759888687133,,,,0.13725898742407233,,,,0.8255101072136063,,,,98736,183.70624773797002,,,,,,,,,,,
704,0.0,0.0,,,,,,0.0,,,,2.0,,,,,,,0,,,,,,,,,,,,,gj3470,,,,,,,,,,,,
705,0.0,0.0,,,,,,0.0,,,,2.0,,,,,,,0,,,,,,,,,,,,,gl250b,,,,,,,,,,,,
706,4.701987065187412e-06,0.017289623792937588,,,,,,-62.31264058986897,-72.8559686025036,,,3.781898814333525,6.144836997527497,,71.87899095707789,88.06792066863188,,,2,696.3247268232645,11572.10966001316,,,0.2938550068352622,-0.1031702465056436,,,-0.09680119620278388,0.3984955362249859,,,gl317,759.6887942624485,2456637.2267012266,,,,,,,,,,
707,0.0,0.0,,,,,,0.0,0.0,,,2.0,2.0,,,,,,0,,,,,,,,,,,,,gl514,,,,,,,,,,,,
708,0.0,0.0,,,,,,0.0,,0.0,,2.0,,2.0,,,,,0,,,,,,,,,,,,,gl570b,,,,,,,,,,,,
709,0.0,0.0,,,,,,0.0,0.0,,,2.0,2.0,,,,,,0,,,,,,,,,,,,,hip117886,,,,,,,,,,,,
710,0.0,0.0,,,,,,0.0,0.0,,,2.0,2.0,,,,,,0,,,,,,,,,,,,,hip19165,,,,,,,,,,,,
711,0.0,0.0,,,,,,0.0,0.0,,,2.0,2.0,,,,,,0,,,,,,,,,,,,,hip22762,,,,,,,,,,,,
712,0.0,0.0,,,,,,0.0,0.0,,,2.0,2.0,,,,,,0,,,,,,,,,,,,,hip24284,,,,,,,,,,,,
713,0.0,0.0,,,,,,0.0,,,,2.0,,,,,,,0,,,,,,,,,,,,,hip30112,,,,,,,,,,,,
714,0.0,0.0,,,,,,0.0,0.0,,,2.0,2.0,,,,,,0,,,,,,,,,,,,,hip36834,,,,,,,,,,,,
715,0.0,0.0,,,,,,0.0,0.0,,,2.0,2.0,,,,,,0,,,,,,,,,,,,,hip37766,,,,,,,,,,,,
716,0.0,0.0,,,,,,0.0,0.0,,,2.0,2.0,,,,,,0,,,,,,,,,,,,,hip41689,,,,,,,,,,,,
717,9.26034540726224e-05,1.4349314435671965,,,,,,392.2316939123865,394.11814413306394,,,7.427749147959205,12.89436843133754,,1372.0245218345362,,,,1,9551.080151777549,,,,-0.2449224845557011,,,,-0.21868734084000516,,,,hip42220,-18798.232086948283,,,,,,,,,,,
718,0.0,0.0,,,,,,0.0,0.0,,,2.0,2.0,,,,,,0,,,,,,,,,,,,,hip46769,,,,,,,,,,,,
719,0.0,0.0,,,,,,0.0,0.0,,,2.0,2.0,,,,,,0,,,,,,,,,,,,,hip47513,,,,,,,,,,,,
720,0.0,0.0,,,,,,0.0,0.0,,,2.0,2.0,,,,,,0,,,,,,,,,,,,,hip55360,,,,,,,,,,,,
721,-2.403255386811486e-06,0.00875290997720406,,,,,,-9.743675258383238,3.863418976123986,,,7.482078458474859,4.815833354697261,,40.477705834931974,,,,1,41.3483583640691,,,,-0.22546880131874825,,,,-0.5872146123714739,,,,hip57050,30.356236494762744,,,,,,,,,,,
722,0.0,0.0,,,,,,0.0,,,,2.0,,,,,,,0,,,,,,,,,,,,,hip60633,,,,,,,,,,,,
723,0.0,0.0,,,,,,0.0,0.0,,,2.0,2.0,,,,,,0,,,,,,,,,,,,,hip70865,,,,,,,,,,,,
724,0.0,0.0,,,,,,0.0,0.0,,,2.0,2.0,,,,,,0,,,,,,,,,,,,,hip8051,,,,,,,,,,,,
725,0.0,0.0,,,,,,0.0,,,,2.0,,,,,,,0,,,,,,,,,,,,,hip87579,,,,,,,,,,,,
726,0.0,0.0,,,,,,0.0,,,,2.0,,,,,,,0,,,,,,,,,,,,,hip91605,,,,,,,,,,,,
727,0.0,0.0,,,,,,0.0,,,,2.0,,,,,,,0,,,,,,,,,,,,,hip94931,,,,,,,,,,,,
728,0.0,0.0,,,,,,0.0,0.0,,,2.0,2.0,,,,,,0,,,,,,,,,,,,,v383lac,,,,,,,,,,,,
729,-2.1918712922492463e-07,0.0017706325158043867,,,,,,-0.3220004277391371,1.8286398972916893,,,3.4215528106808892,2.443499638686469,,14.618681782378747,,,,1,1690.7722357053653,,,,0.11067295772091819,,,,0.18407900828675505,,,,73534,-10139.480939904963,,,,,,,,,,,
