,hostname,status,mass,mass_med,mass_minus,mass_plus,axis,axis_med,axis_minus,axis_plus,per,per_med,per_minus,per_plus,e,e_med,e_minus,e_plus
0,145675,K,4.910310615432672,4.930008993325356,4.787920849398795,5.071053820491394,2.8570708891837286,2.85699673476134,2.81643936404158,2.8964200786692658,1766.4300293408883,1766.351437682412,1765.7097238632755,1766.9927852368876,0.3663520757068024,0.36635608209095627,0.3628693415984713,0.3697732322239739
1,145675,C,5.930103720552072,6.186677454154405,5.341437741585088,7.168676434287031,15.947416232161787,17.505125482694414,13.998808320646367,23.071286779578642,23294.339956990698,26801.405919262066,19175.274377341964,40530.007385648685,0.4279513296933648,0.4657018234172533,0.3624074638645877,0.5742898898098944
2,145675,A,0.26080351134846924,0.2422325513008201,0.2035521526692748,0.2822050185327763,4.524018995654288,4.467741133824865,4.2831889267161465,4.597320072967452,3519.666742951632,3464.7592075702714,3253.642335085364,3575.955082923695,0.6341814030041422,0.5233022699194019,0.2497408147793624,0.6717725944119362
3,1461,K,0.020355486105051973,0.020305874664331112,0.017841436602649245,0.022745029639878702,0.06431328214689319,0.06430763264312718,0.06288137161548313,0.06568805857629723,5.77124194946737,5.771286672981386,5.7709871968034365,5.771589994142477,0.20571353928276692,0.1066611052356076,0.03231942053574796,0.2224431561582232
4,1461,K,0.02658499660091852,0.025502195557353897,0.022322743423058646,0.028717553192770987,0.11335949877747788,0.113343866861131,0.11082942239161933,0.11577741662638985,13.505328319649706,13.504245030393045,13.502012732867765,13.506274094397535,0.14623099698155018,0.09967267599042767,0.029295614114093718,0.2080989914052539
5,1461,N,0.03700344690712934,0.0372906608789524,0.031728117233966346,0.04303345839157045,0.34879902587714284,0.3488724571602721,0.3411276209141105,0.3563641722199298,72.89221812048831,72.91856432420093,72.85881608332875,72.99049716045974,0.4342272214024945,0.2697867471995056,0.08780856684427372,0.472890004416219
6,146233,A,0.3607402185371542,0.3479371978738045,0.30820883408533545,0.3873230764421992,3.5087806033143507,3.5307016096001047,3.4594401562860275,3.605375316120413,2396.8076103626418,2415.479619551945,2378.552462613713,2465.947414882105,0.42427044349211385,0.3578666961470236,0.24312772406023875,0.4573593612272424
7,155358,K,0.8138858572038226,0.8650331039063712,0.798673089949121,0.9604231858233327,0.6100341783391893,0.6101537290634163,0.6033414145168725,0.6168295412362769,194.48797913662293,194.54022181299905,194.41516321503056,194.66599026563333,0.2344800609838392,0.22099247324723612,0.20052458354078906,0.2416659368349584
8,155358,K,0.6778619281956003,0.6773374272331156,0.6499763738722221,0.7052337106437371,0.9684562115081304,0.9679197831755332,0.9570100632170104,0.9786674900967216,389.02856874697403,388.6958303744738,387.6797544087007,389.7397264924052,0.20926695574286525,0.16913695289908026,0.058789886345429476,0.2587768770036555
9,69830,K,0.03225611367907651,0.031559537087262945,0.029455798758582237,0.03371042572439666,0.07934805462176439,0.07935107102573427,0.07821855812162855,0.08045287192632783,8.669960492481247,8.669949896511579,8.669373980631821,8.670528494507632,0.14780627918196934,0.1356585067314235,0.07802243761983688,0.1905298912952721
10,69830,K,0.03002915007165825,0.02970008414064353,0.026808255894263014,0.03272321075497303,0.18797512893215748,0.18799292718010585,0.1853109128511995,0.19060445114826488,31.61282302934641,31.61545654815189,31.60023152495068,31.63119562082425,0.11142279575595504,0.09353768641111856,0.028948048237805123,0.1863152556976541
11,69830,N,0.05197005306787652,0.05353968446019661,0.04585747585348423,0.06127310223478581,0.9910531702129848,0.9931558127819397,0.9773995349754372,1.0086195575177237,382.69970346251336,383.9286744358576,379.99857218231006,387.90390335545237,0.2426471261353064,0.1739931193877888,0.053630220947515496,0.3366571935501111
12,69830,K,0.04305058713879649,0.042732112360554686,0.0366525531357885,0.04896083331186071,0.6443743356765221,0.6446594405035295,0.6353421506130813,0.6537382735521534,200.6411671016987,200.75375153717164,200.09267877722718,201.43962927927086,0.3340610288951112,0.20700331954913773,0.0675899680971458,0.3783636848624558
13,102195,K,0.472139523976565,0.4705731813567149,0.44546874188857066,0.4956735650373215,0.04898500583941607,0.048980684846161235,0.04830531273961693,0.04964484508653752,4.11337817463495,4.113355682149825,4.113268386082175,4.11343919675378,0.07265289142458431,0.04836373019742842,0.015099605497903203,0.09844307351605563
14,104067,K,0.20572199849645292,0.20252568936197424,0.1846419184085607,0.2205151676820228,0.2674040516746519,0.2673974068470131,0.2639292432125926,0.27077820965484545,55.84899388554029,55.84655655550458,55.8151929336895,55.876306218981895,0.26267446408838296,0.2354687583415213,0.14314273947331296,0.3241159856136505
15,104304,K,90.70109189121632,123.91127455416976,112.27417561790605,134.5634644214532,13.815738293695116,22.931504084494254,18.53894575074083,28.29867296561337,18306.527245542173,39176.601161373575,28513.19821880273,53654.86900922547,0.2730079866576431,0.4640289601828057,0.3767149743853807,0.5460998673061336
16,10476,N,0.05341491063835472,0.0573921599871132,0.0491566188666296,0.06599615183111354,0.9238626512569192,0.9338909684705592,0.9209624029620674,0.946415287767223,354.3738295117017,360.7443077812309,359.9654866519803,361.14219877103096,0.5070898292840729,0.7659647687219984,0.6660243365102604,0.8224003928938975
17,10697,K,6.209812973645747,6.207705242848759,5.869960544509484,6.538030844168109,2.122787300953232,2.1230292089004585,2.0654012587397848,2.1778596410673448,1075.7389218052474,1075.7203528899972,1075.063773993528,1076.3860129974066,0.1007735523481413,0.1005408122051158,0.09221119215783392,0.10856641667545172
18,107148,K,0.2056860698557216,0.20188316231126185,0.18225357149157093,0.2222650709147304,0.3713126059270179,0.3713407476477609,0.3636242331544746,0.3787856380490573,77.21552725214315,77.21342730428849,77.17882781179047,77.24709814285914,0.1349126909561982,0.11834552587379032,0.04244479211042348,0.20284932041113607
19,10790,S,276.57099045683736,283.44019971125107,263.33879644427685,310.7078780477613,1.5414071848003492,1.5413411413075564,1.5164155160281745,1.565450692738679,694.2661212837778,694.2380451484198,694.0924417229597,694.3887344688434,0.8435850262438053,0.8472590390825794,0.836582944166116,0.8608894557799062
20,108874,K,1.3338001508468214,1.3323508429650686,1.2823189061985578,1.3826555451658689,1.057443532505208,1.0575286051866786,1.0399404498422944,1.074486072641286,395.36195286183687,395.350596021205,395.1223525094849,395.5775082365944,0.14127185385105825,0.1428046996062332,0.1258667433792828,0.15941402067900845
21,108874,K,1.1545365291722116,1.1511916840261305,1.097786864097919,1.2054130953242406,2.844539424101308,2.8444138694392014,2.796023255038264,2.891213226574123,1744.3234975202586,1743.8408551443292,1734.3311766445972,1753.2646968018348,0.261228551588023,0.2626298161916311,0.230616728845728,0.2947457189581469
22,111031,C,12.056604317901993,32.914010036070664,17.629905198326014,57.2840299150931,12.811619290263545,24.715374293648125,17.29792099521719,33.58395030418994,15653.195868843059,42001.7866397106,24594.65035477888,66414.42519434907,0.16384221562497742,0.32611345799681435,0.15441352116565008,0.4651215793189507
23,112914,S,221.2733670148247,221.29179465130542,216.0326208591566,226.40005221926373,1.3821479308540774,1.3822167865394843,1.3640594745230212,1.399669915639723,709.5346317551331,709.5350466452278,709.4983385160565,709.5718071249617,0.3241682100262233,0.3241662731033155,0.3238024787231249,0.3245264670689405
24,114174,S,738.4120176658208,-868.7758826158231,-1047.9881498256425,2973.959446448783,26.06912578304161,58.21275518213014,33.449768240337754,96.50831935562671,49104.14491960703,163881.1225714798,71425.86908813035,349933.07226864103,0.4819389546398714,0.5919686036403187,0.4150468629660808,0.7376358022995124
25,114729,K,0.867742980465067,0.8550269533481651,0.8007908118109821,0.9098271733600428,2.049309087937925,2.048711816018935,2.015026450703897,2.08113908472163,1133.0621544920875,1132.6925649934306,1129.093910151188,1136.1979601277192,0.10721058448856136,0.09788958813754406,0.047764387131659744,0.14738933490769987
26,114762,K,10.656444390412355,10.654064720498793,10.39082631452678,10.916351796199733,0.34558476356511864,0.3455665510950283,0.3412627459440581,0.3497817750076907,83.91755924587396,83.91752841845252,83.91655644333602,83.91852594183405,0.3439351745162892,0.3439182552476471,0.34272918281137343,0.3451192094919068
27,114783,K,1.0394800016992822,1.0387732022480056,1.006035126624525,1.0715410617158594,1.164339516307555,1.1643551068300877,1.1489947049869629,1.1792404363465718,492.492466244227,492.4898093863176,492.14757549922854,492.84106574253957,0.13380306696176206,0.13297566047004938,0.1161306021038468,0.149534979333733
28,114783,K,0.6357779393991155,0.6397283955480932,0.5924645941729109,0.6874320525533238,4.959465082863498,4.98184687458631,4.8648108236343806,5.114643595250397,4329.446637269324,4358.684203176204,4230.940284446098,4510.225377087672,0.11461349196954485,0.101066043212755,0.04360078069089096,0.16289350893869828
29,115617,K,0.04978312765658239,0.048999088119057774,0.04534640459906386,0.05271576545970578,0.21491658448649265,0.21492028665991011,0.21182230110819544,0.21792354506403336,38.08960125830535,38.092179078629286,38.08255736604147,38.10157471032022,0.06585293324344323,0.05452591015672903,0.01647444711760511,0.11274208112558515
30,115617,K,0.01798836551113407,0.017222411443111492,0.015466399523549541,0.019052402487889947,0.04953520380868538,0.04953385800759079,0.04882060375571283,0.050226497267214856,4.214756242164343,4.214762802501955,4.214602059530827,4.214925505185419,0.21238309975016206,0.1913178681876153,0.0881162675058261,0.2907518040531526
31,115617,K,0.03364828783768425,0.03201087378651521,0.027397611001561944,0.036745239097352105,0.3851858505140727,0.3853001247986007,0.37973519963739066,0.3907101764992713,91.39175541814558,91.43259263418322,91.3144044648224,91.55727164852341,0.12899262547569254,0.13549186060375348,0.040383273879759735,0.2802827416940402
32,116321,S,50.662192348452166,130.5501485865003,74.56984481534721,226.26722167253533,7.726526611759193,16.282146490106125,8.735236038518758,33.47913731641709,6550.797692018319,20057.41301488258,7879.896861628351,59098.77824053965,0.10780132481255053,0.6416579183082917,0.3082831857452419,0.8254048755993655
33,117176,K,7.036392404174702,7.037310702116507,6.597939468672321,7.463600314120978,0.4699188033050754,0.4699026299526168,0.4550154979249375,0.4839347054477724,116.69344667025652,116.69344951034714,116.69249869647751,116.69440555276206,0.3988436281060455,0.39928388650030455,0.3980944555437512,0.4004726956650301
34,117207,K,1.9021564331958056,1.899466817805516,1.8118679818335617,1.9881246907298773,3.773840807166192,3.7734694119913352,3.698398064438559,3.8463688266066436,2614.48212776595,2614.4857731558604,2599.997817160276,2628.7742839201983,0.14437917384131296,0.14019631365079666,0.11351177204015525,0.1663990916545529
35,120136,K,4.260164944860247,4.258039636942852,4.1375692219932265,4.377547196578028,0.0486950142197194,0.04869492825388658,0.048023633813232235,0.049348448567720415,3.3124537496738964,3.3124539294323725,3.3124491531090365,3.3124587084467723,0.0132533810340492,0.013396486658615822,0.005585752721077945,0.021595195660283745
36,120136,S,138.2608972234077,124.05581515211195,76.97175509336034,221.4217048301949,22.329764666096587,18.22994793592018,14.316499891901596,35.392300470242965,32527.395981484267,23997.48294271332,16712.226455979842,64899.072941015525,0.8829977587953315,0.8834549834934863,0.7695101486399722,0.9559083053044086
37,122064,A,0.1036557849273734,0.09988030621172274,0.08006638628932125,0.1228803842396407,3.887790661986779,3.96935738708673,3.7406223344484335,4.2631513010270385,3107.961719846497,3203.382885754292,2936.8052180024,3549.475740240949,0.3586122471965758,0.40818557565887176,0.17477310226105958,0.7749895744434093
38,12661,K,2.3851399501762733,2.385802583775325,2.2639147700670983,2.50473354763832,0.8428582152849179,0.8429247476356289,0.8211754195649879,0.8635474037067823,262.36369258159493,262.36150946534906,262.3436898599454,262.3791547486313,0.3594987606811448,0.3603699972813389,0.3559426820035362,0.36494927299882735
39,12661,K,1.951275636261048,1.9505063074988005,1.848600208932777,2.0500372034457306,2.9262332260192725,2.9262206298876583,2.8506796243938464,2.99778609728944,1697.209109718179,1697.0159042453624,1694.7571438648306,1699.2455972535085,0.027618910772300442,0.02474441660082316,0.0125728913555452,0.03662845164300532
40,126614,K,0.3835768160338196,0.3880254312296122,0.3432294242403941,0.4368436304603267,2.4006336958026204,2.4046976895113605,2.3344141872084383,2.4712436444126804,1256.53055494611,1259.8954081574616,1252.368852565582,1267.4601783003136,0.493805670478321,0.5365530337758868,0.4643244792713402,0.6082035715605041
41,126614,A,0.587784069680102,1.1537828832045272,0.7337863301701211,2.6636857046958657,7.169811522284207,13.312445786010025,7.706230982708052,31.022032903401517,6485.535130095112,16420.010475677525,7217.4580067944535,58479.102983997596,0.20949358427377165,0.59317929342967,0.2593666536260936,0.8196415645048718
42,128311,K,3.2821962777889246,3.2510812703835428,3.126141446596669,3.379486703009308,1.7448343749019375,1.7448716731757017,1.7222152894309657,1.767030929363962,917.4315006453467,917.5943465650487,915.6388886444059,919.5551257492813,0.20407220226247155,0.1946280773537381,0.13911685393292444,0.2400408450780085
43,128311,K,2.052006994722277,1.993447458487029,1.8414223393236169,2.1473487847138406,1.0906794166980571,1.090401811987729,1.076220048651804,1.104188744241741,453.4067806417236,453.2962414686077,452.5939689818952,453.99093407125986,0.2830850024021928,0.2861334554049643,0.2458865380942465,0.326608088727301
44,130322,K,1.147623816245895,1.1464313826595731,1.1062594592030972,1.1868753742352705,0.092810075546436,0.09281125921779486,0.0915257932910896,0.09406396802741013,10.708673924642746,10.708671257659255,10.708502067645858,10.708837272786862,0.010074213208397421,0.014626191018264678,0.004357007535836643,0.03060959553648013
45,1326,,0.023393588449370787,0.02323241204928705,0.02133575103570785,0.02514376982648485,0.08390011194655711,0.08389992342488402,0.0829424982589961,0.08483615837311828,11.442918887312706,11.442896258761929,11.441577415079093,11.444204341960075,0.00522624995814951,0.06887595451671916,0.020620114191904675,0.14024546843210592
46,134987,K,1.6816762654374988,1.6803643275753093,1.5923056281050323,1.7658059294580108,0.8312728014009995,0.8313608132114858,0.8095938004336707,0.8518379608700622,258.2466502187408,258.2480960207652,258.205671289731,258.29117005911985,0.2275474592165037,0.2277732610988453,0.2196519391456349,0.23560784082207084
47,134987,K,0.9536094283432728,0.9515996284798568,0.8754602765549324,1.0324595412853903,6.722455390059463,6.756414605108706,6.542676915488317,6.972130864987268,5938.9713999405,5980.288257226702,5823.006122239878,6161.814672465074,0.1572840715165694,0.14094094610231514,0.0845422801470115,0.19456852556535786
48,136713,A,0.2754638994180059,0.27786072726172856,0.2326674338784288,0.3248076686182009,3.6122895777608215,3.6337075643555528,3.510281055762736,3.769494373874784,2702.179910191616,2724.925096203253,2600.201513737895,2871.2305995917436,0.6408472142828334,0.3822360766347528,0.15597286966100146,0.6355704485322103
49,136925,C,0.9457993269002476,1.0058896075577857,0.8234075290702754,1.6568742235186888,4.980119766331579,5.307152881703535,5.013891232120106,5.595018095744718,4363.6477155835355,4803.87060630257,4419.4523545847915,5183.052633231984,0.7123265635146455,0.38905980997609785,0.0932758021655058,0.7684422504424948
50,13931,K,1.929908888720853,1.9203650957553764,1.8260118662729907,2.015329306536579,5.316782493457809,5.318679558286615,5.198691920073536,5.4369328785084186,4419.945159896663,4422.270757138011,4368.75716759932,4479.765658293993,0.029663669782668437,0.0236580709748289,0.007070361328225091,0.04894115068175756
51,139323,A,0.2866480387804789,0.2544085989735972,0.20189873874261974,0.3100366298638145,4.249047244143136,4.265945481112369,4.160025471661393,4.3877445714668974,3343.9806775485586,3362.210564019846,3257.424560025642,3491.1499883610218,0.4916867963139946,0.4542744442763685,0.3153329409728933,0.5749549340412565
52,141004,C,0.04440592596879355,0.043572630662131726,0.03874125713994751,0.04847025424260672,0.123547846292517,0.12355789104480636,0.12079673387211752,0.1261866511010305,15.508198205756244,15.5079410483832,15.50610374417597,15.509656902086947,0.1875233675791351,0.1708332364830915,0.06611595907462915,0.27978578677129223
53,141399,K,1.3724267711021567,1.370679213231289,1.2969609633818735,1.4423593589325596,0.7041012179612293,0.7040597654709367,0.6850414995613441,0.7220113050489049,201.78937780085047,201.78238180634497,201.71594973828167,201.84768585042562,0.04666141254461506,0.04570056895028167,0.03787653408340126,0.05351550424829832
54,141399,K,1.2533534152771315,1.2589124798226248,1.1852664947499696,1.3309258334313891,2.139954372360767,2.1419115811061884,2.0837182988443126,2.1968391195109955,1069.1839436202595,1070.8333030423673,1065.7922339168842,1075.6969979554847,0.03701546058305587,0.035906738015613435,0.021423377938450668,0.05029531202887333
55,141399,K,0.4691559086344639,0.4682887598235845,0.44205126415252416,0.494284976076495,0.4241778032585747,0.4241676341431313,0.4127097445908564,0.43497496968361016,94.35557506203823,94.35619412788765,94.32216050400152,94.38974193538012,0.06252172381676525,0.059787891937516074,0.0432789550501836,0.07656629200413731
56,141399,K,0.6583730438881858,0.6725623369336955,0.6190935416532458,0.7279110577810393,4.4095222476503135,4.444473008868954,4.287869365666294,4.601720269562586,3162.5177014873652,3203.2813698074183,3090.241106681195,3318.6653908681874,0.08227515899629388,0.06607993685500667,0.01997448071493969,0.14478724350107552
57,142229,S,234.820838669601,707.5068397632596,339.4243745148604,1314.5221950249088,13.628901230441745,24.46909969056303,16.09354120294955,37.09515345731893,17880.034895445515,43038.63578371847,22962.86809140645,80296.30021522219,0.483839142186905,0.6370921730788064,0.5222940650881195,0.7364103890037201
58,142267,S,140.12495006200925,140.13254876822074,136.46058716967622,143.74427529209532,0.4904936383100512,0.4905069152009982,0.4836779701713178,0.497125529621238,138.57926082527229,138.57922847117595,138.57872750360264,138.57968527897853,0.5475474646345599,0.5475277820933766,0.5472622368966713,0.5478031639042639
59,143761,K,1.0482020892834625,1.0481433906019209,1.0161738961645397,1.0798254954196191,0.2203494385896632,0.22035097091748607,0.21699420374593348,0.22363038093854454,39.84348027507738,39.84358887372644,39.84290572740579,39.84425574944221,0.03423370376224457,0.034336622770651554,0.030785365285016318,0.0378803566913149
60,143761,K,0.0891723884608879,0.08895133018754439,0.0832169228848285,0.0947976649457655,0.4141180619229544,0.4140833443229379,0.40776813140700907,0.4202654345047765,102.65393535573669,102.6439175707714,102.5643674987966,102.72027463535841,0.05857321431000667,0.04799212614234752,0.014407990337316743,0.10212685592470744
61,14412,N,0.05623076670019063,0.07755167772791581,0.05472134959304144,0.13401783748467713,0.9013585166796478,0.9054047404471912,0.8928509800182323,0.9176831554641618,359.8790979981779,362.4676345025602,359.81256923172486,364.65300307357114,0.34624170084656025,0.2058216415926276,0.058214440346093466,0.4926513831013046
62,144579,N,0.0578229526142329,0.05837971534386264,0.05135237252771874,0.06559029750597316,0.5552367118522834,0.5551589084180321,0.5478135169415164,0.5621927319296615,182.73407418939945,182.6905292113293,182.5302265975283,182.81621072428104,0.6706942267625609,0.6312110802798057,0.5389872090545496,0.7072961264851566
63,145934,S,86.24445506784967,-1120.7307993888016,-1807.853428425336,1963.0556382654665,25.381679418402594,,,,38579.49727476565,340871.06404045306,169587.70163662973,614120.4407031408,0.024262049154029405,0.21767353281789176,0.06563937593644502,0.42109004234670777
64,145934,K,1.7767067912722008,,,,4.395684193781474,,,,2780.454272942679,2775.3611982982184,2732.033985662586,2820.869071960044,0.055271018975690686,0.056661434263908975,0.016917384623274998,0.1193764006983046
65,154345,K,1.1150519847697618,1.1194736787328579,1.0758037010412873,1.1637014769636396,4.125547609958226,4.1253039565759,4.061937384147104,4.187812771416622,3267.374434623712,3267.9152299711077,3239.952461500353,3295.6177734824078,0.028497176648957456,0.021703233246380904,0.006510413956361057,0.04404029932175926
66,156279,K,9.506420202613876,9.508474876976454,9.221314022180307,9.78883046378931,0.5040345701205781,0.5040538209833181,0.4963922677151305,0.5114298986823814,133.3943814758982,133.39522978925527,133.38658444923848,133.40386102883656,0.6476545734063021,0.6476159293033322,0.646862016814459,0.6483625224122662
67,156279,K,9.425567553900168,9.43005199680684,9.139319556100062,9.716254174629556,5.440113555634851,5.442410570039412,5.355572830117655,5.527254768771007,4729.976672355252,4733.072933254347,4696.592533393032,4770.1950734121165,0.25730454672343633,0.25751382515708554,0.25170494916687525,0.2632782413486543
68,156668,C,0.09918795218648274,0.09631625222287846,0.08785244644320751,0.10497463118946038,1.5598969119665411,1.5604746365017492,1.539494448817145,1.5809608771224062,811.4588919214192,811.8436010647748,806.9870638200313,816.8606054616299,0.1610536936825258,0.115431366005014,0.03865042938791791,0.2063399074823441
69,156668,K,0.016361782263117526,0.016114816845319322,0.014741240357646773,0.01750696623582484,0.049900960319875766,0.04990087868463952,0.049260582992098366,0.05052349642800033,4.642864737158405,4.642832752128533,4.642607627378061,4.643049415303443,0.2818453998085074,0.2610300779647899,0.1839519503747936,0.3397581944418987
70,156668,N,0.04354194139733917,0.04324129611846228,0.03692941750505992,0.04986529837916337,0.8938217356256988,0.892608899765397,0.8809891554992205,0.9039540158120152,351.9646471854255,351.3594167708667,350.07146643535583,352.4264378775772,0.508771236181602,0.4557101810317506,0.3414124670877627,0.5633402797906502
71,157338,C,124.41692384866465,146.25873620518746,99.5820385245738,199.96447387322846,17.5437072850461,24.32815827552539,17.27764008190392,33.414174422048944,27030.398707515084,44181.818062973376,26447.880659783168,71035.05444940004,0.6054538112197402,0.6809551645651223,0.6103238128526342,0.7486106602765562
72,158633,K,0.07709305391836432,0.07590690101262294,0.06766482108735114,0.08456125037017291,0.9107487991178518,0.9107106504625448,0.8983672734411137,0.9226630019005948,368.51426191655946,368.4315004440345,367.09240137166887,369.77875485516654,0.1937431379666285,0.18937580617759545,0.10410819669089012,0.2779339041392798
73,159062,S,29.909742983708334,259.19003043858254,44.5379213790644,825.6000005832242,17.969802405325765,57.096979144255286,32.50679179539003,87.38009152032906,31866.837888070917,180541.83623493122,77547.95861231009,341434.63448170904,0.2650087630067871,0.3174432459352804,0.10245141496458857,0.6421344014896944
74,159868,K,1.3235707190661952,2.1745157872999004,0.9823710860767912,9.53421450277516,0.7481025346936359,0.7479070667506874,0.7194340693311037,0.7743733021676753,227.96552202666808,227.84160709013332,227.39723692688545,228.37534347663242,0.19752135652987907,0.4448692298013343,0.10289194924307556,0.8560723889767574
75,16141,K,0.2513260289188292,0.2498738358035657,0.2313749679253903,0.26901077584227645,0.36013292242455563,0.36017065781700874,0.3509934143608808,0.36898131124840816,75.45433497962016,75.45484253199506,75.43678090395126,75.47315080202917,0.1978529642095728,0.1953649774233029,0.14495976405071914,0.2451471128880703
76,16160,S,65.356742031037,66.02040787265645,64.28499925001951,67.73394397939288,15.79027641328694,16.307961190934545,15.99003002398718,16.634159731059512,26880.718461081557,28214.743975566435,27599.57835880865,28863.651248343773,0.6366189676210194,0.6446568406798631,0.6404553464264489,0.6489394210024648
77,161797,S,63.760984392896795,104.86029568588049,81.96819365621295,130.84101643415912,15.053918548241208,16.18075292940378,15.088640302689695,17.386471059680243,19596.75163719304,21853.34695217492,19844.919041477042,24172.657829983065,0.3036403683058968,0.31477564905088845,0.29938732279535285,0.33478684030568057
78,161797,C,0.03340809682801978,0.032211947243260555,0.026375296487066286,0.038329528725586634,0.29008243323139965,0.2900072647503689,0.2820417147407751,0.29754612610460857,52.41938124039827,52.39538125376072,52.34956180125336,52.44506369791707,0.1407837765526461,0.17255849846142488,0.05170623876696992,0.3699216417069802
79,164922,K,0.3482097787422471,0.345476709888213,0.3316040717149944,0.35957995180844915,2.1506144799125027,2.151049019882265,2.12203603692579,2.1795358049956173,1198.39496053419,1198.8222714674027,1195.7333810435707,1201.8273918147486,0.0764006774908044,0.07113138588210423,0.04129000102778793,0.09969185430963416
80,164922,K,0.04581471809176639,0.04531212316763457,0.0415561384858288,0.04905779865891383,0.3414783374434388,0.34144428592687204,0.33688190631329057,0.3459338297377472,75.82298246368974,75.81459178769786,75.77555413453909,75.8531244173137,0.11243598217330296,0.091078892761511,0.028397155746457674,0.17882128862136834
81,164922,C,0.034802817705533555,0.03374867791580122,0.03046939735962565,0.03703809537840018,0.2294341309877953,0.22943788370343826,0.2263717942574729,0.23245515619393725,41.758333922374675,41.7605920891668,41.748746500270535,41.77311794448757,0.1299478382940655,0.09717339602889034,0.029313890751284207,0.18882190512821656
82,164922,C,0.015227640070501413,0.014571866553231175,0.012372419858988223,0.016788579531194836,0.10243922935435497,0.10243523027599656,0.10106702733885743,0.10378302758164756,12.458208063064918,12.458141135132287,12.455752363091595,12.46012203246437,0.1900840606233256,0.18400922615837512,0.055797061694457896,0.3750511676637092
83,165401,S,115.82100955652577,-899.8269171477979,-939.1073153493912,-806.7169287236886,13.255155817390545,187.9506830611856,63.018869203500024,10526.306980935911,18925.555491710194,1010103.298781784,195951.1729796701,424211782.40962976,0.36752897154536185,0.1961741809884154,0.051775172461775626,0.4652189061570279
84,167042,K,1.3976534568873529,1.3906669132296925,1.244107812707168,1.5376999244217044,1.2167406387942377,1.216904059780553,1.1575979816976856,1.270811548927125,418.0543787952512,418.13421315272484,417.24127023404463,419.0164992309218,0.11786006749409007,0.09488216016927804,0.03762356452925098,0.1537752781539954
85,167215,S,174.85138074747678,264.5151985046492,205.39063229433967,371.2548362669061,6.92002610750253,7.018892632408925,6.895493999211823,7.137958369891689,6832.6662907064465,6988.900386149792,6940.021058795761,7017.694361830603,0.8699519179208275,0.8781547403451803,0.8520940808201186,0.9143249521609382
86,168009,C,0.03301705538763603,0.03248084702698156,0.02892421020301365,0.03613567403850336,0.11914335944219676,0.11914065136672335,0.11697265342719007,0.12123524346263195,15.147370554661146,15.147818830812831,15.1447904067371,15.150666699300116,0.20412568158408945,0.13798736157378327,0.04479881082486548,0.25668655867561346
87,168009,N,0.05458288977778601,0.05585168540676952,0.04815432925041722,0.06364449609277599,0.6282235468411994,0.6280109041487485,0.6164028153882448,0.6393019372675403,183.40188840966408,183.204262258836,182.56218841435086,183.73500346630158,0.7628680614097507,0.6261221781561909,0.4475946300618464,0.7935314089148902
88,168443,K,7.985659428532974,7.985737209925377,7.509100690754495,8.448317320830753,0.2990038927551566,0.299005140635974,0.28994614041939404,0.30753897669012026,58.11171353553972,58.11172838633534,58.11160291516164,58.11185108552744,0.5310854674986495,0.5310240270764462,0.530322078094718,0.5317137752387332
89,168443,K,17.880969243822967,17.891400078051273,16.823270082451884,18.92792482082038,2.8939371304949613,2.8939121968297834,2.806240948922233,2.976520389765811,1749.7743905421764,1749.7446645285795,1749.4454124306271,1750.04163791164,0.2115515820348373,0.2112590125273362,0.2098782632609028,0.21261049333676915
90,168443,S,7.790610616006187,-1051.8570279329426,-1144.3304610501582,8.455278959364566,16.276808322512018,230325.69250945194,28.74732189210071,7900171584.554681,23340.077390850518,39346266856.03,54876.06062615744,2.49951518190352e+17,0.4036676492085453,0.1940854276886082,0.04892457519165058,0.4533289632695738
91,168746,K,0.234737880668227,0.2346899823472951,0.2264600139300241,0.24306145790462325,0.06521344015172299,0.06521371543087759,0.0643334992919045,0.06607226926352529,6.404526488950311,6.404525791534411,6.404440427487682,6.4046109046590365,0.11095512896242787,0.10808376324118192,0.08686012665612391,0.1296797728480144
92,169830,K,2.860325948069542,2.8586170328965266,2.7019422385670344,3.0139375168118856,0.8003607335393379,0.8003602015554465,0.7786182920409404,0.8209850235897482,225.79712681920884,225.77487730045365,225.69023815185918,225.84970121090032,0.30494016828468445,0.3047527443295132,0.2915297577220233,0.3172885841746099
93,169830,K,3.4044457528591554,3.4062712046789283,3.2039751856963394,3.6090344561904715,3.233693907452147,3.2322132667232726,3.143411281417638,3.3161692266928524,1833.7414993959922,1832.5451425866327,1823.7758885255973,1841.1620821302936,0.2497734754147724,0.2530842966009467,0.2322068868804968,0.2736889738872116
94,170469,K,0.6053627945951098,0.5945995043904891,0.5195237431611521,0.6729741255273447,2.2200698321902466,2.2338575167868595,2.170596848983414,2.2957620875893388,1099.2960262607096,1108.2333800561264,1090.4773980603532,1130.8848583216313,0.058515642656392974,0.1218700058736744,0.037288355641028496,0.2577179730342827
95,17382,S,197.651023340711,197.87503029252116,192.59617168224563,203.04688653747615,5.959388889171668,5.961680327908497,5.876075488895454,6.044350134407868,5556.8697329735705,5559.855899212896,5545.996642420888,5575.245997209833,0.6564564691002842,0.6578100276815368,0.6526984212130654,0.6633904865140929
96,177830,K,1.4315924752571618,1.4307476306475202,1.2883992098467971,1.568532909886038,1.2089331953561815,1.2091027672181482,1.1479298589041853,1.2641966435106056,406.93505541818917,406.9575285268997,406.6956223930673,407.2211041467832,0.03558909497327452,0.032072729506231835,0.012349043237198869,0.05188753710618815
97,179949,K,0.9650206488340544,0.9626427181714259,0.9283346453257242,0.997441174144286,0.044251395131573036,0.04425368648034693,0.04364226240436677,0.04484527200534336,3.0925273091086787,3.0925274305992234,3.0925102783657947,3.0925441021906104,0.0063799364270071,0.015130169055967512,0.00451270328652725,0.03184404129190495
98,183263,K,3.797840600660371,3.796948948745855,3.6264085329704896,3.963599391412348,1.52701600224462,1.5269814207550718,1.4925538293397709,1.5597818041620255,625.055495565108,625.0571565176398,624.9364693947423,625.1803625582478,0.3777645210185101,0.3781069942429812,0.3741391607072608,0.3820669035031588
99,183263,K,8.163548070398036,8.168107682737546,7.798588544441247,8.528537195752737,6.113175799082207,6.114541938030549,5.974096626792775,6.248516365973568,5006.72252525241,5009.501811982793,4978.610472267927,5039.036545425031,0.058767681984555724,0.059396084800175525,0.05364276271907288,0.0649487241389298
100,185144,A,0.10791970854336456,0.10808018954840616,0.10061653547593244,0.115625100778866,3.176070695013096,3.1785573173794504,3.1261969059528987,3.2302811535599067,2304.8596902473564,2307.549688982198,2279.1936630445,2337.5210247082377,0.3445467365490917,0.3400329197141462,0.2841577185010465,0.3973890860348926
101,185144,N,0.045789871584585286,0.04543497823993326,0.04063737491756168,0.05040737878438596,0.9226295039108215,0.9217548480422104,0.90865235115077,0.9346098807768426,360.8695675588137,360.3602878779672,359.5140628502337,361.3177321649157,0.6097966172140746,0.6378476386475075,0.5591619664179615,0.7144137379602363
102,185414,S,109.03260851390871,109.03526800496687,105.63743085096658,112.36323163507805,6.013361360733383,6.012970250681707,5.9150644428327945,6.10800873790756,5541.923542054473,5541.349705039565,5532.361905742647,5550.20467115941,0.6932881151417898,0.6932530809049295,0.6926024653477908,0.6939121902630121
103,186408,N,0.04699669701735881,0.04751259046760632,0.03843665413043186,0.05860589577318985,0.6329999099953802,0.636521524548182,0.6222625522425473,0.6507839837859304,181.12366484693828,181.4580950362004,180.84657020786145,186.4616319462476,0.18344063808330452,0.2393887583600349,0.06555341430493561,0.6858322238220403
104,186427,K,1.7568603275423211,1.7576378164994146,1.6942589987350836,1.8195039250079,1.6786196638927382,1.678825239976582,1.648749673969037,1.7076300864093032,799.4753896365497,799.483442551907,799.3320549152289,799.6380155116127,0.6822460968385162,0.6819189029121313,0.6788678689020835,0.6850011639340547
105,187123,K,0.5063731805663728,0.5065585102811568,0.4866853827637171,0.5260433895317236,0.04207494501663259,0.04207561770549745,0.04124553793618757,0.04287309196153447,3.0965969161075444,3.096597064044196,3.0965948694402248,3.0965992596089853,0.0044954209483985905,0.0036014387878525594,0.0010811503183055097,0.007339600318081713
106,187123,K,1.7285246289000853,1.7263341783159205,1.6558915179742693,1.796022284182884,4.459769700250054,4.4610840058604735,4.3719355585860535,4.547002155387084,3379.2318523464946,3380.745099518201,3364.2395461939673,3397.3331436459675,0.230094592755129,0.2314167080235553,0.21511086573562652,0.24751073220694025
107,188015,K,1.4991239658366142,1.4953142266750867,1.4164436964253218,1.574740353279895,1.2040341512468635,1.2038496099314786,1.1767522047738828,1.2298927883337372,462.5419598384549,462.5353092209639,462.1098907274793,462.94047283148745,0.16759709787205404,0.16603461900247626,0.13944390638607032,0.19262814241348147
108,18803,K,0.2988553544058209,0.2951764727741134,0.2577282654518869,0.3325080863328381,3.0306169045798423,3.0544523416766785,2.9944057290977697,3.117191498513517,1941.9073862971672,1962.83132026075,1933.0012693109989,2002.9279156737664,0.5383294609968522,0.4731769962971697,0.3481336210437871,0.5899917848669066
109,190360,K,1.5379233828281251,1.5370870796352547,1.4731914748202226,1.6007524291875357,4.0055408913146,4.005625670010148,3.9241500205998032,4.084197372969002,2884.0999684047715,2884.0338484849585,2878.9089041165944,2889.1943423698435,0.32327674839023185,0.32282633574649844,0.3143164535820812,0.3316830420879566
110,190360,K,0.0728509349033285,0.07252173390406293,0.06892146404004376,0.07619389395468,0.13130137745523296,0.1313029419483769,0.12863857427062106,0.1338806940684734,17.116796152094334,17.116869691552136,17.116218532045526,17.117548515808267,0.15869423615815148,0.15623921516768785,0.127663221813667,0.18511115468577974
111,190360,C,0.02992705560076093,0.028928924877671517,0.0249883372410588,0.03286137912538553,0.3931585974418889,0.3931525103154768,0.3851669758134885,0.40087248404853454,88.68909451286318,88.68281170861492,88.57399062566057,88.79299367083111,0.1830836510399443,0.16421049181724615,0.050874292650847364,0.30409340102093285
112,190406,K,79.56233380822765,76.95846649644022,73.21819090551296,80.53316990814896,25.202531177068305,24.995083539297923,23.97751558102631,26.139464834775826,44720.52557245526,44249.77833507673,41717.15119983114,47074.57799773088,0.6425319005477039,0.6420963080207929,0.6305891121359156,0.6581010464037056
113,190406,A,0.24670972391822674,0.220876492442171,0.16248227623973924,0.2776792569449048,2.2645706914773305,2.2664914690755453,2.222465294147004,2.3118232046747886,1204.5351597273846,1204.8221149736917,1189.3914294782774,1225.237897868196,0.534002073312445,0.4157973660364502,0.18746430578845144,0.5964383285595459
114,190406,A,0.3737770075284628,0.3613359140498243,0.316742942407228,0.4073750890922307,1.983530210063309,1.986060493438346,1.9534801611556785,2.017816669228396,987.4131051064488,989.3137956543558,981.7318204592468,996.8263592914,0.10923392869154708,0.11781379938122148,0.038777872573131006,0.24563294004401626
115,190406,A,1.9389580736338656,2.16320617705149,1.727172934042272,2.8417846826876287,6.037448333996067,6.360374476638294,5.978157297278396,7.0648963174032815,5243.4942826342685,5667.886854731687,5204.818526523646,6631.6447656802575,0.20976007153417967,0.1550182508589901,0.07337652794115249,0.2356222129403552
116,191408,S,4.450549369883418,-667.0808571702897,-681.1159656020841,-639.5203003104763,11.596339595037513,38635407054.24444,5608395657.103205,92835758069.89418,18046.40141658176,3.458143950738058e+18,1.912268371130397e+17,1.2953055642083486e+19,0.6203192331299803,0.25419304001757353,0.06883663598173839,0.55952023057327
117,192263,K,0.6667005157350036,0.6601012750073048,0.6286049237743214,0.6919281577479541,0.15393741503420127,0.15393486813297594,0.15194132166215013,0.1558808250449712,24.3600058211318,24.35978102000307,24.358126095323506,24.36139247774709,0.04686459173433442,0.036886717286406176,0.011159912748481328,0.07372646813702921
118,192310,K,0.04771726646712447,0.04540716167574964,0.03949553315479865,0.05150781215989485,0.32502942391368955,0.3251216396368544,0.320923062748807,0.3291885377170433,74.05898019187761,74.08827245385075,73.99885536826021,74.1781015666977,0.16457764221123505,0.13670013139346573,0.04519210876582872,0.2544475942932565
119,192310,A,0.10495684939869464,0.09044547275180324,0.0743854575387913,0.10782282262280828,2.5676576475573505,2.546607568540975,2.4799455876785736,2.6145595385727303,1644.3694012527878,1624.795002853941,1570.0457001916132,1680.6268248166186,0.5757732820495765,0.3340321428141061,0.10427198189111077,0.6065543941501222
120,19373,N,0.08617007763148468,0.08767370576162753,0.07497475831046771,0.10132555923287853,1.0525200895179756,1.053901546970754,1.026395088910784,1.0801666373406609,367.04853880715945,367.41847069752447,366.6149732575618,369.3789481979412,0.6850118235744272,0.6436557336940141,0.5610171634231079,0.7173959340595473
121,195019,N,0.07916092866706452,,,,0.1474733258458754,0.1474866812106303,0.14411241915303805,0.15071503653521254,20.491160732154885,20.496596700224,20.477284539885375,20.52418234856649,0.9640256195547372,0.9039895109920112,0.5899741474298472,0.9685007466555924
122,195019,K,3.592768791393727,3.5861875603929265,3.4303131473882296,3.738597930557952,0.13627058252699473,0.1362717053992713,0.13328927138285152,0.13912644292890045,18.201178825820698,18.201143815056238,18.201021744420927,18.20126035729563,0.018048952985253858,0.01920013649283925,0.015692465794271252,0.02294506636609409
123,195019,N,53.67738710487289,65.12537026225917,-1048.3575030461523,596.7962718591966,26.227917908751394,60.69270139419292,26.26720380455845,288.1401644018252,48600.64930626342,171214.91735485356,48605.53525961841,1773500.240560474,0.09563682266317997,0.13321471003545746,0.0429339727138152,0.3039598357896352
124,197076,A,0.2536636324827557,0.24396275230475226,0.21896099055102325,0.269645035590376,2.689424650363458,2.6730444249665943,2.616532968153526,2.727492107327504,1635.4661858480401,1622.3161801383146,1588.0961291604115,1652.2942541399186,0.28629800219305235,0.2295546117082933,0.11417043581190807,0.3511443461894591
125,197076,A,0.046449301093432635,0.04194030457711537,0.035655512852769626,0.048419017837008416,0.15977401822850112,0.15977037073121114,0.1572091720898255,0.16225265653802334,23.68163777007173,23.68075636957089,23.673641469891358,23.687601834865674,0.4156938230919976,0.3549390986310095,0.2103891708773292,0.4936149952393951
126,199960,A,0.2259601366233917,0.2101693821807553,0.17358316466491713,0.2566305112978124,3.708336432339135,3.70146668514218,3.5842679695178465,3.817957951502625,2352.790509777562,2347.934262924025,2281.679581319216,2415.738938735098,0.3757301806752091,0.2509086461475309,0.08320699542358798,0.4631646921300766
127,201091,A,0.11751670485882933,0.1173785929838481,0.10167460440412812,0.13427582638002372,3.180849360569572,3.178850941865684,3.120204361046945,3.2376016881827496,2584.528169412037,2583.000855608981,2532.454420194128,2634.535578827501,0.4183585049156723,0.32434192623289904,0.17211596473497526,0.5298448818627822
128,201092,C,0.021110376682776173,0.0204351085126727,0.017257236892453398,0.02367838258145956,0.22015259859540093,0.22019768603830464,0.21735022379088773,0.22295798085363727,49.02547235862887,49.03513323172932,48.99962416950515,49.074327035578186,0.1541290051195897,0.14772805142416126,0.04491531629948127,0.2931546417702746
129,209458,K,0.6645143773213517,0.6636460483964176,0.6383901414382194,0.6887481298433201,0.04635472269675857,0.046352939343223216,0.04551682112245685,0.04716253318547732,3.5247489718328926,3.524749136437109,3.52473710445492,3.5247614274680568,0.00604345610291615,0.009522337917202004,0.0028579621003341892,0.01977734236188849
130,210277,K,1.2596340038571134,1.2598377061853272,1.2183034510200184,1.3001972527107917,1.1336701062229075,1.1338219796095252,1.1153793950406072,1.1514577856431054,442.93987424286735,442.9410066142042,442.87837975470427,443.005117938968,0.4725775820998713,0.4719616711114159,0.4662912800340048,0.477504293050745
131,211681,S,77.66447219484394,78.09785398567959,72.97600103816808,83.13030028912293,7.833322585885267,7.877154176886017,7.592114371199313,8.164050908846098,7090.25318416797,7136.088867860546,6974.496739863846,7348.2219089081555,0.4398548623779813,0.4417308240947384,0.4351160965878453,0.4494317336278335
132,213042,A,0.34501124997694593,0.3334392259693253,0.28964518920459426,0.3794532026435609,3.994638349954171,3.9660205859835855,3.847476747720427,4.071276232341464,3234.787614336818,3203.285897307872,3069.086910954743,3317.377584644277,0.4039796484606811,0.35774211584651683,0.2325607280350925,0.4754716731242103
133,213472,C,3.299509446457442,-1096.1925058705774,-1142.3926544143671,-1003.0591351573102,10.830312388934452,184249063577.9074,76355856714.34645,377684823157.4823,12704.990882023567,2.674111957882901e+19,6.785363624481325e+18,7.644458469226016e+19,0.4977059643497186,0.4179305684759349,0.14947002301806692,0.6890191953315062
134,215578,S,1189.434040195211,1297.092615188265,1223.5467427799874,1370.3867426132565,20.488934459268005,23.85714395746601,22.612843480810238,25.26403774863985,22658.598670990927,28467.179734691294,26694.22189308163,30685.862641989414,0.3998831266040596,0.4589296356112281,0.44229590693627263,0.4785972720980901
135,216520,N,0.04008703899309117,0.035839201960612035,0.030732469529267795,0.041162965027151915,0.5798349117824115,0.5771359378991963,0.5692287327602802,0.5848517879437499,182.92525199491402,181.5662887740152,181.14106994702422,182.1923963592062,0.6694999730459745,0.5509823558910192,0.41517927447166897,0.6801313047149664
136,216520,A,0.033852359797060694,0.03265981532362736,0.029073410324363693,0.036263593972087865,0.1942339829684893,0.19423631203886305,0.19160012032688487,0.19679980991629245,35.46540673561607,35.46610163090922,35.45131984306693,35.480956911568924,0.31695223597959543,0.2061132099173969,0.07859873846128135,0.3374573502522769
137,216520,A,0.2104330877342504,0.1920445116085548,0.16560053442369754,0.22607438928152598,5.491149112100519,5.719031580777438,5.385548434889885,10.092556258737213,5331.040437065278,5654.265808127609,5201.569199003269,13286.07045967186,0.7651427180349496,0.6054718007517477,0.4372527277709821,0.7940330171149019
138,217014,K,0.4737537036544782,0.47352868358215294,0.4530010701023282,0.4936475686029419,0.05293059410633538,0.052932297817194884,0.05178274683864356,0.0540324558260866,4.230797893518624,4.23079778488407,4.230790465374419,4.230804983508634,0.0015478857224493453,0.004244456028217223,0.0012502214367039887,0.009028517694232241
139,217014,S,1.8286537189792933,2.0978568442539816,1.8093812439324064,2.5535090711882136,21.541924134459723,114.7396229061574,42.93015751797453,262.3588530261373,34736.72452811432,427347.0198623953,97869.27381712246,1476823.488567633,0.6012057317594753,0.9142531389503059,0.7599856285350551,0.9635700884904964
140,217107,K,1.431095206749,1.4316176443129638,1.3644448816782089,1.4969289327234732,0.07512548285197806,0.07513390748266896,0.07335074267747797,0.07682269640429422,7.126873762012285,7.1268750491651724,7.126868382883947,7.126881886352365,0.12833755240762565,0.12808186089045825,0.1263768327535601,0.12980348856952886
141,217107,K,4.451625619304704,4.4492881445550525,4.233453486619837,4.660173054339458,6.037946428488241,6.044655264711425,5.900796181945188,6.1810854497061545,5135.137003049645,5142.9340299632595,5129.701761513243,5155.97342245942,0.39646194975575616,0.3950634561974367,0.38824788717324,0.4019308362891264
142,217165,S,603.5530038329233,553.0167295133158,516.2165980995213,598.70443428673,37.07149357347994,28.35785594026672,24.27476443488769,35.795440255298296,80092.05032826035,53585.71320217666,42496.736777620914,75982.15246943246,0.6600230100494635,0.5673052743029957,0.5042855950376447,0.6489436595269722
143,218566,K,0.2111326269181602,0.20811442993402807,0.1864981743461201,0.2296403084019968,0.6886861855065409,0.6886320720987299,0.6804218541233578,0.6966404917626461,225.3369097183287,225.34923253842646,224.82353124604347,225.82423732435646,0.2760257588527679,0.2176602639959364,0.10521531903958432,0.32164132238359106
144,218868,A,0.4712022906894927,0.42301753038685297,0.3639363552618369,0.4968755608334275,2.942701682331888,2.931993163863285,2.857384240437874,2.9998005645293038,1842.4589449195735,1835.2215459434487,1780.800880944605,1879.111632363576,0.4270038993753257,0.34223882242892434,0.22106403658756424,0.4761808103714066
145,219134,K,0.31769778897753603,0.3155375338148148,0.3012232392454439,0.32979347200244313,2.9146904207604627,2.916761478127772,2.8757992611963634,2.9572563384668418,2040.5441705649484,2042.7310439042112,2023.139600718064,2062.816909429734,0.11212490589636456,0.09999552798154072,0.05989772151211568,0.1398060452252636
146,219134,K,0.050795135627097886,0.05055182559704309,0.047312332611180466,0.05384166628813,0.2349823224353836,0.2349770778702349,0.2320368037655081,0.237839891097298,46.71002905253215,46.707212767285576,46.69223926238224,46.72248980458607,0.0942044086083859,0.07643108868852544,0.024947225303588137,0.1366971426987716
147,219134,K,0.012357346251075102,0.012224324215061012,0.011027490152485508,0.013419869800019222,0.03846006516581183,0.03846049275594037,0.03797943534386832,0.03892915063126147,3.0929462538435586,3.0929414149428482,3.0928512627959144,3.0930325554633087,0.020000197996579764,0.06507034383177729,0.019209958633739255,0.1388685240081476
148,219134,N,0.04379071086596102,0.04328256873108997,0.03832757015839528,0.048209384301297176,0.6010637642308538,0.6010183408801113,0.5933983614710158,0.6084464816432033,191.09009219710904,191.07251144279667,190.46876573121605,191.651670234346,0.22132918867518664,0.19620685612352545,0.0909917187316023,0.3025249263546062
149,219134,K,0.02495595071588837,0.024363117312891668,0.021968900543551183,0.026772819463715968,0.14566242772148913,0.14566339991697666,0.14384087366529813,0.1474392341513292,22.797050728451556,22.79722010011324,22.7894066153582,22.80422765230348,0.0738668782091115,0.0883038367175713,0.026599930589425752,0.18237348043632665
150,219134,K,0.012684813995888628,0.01221896515378362,0.010633014503266768,0.013822256375283,0.06479587757284534,0.06479838783384688,0.06398785085175733,0.06558808843302519,6.763607763281107,6.763805032786366,6.763056324744903,6.764704562010068,0.16626406437224056,0.15749968409273998,0.04982378106843538,0.2932744045567399
151,219134,A,0.3845780145844333,0.38774813615330894,0.3417059952284375,0.4412116579511779,6.7394677575516555,6.613303653489747,6.0951290517462935,7.0443902605371385,7174.5678915222215,6984.759004724552,6177.460451676996,7651.107566211956,0.799149972914095,0.7817244793242655,0.7328719228312512,0.8312352051623032
152,22049,K,0.6977703035288554,0.6949833700958981,0.6555511404252082,0.7347561231101656,3.512897999532783,3.507675924283056,3.4577039484557717,3.55704122001167,2643.527080942325,2637.8153162463473,2616.049004791936,2659.907238639264,0.09647423875304596,0.11222701901045654,0.042049714612113966,0.1901424071833928
153,22049,A,0.1821089355999845,0.16827565862897936,0.14024813456539928,0.19735354438841712,1.9580389473836304,1.9505276088837145,1.9194953846718947,1.9795259641245584,1100.062710143196,1097.5683623007217,1076.6896528576667,1104.6207994285194,0.6061627139664991,0.5306873801993396,0.19457826112346088,0.6764314154718323
154,22049,A,0.03294306290367237,0.031114747499823858,0.02551756105545171,0.036731653694787814,0.09336860874301492,0.09336962347935664,0.0921340778267546,0.09457114952912338,11.454780866704455,11.454623843252607,11.453305465929056,11.455936637785573,0.025988281968002118,0.12722893646007713,0.03678879601204309,0.2742736378995675
155,222582,K,8.11473349787782,7.864940549895146,7.569509570286624,8.16357615187956,1.3377883738085967,1.3381757166600463,1.3148688106364654,1.3606738516409045,572.3670628159017,572.5966345340591,572.4677398784446,572.7381981553824,0.7788036677835537,0.7564818803891329,0.7454016744663937,0.7679185331003294
156,23439,C,0.03015952312857194,0.028899428764322818,0.02483281221080341,0.032980246759447364,0.21291779418369072,0.2129326527665457,0.21064100487188248,0.2151678141170958,45.68082231451288,45.684627058039744,45.66029009737994,45.71032241569261,0.4708475744001597,0.4758143442013847,0.363303159628012,0.578358598333661
157,24040,K,4.088791557319869,4.093222927467717,3.873638567000937,4.309466260167716,4.725327889498343,4.72473736019964,4.6019108038679075,4.841999076360329,3527.8464863612303,3527.359881827933,3513.705927810949,3540.7344274327033,0.01525206781014926,0.013479219902272698,0.004223021120234841,0.026304646404006732
158,24040,C,0.2049804000979112,0.1955659977736844,0.16617951316439902,0.2258556704290597,1.3108506632015633,1.3092766991546396,1.274816092553563,1.3421583248719071,515.4559790113558,514.7783992065179,511.54474286173513,517.6418398497118,0.12821200855642706,0.126244649922995,0.0380154971183878,0.2592318166846162
159,24496,N,0.09641592950889777,0.09045984668365822,0.0763966510872749,0.1049636894740717,0.6128321324301447,0.6123146339609846,0.6031100980528445,0.6212910809765418,182.6002169011829,182.32826143118427,181.66234526008645,183.1209829959518,0.18217853899529352,0.2685464718985145,0.08250511090180909,0.6035373441416122
160,26965,K,0.02310885226551368,0.02333710411984565,0.01979303695918324,0.026872223794981703,0.21434285543123527,0.21429740900895614,0.21153223473481544,0.21699456128005565,42.318964653799206,42.3088948926003,42.29374637973915,42.320582155413604,0.6386575772399129,0.4941847907494375,0.26543655124400883,0.6723008554592592
161,26965,A,0.10610845938040137,0.10746422887348353,0.0910685934699594,0.12473870228779901,4.192297737911717,3.8585667934336834,3.60821690326459,4.167454162552456,3660.578243391105,3227.185148929344,2909.9680070506824,3635.8675851257867,0.35585047377077283,0.4367550762278596,0.2722062003994913,0.5830518487011235
162,3130-1591-1,S,282.4254236413056,370.12175039641784,289.2676364393726,485.26290605839966,1.2019926697251635,,,,444.73717909991484,662.4983546034733,485.5212266694877,1028.3712408779497,0.2923146835855693,0.3662181855809007,0.3029641321426165,0.4731141817081516
163,31423,S,430.2223673532129,472.07716647193087,175.29005889965214,1600.8934114699814,3.6649166967025413,3.6411511130997996,3.5802330201315997,3.6988216984439655,2252.121172327465,2233.4276577474093,2200.11761205344,2257.8064663570226,0.3538179700448322,0.6066927051467192,0.3193574086378356,0.8032141886777819
164,3167,N,0.12693045606181366,0.15829995721550075,0.12412620204960385,0.2342235578510828,0.3581980926390463,0.3582105366710694,0.3534315350051801,0.3628587473563588,83.63450002362164,83.63958038675662,83.60927832062191,83.66717505515489,0.9602887405087416,0.973152065038835,0.9593128729753282,0.9854651136029244
165,3167,K,0.04014659488469405,0.0383641164365912,0.03217015428044635,0.0444561165472191,0.15460468500511673,0.15451388860217752,0.15242978931579226,0.15654016332028736,23.71562294910829,23.699791994216053,23.63272826986421,23.757226177629576,0.2274211445772116,0.2154904431942613,0.0813453316548568,0.3620283215268649
166,32147,A,0.14423116313270234,0.14262569742075842,0.1260861334576361,0.15969962667808696,4.1538975493067865,4.144658813353678,4.0437843401746445,4.262758424833572,3406.028536031969,3394.3866970358085,3284.592134155491,3527.7683658479527,0.4052855174896474,0.4059874555918931,0.3273586438878357,0.4811627910357872
167,32963,K,0.7015108910554729,0.7058220789622042,0.6680250955538775,0.7444974398577853,3.4169982579284333,3.420607076711547,3.356124297058323,3.4838874846263503,2320.7869119773263,2324.0751713107243,2298.4634087788963,2351.4254497005304,0.10109526737265837,0.07893337738089229,0.031911777580945634,0.1266913167316993
168,33636,K,8.890870040520976,8.902197669547448,8.620785635774505,9.18041131393532,3.2316045250243173,3.231447714677037,3.1814116351969584,3.279958763176259,2109.95624761102,2109.8122276818303,2108.165321421975,2111.414056499295,0.4901274469795821,0.4889664469561204,0.4833320327533469,0.4944007002871204
169,34445,K,0.7532977208764663,0.7130869166648395,0.6475015011044924,0.7795410739642343,2.1142906367439243,2.1127568207221383,2.058546235180403,2.164513796684945,1069.8164520779196,1069.2422888151127,1062.7779232751686,1074.6637118706037,0.35305733271601697,0.3652957332084327,0.30631161961738496,0.4277776674378155
170,34445,N,1.404831242187876,1.4570999829845954,0.9125715380047336,15.740049872796085,10.110308495186263,19.929660786577095,10.300589964930552,160.63665522627025,11186.876759955196,30997.605302830485,11344.583335969917,709395.5370103167,0.6314716265463419,0.5645212638691601,0.2305447990900468,0.7429305143650383
171,34445,K,0.08681166092400283,0.08081881196295622,0.0657330780767644,0.09603974911120744,0.2714669707343302,0.2716159362283241,0.2647219680513208,0.27818185736612744,49.21956121391732,49.255565583360024,49.21030469507244,49.318107711460584,0.4507803242898659,0.317006368399199,0.11451992780585113,0.526198471042358
172,3651,K,0.22191071825779585,0.2213241810455262,0.21428291966933674,0.2284351424243512,0.29592927675054714,0.295926243958239,0.29205241985398994,0.29970561944343466,62.24215276978805,62.24181102352149,62.238661533957185,62.24496974980581,0.6157460099915246,0.6136288114081915,0.5978296209262458,0.6292338602456672
173,3651,A,0.17009620494833086,0.1591994237767384,0.12447111200666278,0.19444830722045767,5.553939612834952,5.577011542426318,5.3134197866776836,5.820306006806415,5060.628258168217,5096.401682943615,4749.268366744653,5413.740892393897,0.2581250741815315,0.25238272829134506,0.0898464212312626,0.5040855377809744
174,3765,C,0.17904774117770186,0.1747211347117134,0.1545391237217581,0.19493541054412167,2.136315784178485,2.123185229103502,2.085790835385624,2.1593457409167574,1236.0601434646758,1226.2104544322744,1203.2578661298446,1246.3507856430929,0.3632199574670468,0.34934106701900003,0.2296139140001495,0.4627074300031624
175,3795,S,228.7549871036654,259.6805043342274,201.7650590263429,340.3441783323663,14.509375264871302,15.476241810488892,13.619001942274892,17.950131197251416,21671.897218819537,23881.25411905504,19741.196855015532,29804.3315515789,0.2027424615659784,0.22451493318704646,0.1836726719395436,0.277888153271945
176,38529,K,12.55769673317699,12.549447540241545,11.720251378226244,13.364396816394525,3.648349146967421,3.6477143604710536,3.5256361888577548,3.7641918505524683,2130.7775193268685,2130.659685772285,2129.3936230917598,2131.939851968483,0.3582609206994468,0.35818978554898684,0.3541530524969949,0.3620178315428855
177,38529,K,0.8513558464284466,0.8506645351171664,0.7935611988647484,0.906840158603936,0.1298683122052974,0.1298501392795819,0.12550374070108,0.13399790745694293,14.310285894347036,14.310277618706579,14.310110943253108,14.310441339228838,0.2545893370530163,0.25412913047949875,0.2428126205845804,0.26557607359995755
178,38858,A,0.3097206563002659,0.28919719936100874,0.2411688884230353,0.34272540415415603,4.03534950314108,4.034132523184487,3.926292699926504,4.143905470734854,3132.382920730423,3132.480198800278,3028.842937686892,3237.3428359949376,0.19589272353038686,0.20593600708968854,0.09517681777248103,0.3182028627714891
179,40979,K,3.8026050161162415,3.792355458912996,3.6196231874611353,3.9724515880055904,0.8675929852053402,0.8675041016144159,0.8562355800126923,0.8784504072060358,265.4453046943138,265.40209994514424,265.14015329834444,265.6492699080547,0.25221949718008874,0.2529370659989323,0.22552545660438195,0.2810025725434537
180,4203,K,1.88379606780814,1.8989152069137745,1.7823498549554189,2.014133390226447,1.2008787889460597,1.200678610219176,1.1654313303584285,1.2339473495006523,437.1552736420188,437.0433692028904,436.8460898121767,437.2362366459742,0.5178823281214336,0.5106280238490678,0.4950566411077051,0.5259681273347016
181,4203,K,2.636763206926899,3.7257204089220775,2.770750994986852,4.82326054152062,7.236160098124112,12.030764211523733,7.611747432152362,17.18892807855658,6466.201162858538,13892.186514096962,6919.390989614192,23695.292165515762,0.09466859793505306,0.39478172247873183,0.1268007573156252,0.5456780307295374
182,4208,K,0.775791047271109,0.7812450018242638,0.7449430382969984,0.8185979735026673,1.631630875169279,1.631754441949823,1.6077454169511105,1.6552431325910193,830.8399880038678,831.0539859002341,827.8175310651035,834.2361321200741,0.056340255392314575,0.04169181620607868,0.012398114399211357,0.08365244361692221
183,42618,A,0.1913607429140008,0.17876058571457487,0.1585494890806761,0.19905521417639488,4.827469901800808,4.851583607540258,4.620120544454466,5.1753604291498485,4050.8050406050647,4077.024517790539,3807.353586121567,4491.057335216833,0.3531530708722215,0.3774998091835137,0.27927331160474994,0.4782376845685
184,42618,K,0.04987691774679542,0.0492714492170627,0.04340166328736218,0.055083732767537766,0.5327866586114922,0.5329781618307956,0.5245318050334634,0.5411291472101587,148.52241129119372,148.57128231685968,148.35548307464492,148.81168453350497,0.2997641107198093,0.2205117183418797,0.09940197605286588,0.34106341909117155
185,42618,N,0.05634067423720275,0.05401418100765732,0.04573538386100345,0.062266009484853085,1.0105659306358594,1.009960822568252,0.9936042214217596,1.02587647679953,387.97966051541,387.6318409058731,385.6615181679777,389.515358373928,0.4798885877667042,0.1400012014041558,0.04006231295318748,0.3539086227291033
186,45184,K,0.03382549968793937,0.03241644135452812,0.027964065953749333,0.03690326067442918,0.06409039427343033,0.06409016201417336,0.0630138510215506,0.0651321467937532,5.885458095617808,5.88552338742139,5.885241114236911,5.885844433349048,0.2682184624922074,0.20175040458304885,0.06861340779989612,0.3457219248728856
187,45184,K,0.05118051231209944,0.04825641721018191,0.041256249311521526,0.05529595177575895,0.1710638395150798,0.17105521471131727,0.16818226697245706,0.1738363811978862,25.66422654141296,25.662988061875843,25.65775882606205,25.667792170030154,0.359403470677411,0.2446719990380725,0.09913333853992704,0.3973414839417155
188,45350,K,1.821116330852366,1.8540010738964137,1.7543044467747722,1.9553761566517904,1.975533348402333,1.975196636633285,1.9286401287245087,2.0199021710160654,978.1998701980223,978.1557793961957,977.9196920892343,978.4016344696894,0.7853685227076312,0.7941321585089184,0.7813668938273722,0.8071778448630974
189,4614,A,0.036940963671775184,0.034813776705815896,0.029428697685983305,0.04012740768168545,0.3830379654556553,0.3829506865396912,0.3766985183024558,0.3890802029600108,91.02480522173241,91.02288827917931,90.90951449978328,91.12983368101266,0.5157120885830803,0.4445411740061831,0.2558246867898455,0.5842187473191347
190,46375,K,0.2254097453433338,0.2257605542589742,0.2179886500132573,0.2336074661389023,0.04009512335747225,0.04009481607881222,0.03956920985340808,0.040607547220489176,3.0234862439557526,3.023486889950365,3.0234743120549115,3.02349990988584,0.05839658010979864,0.05619997855956722,0.032540609555316284,0.08017774874771469
191,48682,A,0.14273598737626306,0.1532300520532885,0.1312664053319533,0.17560899881280478,1.921705748571206,1.9115957218031447,1.8503076584015044,1.9663599782308296,908.1357133970987,914.1175592272375,863.9141154460264,929.862347400386,0.7916099168848058,0.7353788043707661,0.5861711586032955,0.8346014113657507
192,49674,K,0.11752310030469636,0.11649944338893435,0.10786456745497984,0.12528781262951633,0.058043145066236035,0.0580331039095934,0.05712495447787256,0.058918743281106786,4.947204181887615,4.9471989625883985,4.947062741877828,4.947332343570272,0.0754828624330719,0.06315028797193173,0.01949599532318464,0.12402949012473473
193,50499,K,1.3197289865070556,1.3882757303478623,1.2638882044510236,1.5147434357753775,3.898848395919466,3.894293815419015,3.7991837641946864,3.9855272295163946,2459.569738090512,2455.729315610577,2437.2047345045753,2473.6392679588025,0.4006059362848694,0.3382123202343343,0.2767214653793925,0.4062625168370077
194,50499,C,3.322344767194191,3.659794648191632,2.9731513810902297,5.005800401328793,10.0116174913012,11.729576455956082,9.71788265461654,20.60978546604186,10120.710242939987,12826.763985419919,9699.560190716877,29930.150782673863,0.26608689111017364,0.3355419375038448,0.21718174975849688,0.5565786586843194
195,50554,K,4.353439303405699,4.360570667237637,4.168001159500293,4.561947774296663,2.264030143044748,2.2639690839036657,2.225388223100925,2.302111973831186,1223.060717978099,1223.0243912550568,1221.1688629072205,1224.996627326955,0.4608079294134679,0.4606860078768151,0.44265409683483503,0.4799643486331553
196,50639,S,701.8917351756024,837.0474413718762,608.1135407098344,1179.7535655469694,21.35829020615795,28.913407858134214,21.19993156812483,39.350354120729044,34571.648265552394,54484.40489571843,34357.99383366185,86477.73863016715,0.5917171363716293,0.6588290833216442,0.5903007520240372,0.7299937322322321
197,52265,K,1.1263365925787585,1.1257370465589451,1.0729490287454218,1.178223580253533,0.5100968722323768,0.5100910847184139,0.4986701099186622,0.5210544812085279,119.26743735806879,119.26284701330778,119.2497739774839,119.27562807838905,0.2126444795963882,0.21347547970703687,0.1997188297775873,0.22700947399934165
198,52265,C,0.3364271542010794,0.33447712723845324,0.2813318805958421,0.4093815785019061,2.612116409297497,2.614889724466756,2.552481334183283,2.676157274997977,1382.0752448963315,1382.1452691608795,1367.3895567806394,1405.1667801233139,0.6571366481477694,0.5714022795115121,0.4557284426919272,0.6849228404090357
199,52711,A,0.4085509974445243,0.6266179354431352,0.4570566041209708,1.0536117929183009,8.695363150857787,46.97164095991611,14.503074586268358,144.11725403266038,9693.800586906711,121744.25703695447,20882.930887063434,654406.1544544994,0.4077456540561447,0.8328988661353605,0.5304834672861813,0.9467500546953804
200,55575,A,0.0449889605045053,0.04317272721308451,0.03745730518265443,0.04909156086837501,0.25917234239176545,0.2592212821738106,0.25583232709119114,0.2625261820687222,52.15525963576274,52.16492425227622,52.12814152635372,52.210847744391664,0.3941009979715155,0.33449124205242625,0.17467755992035794,0.4946923183548413
201,6101,S,41.08500012708117,-698.9999999999999,-799.1766172465718,-698.9999999999999,5.4449828482296,60353085145.90044,26211168592.180454,130818113675.69846,5414.869659475066,5.7095901020062e+18,1.4543075499800517e+18,1.7028690357512964e+19,0.6577653889892079,0.4083057923692244,0.12110540603519065,0.7647399296657884
202,6558,S,44.636009411367596,767.5157328017267,193.79642049198398,1995.056007853784,11.343895915338766,24.343067451077705,17.117218402711426,30.78106899633978,12263.975040398946,38657.80693177534,22812.29035054468,54870.896708023836,0.2284120132584129,0.4955841111741472,0.3220212989156944,0.6309938383905205
203,66428,K,3.2716644029584754,3.277801268279492,3.1081846615497435,3.4468524693207847,3.504149806179506,3.5085396385686636,3.422813370607201,3.5902746796154914,2284.5802310473355,2288.8362768127968,2282.032932767779,2295.724915735528,0.4244576972687733,0.4194964856975746,0.4039079326928412,0.43507015777128855
204,66428,C,4.973579215021547,31.849425709754748,9.159981249959653,89.47255029017111,11.342663837908544,22.5547638061263,14.37330775922533,32.88997347120878,13304.69764330871,37365.953668648304,19020.363534672157,65669.93294622378,0.14252973060272786,0.3052229781576797,0.1722643521863184,0.4315520618807779
205,68017,S,21.02969105134324,30.94348726539949,25.909612834300226,35.55567628061829,12.819397027740813,18.734966472995488,15.618197822075533,21.847257282463,18935.951156637475,33471.01902943848,25486.209190392958,42126.536310855554,0.2665860891093068,0.3856620593740889,0.3211998255467252,0.4445525783565635
206,72659,K,2.8417653986924547,2.860098992950616,2.7007856087565614,3.0225293354907543,4.622418282731748,4.6242860408320805,4.516083084629985,4.728075030070063,3551.5945776843464,3553.1381379556237,3531.7097805086178,3576.3632516832026,0.2710296649599752,0.26655324796477586,0.2455640692853969,0.2874412877643877
207,72659,S,14.555805036310673,19.429117975351588,-1107.1726975306447,806.3939729405133,17.21054487082493,73.5091272232031,31.28286649265484,139.59860588702378,25515.932864809696,225683.6254409763,62625.81697093276,590254.2471841917,0.1801990075771417,0.12734000235555,0.03453144917429972,0.3076178137495676
208,74156,K,7.598470279244275,7.586375725384796,7.180951855413218,7.986135628739352,3.712088910664937,3.712580644928385,3.61384308480752,3.805841970521861,2443.68556510768,2443.428803099959,2436.8361965102845,2449.6969508685224,0.3692039229735166,0.3678253075232107,0.35748174492141394,0.3779199918063948
209,74156,K,1.7213363671143609,1.7220471807279192,1.6301796545413587,1.8115183457196744,0.2837243008561955,0.2837812077338272,0.2762385969146424,0.29090215543433057,51.63718641732735,51.63703903080981,51.63582349017743,51.63811793364614,0.6568761364655165,0.6570906089221551,0.6516939639572783,0.6623442052680335
210,75732,K,0.8470866382616759,0.847010323529502,0.8231516948443798,0.8706267674633478,0.11665903724971866,0.11665863142601315,0.1150399581645698,0.11823345790124434,14.6517331189696,14.651743585488482,14.651651299226904,14.651836575292098,0.014283147236849257,0.012972757928073798,0.006583226366373037,0.019044544892117085
211,75732,K,4.427017396095397,4.40726408851658,3.9931760247580432,4.953756525297224,5.85425139886413,5.8368449828212,5.7467286575569485,5.925073205089919,5208.56957749115,5190.699586451447,5131.3574080022445,5234.296179391748,0.0926612718354156,0.09819492855230004,0.08486510323609585,0.11298158631737736
212,75732,K,0.17999380580253885,0.17906243389961224,0.17042797586160013,0.1878986016542255,0.24423812352415605,0.24423823593466398,0.24084948259615896,0.24753519169504945,44.3845273372834,44.38483403953536,44.37906244066986,44.390695805337174,0.02145411407114306,0.02932864044043007,0.009077535758051864,0.06181753286669332
213,75732,N,1.8770796505542642,1.9713351042272305,1.6206121046983983,2.5608174524369907,6.301168860662326,6.24748794433107,6.134508910490964,6.3569948741820275,5816.25038878566,5748.488022387521,5639.971609989634,5831.013680752188,0.3246008795337988,0.3037916686026161,0.2564330621181455,0.34700287489465165
214,75732,K,0.14583730569730746,0.1437177252335459,0.12998921188449689,0.15774640717562752,0.7962066157653541,0.7960039708868479,0.7849240301163114,0.806791778721645,261.24626503255246,261.1733286347719,260.6960268930646,261.592558420358,0.13914302596634706,0.12904508628965808,0.045064934162262836,0.22378142704611625
215,79211,S,4.9338083000171915,-620.4348495296279,-643.3011424642651,-583.3856295476758,12.487189852148333,149378967675.9323,38447525968.03176,356532611105.4191,20942.1328213211,2.743134472179069e+19,3.578115764034912e+18,1.010308246637591e+20,0.3176548565748429,0.5597528561528926,0.21099876330440892,0.8094450969790045
216,7924,K,0.02564935594625813,0.02555218678053672,0.024180545374998558,0.026942784850770236,0.055686866429530406,0.055687631677885235,0.054934947871117364,0.056424933339225714,5.397834476722262,5.3978169350035525,5.3976286538101625,5.3980098842371085,0.05269910343684805,0.049616030584098775,0.015008548050961794,0.09591930282616626
217,7924,K,0.028114830040771168,0.028094827021824743,0.026149172364023768,0.03003987351218816,0.11153584222702133,0.11153594327454376,0.11002829994843727,0.11301279205589253,15.30072709357063,15.300338797942025,15.29856449394736,15.302128190122039,0.110825645799532,0.09370280269053356,0.033101468984474976,0.16530602911494935
218,7924,A,0.1247139342293589,0.12430384231158695,0.111315507533215,0.13788919060257593,3.4798831563292807,3.5189305333490286,3.4207809319994245,3.6214036547698765,2666.4741965298545,2711.8308478020604,2611.998444059966,2818.0080711605524,0.2911003229721383,0.2628160122811023,0.173080264845767,0.3472334220214108
219,7924,K,0.018969104137548872,0.018673016958158213,0.01666751293656964,0.02067883297007197,0.1524404666875531,0.15242207706894806,0.15036164815269878,0.15444082175272128,24.44785701934895,24.443117526002695,24.433078314948663,24.452598587637844,0.2087275317338172,0.13915228138642866,0.04402875010012767,0.2564484257766254
220,7924,N,0.04655212934805562,0.048396684105811584,0.042501660516090826,0.0545387855986528,0.9542366570017341,0.9554816971967968,0.9422791862245442,0.9684450308256816,382.8904518103213,383.692727601712,381.97360966996285,385.2175559731596,0.5298414924642804,0.5669622536402745,0.4551528963281174,0.6787693683256375
221,82943,K,1.59880117508477,1.6401107094266705,1.5456011679780726,1.7474051042192469,0.7529602084831498,0.7529585902128371,0.7390211621553597,0.7665021301084058,219.88860686030742,219.91352720162587,219.8311019088196,219.99516526435158,0.438044871589944,0.4301733404673593,0.4090162305961754,0.4498604067594215
222,82943,K,1.614370345898242,1.6058903172860173,1.5356500230769004,1.6770718879923314,1.200368322212807,1.2002314652418649,1.1779843381407666,1.2218164012230277,442.6051652627926,442.5707782906453,442.00498502022805,443.1544656824637,0.2031395986567444,0.18363933304793328,0.1240478850166446,0.2346219927193228
223,8375,S,130.91661700071208,139.30066922919283,127.88764644215372,150.24035784643317,0.4160464735158375,0.4160474155965976,0.39807797841226894,0.4325958162728569,83.94109381400821,83.94103907775992,83.93983158000783,83.94227112907828,0.017043355268227953,0.01698205556756597,0.016379213393592797,0.017592174538002908
224,8375,S,403.2205261155048,-1291.934942528282,-1498.9999999999998,1195.7563972288456,17.100571372977743,39.74035080132779,20.84081706703937,65.9888347464354,22119.626454242152,78732.41222740916,29913.56843741815,167948.06196994174,0.13736149253079818,0.12264022813427003,0.03739479872962606,0.25438732836903866
225,8574,K,1.7515657125220647,1.7626660158513148,1.6671981241233955,1.8600711986284095,0.7466536578693805,0.7466694353296119,0.7291141129272157,0.7634306837781362,227.04904676498288,227.04708799790725,226.9429017661798,227.1507930227684,0.2995755006478763,0.3026656449624044,0.2792433600000456,0.32704488656793984
226,86728,C,0.03371072543626333,0.031148228079346963,0.0258889699884178,0.03631565679665765,0.20035556467181773,0.2003672003425032,0.1959903724552204,0.20459206844330027,31.138602683219336,31.14207210647816,31.12516685409069,31.158392933195877,0.30070825055127204,0.19681562581330744,0.06340660247614632,0.3752907200056926
227,87359,SS,56.424887479030474,147.14352856775966,76.19949672150719,261.8516762686844,14.558902361049403,20.789006220579807,16.00602161792874,25.637673176923442,20550.218348148013,35094.07175097792,23717.58517533223,48023.93087741736,0.08266255755774529,0.16050126192619826,0.10550597373943726,0.22073332356242825
228,8765,S,42.54936852292578,42.56095831789458,40.935849628092,44.22175719355067,3.3523323753139715,3.352261231118964,3.297912841539388,3.404889924809132,2208.3823820568296,2208.3668470760167,2206.1675760612293,2210.5776300950365,0.39098848590521895,0.3912339721158106,0.3782919633751605,0.4044117768069728
229,87883,K,2.290214586661854,2.285733005683125,2.217207893986463,2.3551441812253007,4.0774300665753325,4.081737485032061,4.023589631811512,4.138133977947471,3308.630551550147,3313.5150151317384,3285.0595094794207,3343.3865363852174,0.7137094385995356,0.7139851776059518,0.7054472981395186,0.7227119752148081
230,92788,K,3.602105042442235,3.6008445086870027,3.4425331691861523,3.7560881753103086,0.9599270427405002,0.9598505561493114,0.9389690637372796,0.9798732638773164,325.7046301360027,325.6999594105887,325.6509335368512,325.74996886179787,0.35604113957022,0.3544283866970753,0.34718070636071585,0.3615198108718087
231,92788,C,2.87056203613296,2.876056977303152,2.670554309787581,3.096443660471075,8.366756963305264,8.332286277224176,8.002340527738866,8.746209152308147,8381.125100963487,8322.223643510493,7913.025391600986,8890.756861176586,0.3599522015384135,0.35121012964448817,0.2964853406111892,0.4097144604727046
232,9407,N,0.024403559214785063,0.023425690332069538,0.01980210856112794,0.02709518863183119,0.4708332328042735,0.4711738839049505,0.4640680045442818,0.4780476400303836,122.04578649153471,122.14625494974888,121.89525833496096,122.4420733739434,0.15671590011998193,0.1459275430355066,0.04381026137632951,0.3225058404272624
233,4747,SS,48.0883132374168,49.14483111748686,47.490646941439714,50.82578442926332,9.774698761810798,9.855718767266069,9.681936039139872,10.030583575551617,12287.957271728992,12443.17786463113,12234.19275399752,12657.22371902757,0.7280436693392438,0.7313326375308359,0.7297116688213267,0.7329680472373902
234,9446,K,1.7765338853581425,1.7414158047201067,1.6171994312196345,1.8689287822412184,0.6564536856258164,0.6566374148262661,0.6466599349843261,0.6664811837968525,189.1958106168418,189.2881608102573,188.7612307637633,189.84524864144439,0.0874837020182362,0.0831741461139747,0.030003900378758074,0.1424729818553994
235,9446,K,0.6168874820649008,0.6110406614046674,0.5475315258702201,0.6744420407856271,0.1926617711343844,0.19266726781740776,0.1897472430971244,0.19551924191881664,30.081445511771694,30.084999935565016,30.058468704498633,30.11405567320747,0.1866454728967984,0.1640212566520048,0.0671816152545168,0.2580613001322245
236,95128,K,2.4188595803039763,2.4378258149501626,2.338036028300193,2.537699011385975,2.07286584450784,2.0738401405524813,2.0332785108136644,2.112861528363583,1074.494583297551,1075.0171271208387,1074.055117691841,1076.372368206022,0.03219485112993856,0.0300575376251617,0.022202952082748768,0.037980118473926926
237,95128,K,0.5031519407898,0.5046038611315036,0.4703470841726066,0.5404554628702282,3.429539705548404,3.441863699051024,3.371721667535846,3.5101719406779632,2286.657868937213,2298.101884332872,2278.590546857453,2319.887360204957,0.3045440400646841,0.2539192780747581,0.1503177483400279,0.3285121504475016
238,95128,K,1.390758549598906,1.5164658415201369,1.34118669080056,1.7419739930147111,15.946712043784853,48.68258351082405,23.05940213307555,97.60722014966316,22927.36607367284,122417.8052735166,39917.73343479737,347377.414625608,0.5503468514114711,0.8454760175455828,0.6769057024030162,0.9235512269502923
239,95735,C,0.08668975590128797,0.0776356466780881,0.06670105358343667,0.08937693526606502,3.2874925990426624,3.386528378709192,3.2636379020226225,3.541942830851424,2833.413065596415,2961.6901483386323,2810.6327917153985,3162.729113189491,0.2449217491850595,0.17983078200018013,0.05872201535051225,0.3247289669400498
240,95735,K,0.011357288586189071,0.011173001806639668,0.009905503378535116,0.012460677951118543,0.09048642482739014,0.0904860995651914,0.0894942258364917,0.0914586438801646,12.938617093266403,12.938589523013144,12.936948602443595,12.940258808440595,0.11890445157202473,0.08949949965043606,0.026184197185116883,0.1897159162139264
241,95735,N,0.029994109916117867,0.02773931459090636,0.02375977992187524,0.03168867174439635,0.5874580440293116,0.5880507462542471,0.5815250277627788,0.5944685484019574,214.03164970958187,214.23681571063565,213.8505456223204,214.89417930553554,0.6886458733375908,0.5815446465862016,0.4095300750628891,0.6977336975510833
242,97101,C,0.1859377685978164,0.18435190334339224,0.17191711172689395,0.197086496698563,1.402472005884844,1.4037889621340702,1.3858844918783608,1.4213132057819922,741.5355213888735,742.4218964893729,739.1652673340932,746.1493413602565,0.1206870061836473,0.08788262425098603,0.029675274152624706,0.15363268439907274
243,97101,A,0.04043929702253983,0.04067280547973814,0.03670850825275623,0.04463904215855055,0.19902617374791895,0.19905926796538254,0.19659974449695566,0.2014582765237265,39.642035718714105,39.65078983174885,39.63173160956126,39.673045569123076,0.25489378806467805,0.2106098486242757,0.12503670688331442,0.2973959833813287
244,97101,A,0.2444601203626683,0.2304507933102609,0.18699214349511786,0.2775779655572595,3.62005641056823,3.654010887126608,3.5564409684210987,3.812243857904748,3075.131308343594,3108.7064914540138,3011.8329363822277,3315.928179482066,0.3542784691737717,0.3345509181099375,0.1972703411475953,0.4337783846178689
245,97101,C,0.032144906431538944,0.030791207573695124,0.02656752250643367,0.035145066278967886,0.2373061719386345,0.23725311664916146,0.23431849002019225,0.24011577326202896,51.61241827674951,51.597982252497395,51.5564664738976,51.63697704736623,0.2700615631093029,0.24056725730094675,0.1026520652691901,0.3915194251872021
246,97658,K,0.02452555299255496,0.02439929329583484,0.022625040916619082,0.026194889279807475,0.07985510912816728,0.0798540527896622,0.07876845253452561,0.08091339627989265,9.489040896527015,9.489046556547047,9.488357695825284,9.489738817105144,0.06174216152750761,0.059901068843552174,0.01800635015667451,0.12195242053580667
247,97658,A,0.18030145685388807,0.16517026297948093,0.13844646367138602,0.19228820660414672,4.253783153649901,4.2416733323242175,4.105424409559944,4.38592841771046,3689.192164623303,3674.412543305631,3514.694353733822,3846.6610181302494,0.3668429434664017,0.2964590867410973,0.11547295679777668,0.43820025279566455
248,9826,K,0.6617306075567696,0.6615702765525586,0.6262949812145493,0.6960773054888767,0.058421160095152525,0.05841490347573115,0.05686353636922744,0.0598913558635374,4.6171161599212445,4.617116893797597,4.617105273625077,4.617128449926028,0.0061431398987531844,0.007489551122426642,0.002218669604807948,0.0155444247034283
249,9826,K,1.9318763761905144,1.9316922884488528,1.82749497865008,2.0341970885807648,0.8164149210552798,0.8163344375724685,0.7946562551174792,0.8369636871718449,241.2025728338376,241.2055877102234,241.163113184366,241.24825190391343,0.2715922825208348,0.2694883143519815,0.2559703502823545,0.2831573430246925
250,9826,K,4.013048528574694,3.9952012911424304,3.7804929112971815,4.206579719896461,2.4865853316803666,2.4865585327012165,2.4205141002518893,2.5494094694605223,1282.0961232592567,1282.2722675366474,1281.3985215927232,1283.1624077833067,0.2978491183448983,0.2972366159044687,0.2858297290093113,0.3086122897020687
251,9826,A,0.9315441446008672,0.9278217173445632,0.8173465417343847,1.0461050100893885,7.113477839761423,7.140357207490737,6.930159271303568,7.3501382192398435,6203.524620930468,6232.124874739657,6120.70990182804,6367.5625659676525,0.4879216101197321,0.4725750440338404,0.39470605782526863,0.5503574711521918
252,9826,N,0.16104506558362638,0.1659649066160779,0.13922902921833868,0.1931749420776069,0.6720314549283175,0.6715900452692415,0.6537387671948216,0.6885649571729049,180.13576048342597,180.0298187070007,179.71566671721752,180.27896069688808,0.3963209743512549,0.38812928589714224,0.21755205211685408,0.5341937458241613
253,99109,K,0.5490738436612743,0.5304839530488719,0.4626579293085918,0.5998759550913177,1.1252477023105618,1.1267106700160996,1.1099492987838402,1.1431132557748531,437.72211379660143,438.5512466849874,435.362243344921,441.8945039989919,0.2178129619692465,0.18860087827539745,0.07555329215933236,0.3122394684054376
254,99491,A,0.4409579792952724,0.4297408966307607,0.3842651207190277,0.4762605928244107,3.301254682363328,3.311457387682923,3.246287873342834,3.3764847290267985,2159.3932362619603,2169.2386994699,2130.9721950905514,2208.758003649697,0.16128791873974102,0.12748750498114128,0.042203444158484746,0.22502334216795475
255,99492,K,0.08468400544476022,0.08337136721838412,0.07600192570236043,0.09067466860373677,0.1233618400750067,0.12336730914390248,0.12187226394366465,0.12482038081753215,17.050117110523953,17.050397543589877,17.04813095050802,17.052781213001975,0.0514113366853279,0.06416619389478452,0.01893488622475296,0.13394130150258282
256,9986,A,0.9244390126214272,0.9376412025487676,0.8656460835727322,1.0114054540157151,4.277878153046212,4.264819944872371,4.177255157429862,4.352793107008515,3189.058292351731,3174.652052302683,3116.3503357183063,3235.843238522461,0.09182054817026156,0.08113503557962007,0.026143399575656333,0.14897464692516382
257,40647,S,195.94325035047905,196.7999558953381,189.75411895770213,205.29294204397823,7.147693028331063,7.17409081319121,6.9132022419531705,7.557666197349497,7485.58113852592,7520.233406101129,7148.678244132894,8115.5978214363795,0.5137643170093347,0.5146858396330838,0.5057521220793928,0.5281931114236883
258,103829,S,198.22815776320184,836.7355348493543,514.5980331571374,987.9043826779684,8.152233694730528,17.893183129168786,13.201499654394722,20.028084309406136,8238.385789136688,26860.350815108,17038.937467745218,31668.57374835977,0.2357452291618965,0.4262894536624296,0.3235804599992668,0.46515855949146
259,129814,S,497.1830256471485,738.9976566094406,253.18343368130675,2043.5788689601682,16.972353694272794,17.636361009429837,14.835313716871099,24.42900939319405,25883.45002101353,27413.37765885762,21188.84431430251,44709.75209858059,0.313106079322098,0.3741119809637108,0.20693645281625306,0.5267183300688018
260,139457,SS,102.14823234471292,170.88967582922268,85.3461775704165,388.6941045993681,21.942126671482335,36.90577980459715,22.82854958920307,58.1907264901546,40406.08781674904,88179.36756353019,42910.64867109071,174533.78501203895,0.4855406937334321,0.6175456012334156,0.4360235446758082,0.7690106103242287
261,147231,S,95.87785768950792,-958.5223713559374,-998.9754847247957,-909.7355291553464,17.152748103020848,10200700010.14027,302455.1548422764,24768741884.356068,27035.770982525897,3.9149733707752486e+17,63308056912.96057,1.4853467571275254e+18,0.4586292012670624,0.2814889104231258,0.07509228362082468,0.5844103549636745
262,167665,S,47.268568588802054,47.29722913955978,45.65952097018105,48.89500969376696,5.325239703228479,5.326075486417637,5.2337775114465765,5.414691974321136,4432.8394239319705,4432.980172207928,4426.1596402341465,4439.961519123804,0.3423894910111088,0.34178432079738164,0.3376371285750801,0.3460000013640809
263,175541,K,0.5440955479886552,0.5398052316418789,0.4767836628149871,0.6043801847556675,0.9591492952786068,0.9589659588674844,0.9080242353362498,1.0047591040142647,299.01414233361254,299.0662205357912,298.4319718798892,299.6911378342133,0.05622036200253045,0.05413805343588583,0.016339440218812756,0.1099574825255694
264,181234,K,5.504605638590029,-1010.3264785232744,-1086.3966755973513,-971.5003275213277,5.752607218840432,16154567264.00814,253533596.57099208,64562687117.89619,5044.979954315589,7.467262664078173e+17,925781569830762.0,5.934566026216832e+18,0.6031312361957379,0.4286867285621557,0.13125206023939032,0.7587765087368159
265,200565,S,190.8474447935065,179.67509979977683,148.7328769883087,235.38967101261605,7.026189940526012,7.293541663774501,6.878102892946856,9.113631982400527,6779.513940301541,7154.3358599339645,6602.5822700928675,10010.42429386114,0.7300712840556919,0.6112612997549272,0.475188726777634,0.7546394008567193
266,88986,S,2.1058297420715717,7.545874369649211,-1116.6796887906887,342.78235408277106,8.785202077360024,61.43957744279372,20.945045975455734,168.4422675022115,9230.026283188208,171256.47366822307,34017.996530361204,776206.9063885671,0.1881984005015885,0.21148394619505784,0.052309683355560896,0.4598738306722143
267,239960,SS,57.25474488057337,81.77770194158282,66.75764583486473,94.06115895965289,12.070670619081936,19.112999125888862,13.797722748360519,25.72035563295305,19021.17125407949,37917.04625425888,23253.994025550026,59169.585587412425,0.4418330668564291,0.6087972646983488,0.4947839347259366,0.6953539857599944
268,11964a,K,0.6081636589755024,0.6026980586234402,0.5554549189429648,0.6503411220459283,3.1061117944653263,3.1070019083475167,2.998630510882054,3.208259519096576,1933.1297354719293,1933.011732305457,1924.0985933749994,1942.4218372466626,0.12546602782777422,0.10648708714942164,0.05791865865374336,0.15235991781506295
269,11964a,K,0.07459358462220109,0.07357326103412444,0.06605497261958453,0.08136525352903724,0.2259058990689012,0.2259671122781232,0.21811044315673486,0.23327170587159365,37.91636844838949,37.91824323595728,37.910062369862494,37.92666821367997,0.13544941385380158,0.1008293762129763,0.0306283836234517,0.19456945339122705
270,145958a,S,14.272409269281932,-936.8622778324212,-981.1837928192813,-894.5443842222612,15.252859403642207,46213622787.00017,13190590090.850843,94957300375.83946,22944.006149605942,3.835449618290503e+18,5.843470253558477e+17,1.1236108406632397e+19,0.27663930332407866,0.2943193029249407,0.08153849465287905,0.6197184437701602
271,178911b,178911b,7.12345852268624,7.122997502805939,6.886121035200097,7.355841107220927,0.3410995268546024,0.3410780831939099,0.33539266286168185,0.3466005188593733,71.47930633119266,71.47945068437177,71.47747383156705,71.4813443177891,0.11339229981383946,0.11321464172336665,0.11059257511936732,0.11581468036665755
272,219834b,S,5.220106997988885,-937.3383686289143,-977.1315667000217,-904.8432088104048,20.902502580711804,125307025686.05478,36941251418.010284,229909099557.7835,36829.49589892679,1.709489278170824e+19,2.729568426122564e+18,4.246123588592199e+19,0.025555482915299167,0.3889036284500167,0.1340559638595461,0.6558711735036232
273,gj3470,K,0.04658296099993087,0.045540062386267,0.04041598365707584,0.0507492449070835,0.037420464237388686,0.037419599058758496,0.03699506093716101,0.037835723964808964,3.336414689859404,3.336405679767584,3.3360710944903635,3.336768127968611,0.18264016979319184,0.14825579439618625,0.05012875443832388,0.2623934654255187
274,gl317,K,2.430119912088363,2.431165011223703,2.3663481751701902,2.496149348113877,1.35036867634685,1.3501225629417466,1.334367981539587,1.3654867222191456,694.4597080046739,694.2611799313217,693.4832359252597,695.0445179162041,0.08530279027457376,0.08370113632285403,0.07029452238101225,0.09711170526378138
275,gl317,K,2.3241333626278045,2.558978807354276,2.331061156247531,2.9153862973444444,7.967325587507265,13.765242398664803,8.45018654528454,28.539783463936118,9952.618749320503,22606.19396477895,10876.423691575876,67477.75806025177,0.35300080684922025,0.6130221265062799,0.3847594547534556,0.806893841442266
276,gl687,K,0.06856145611999714,0.06550956521955043,0.05792122245455614,0.07325466860712307,0.19614624089743865,0.19613619066687704,0.19348177407195144,0.19868662843668,38.16872197961339,38.172107964418366,38.14721865799835,38.196753796988986,0.11135922126473292,0.09545473867422327,0.02813810052666384,0.1923797997896492
277,hip109388,K,1.0303422755258782,1.0365772860881697,0.9879362672643324,1.0847591803554872,2.604282817647092,2.605747488597183,2.5746745318500577,2.636500834339642,1940.6839725493728,1942.382362665046,1930.1436472835417,1954.6934737429638,0.04482581628675431,0.03613316618240566,0.01215403682879293,0.0655720762624762
278,hip109388,C,1.2809489087080472,1.2746418111258664,1.2079096829931613,1.3418017105093731,5.347236525678088,5.382637737952646,5.286324237486388,5.486441029923038,5709.74473831241,5765.702690661025,5646.1584081567335,5901.661183082183,0.10343664176876603,0.10124803677846173,0.058543782035719534,0.14546595918907854
279,hip22627,K,1.1632531522834968,1.162806808220167,1.0946559072569504,1.2325458956452549,3.0004034308577365,2.998109089005382,2.9514054997238115,3.044753721178356,2334.8742408763833,2332.308457393196,2299.999330273105,2365.78525799591,0.155342756329697,0.13721619072188124,0.08024099947346586,0.19078838818298927
280,hip57050,K,0.5205521602724476,0.4937773838709631,0.457224019338295,0.5296992625032979,0.2050076977816127,0.20499033995791968,0.2023530220498201,0.2075915247062684,41.379969689767364,41.37822018864475,41.366852550309574,41.38756462997704,0.4087198238599139,0.38011843567022696,0.31172437442542805,0.4415031109632811
281,hip63510,SS,,,,,,,,,4969.883045815488,4976.862861456792,4903.636525130261,5059.4825688454575,0.3125149434049613,0.3102882271886649,0.282735223562442,0.3395698047486445
282,hip74995,K,0.07637037929915365,0.07601254328213933,0.07240558995665038,0.07965226868129148,0.05067979082463192,0.05068105323380587,0.05012075248530881,0.051223644468521484,5.368916613963593,5.3689128298799575,5.368688915034975,5.369125988842139,0.059963384256215474,0.04744741603248165,0.01466220290056472,0.09255950554669196
283,hip83043,K,0.28787479628447504,0.2820973244447227,0.2579854792763511,0.306160224586862,1.1382675743828712,1.137600614896394,1.1229586551850557,1.1519159019741674,605.1753096693503,604.7325305527054,601.0858779210456,608.2807940076169,0.2443212789324308,0.19462082218887325,0.08467799197649219,0.2990838472816497
284,hip94931,S,2.964039122311076,-698.9999999999999,-699.0000000000001,-676.0658501382078,6.01114603070948,16225293733.225725,7226258963.563971,32547509278.19865,6542.360199162133,9.167082635871854e+17,2.727888652693001e+17,2.6029908701286287e+18,0.4109324772287681,0.2547404833128064,0.08049910902886465,0.5659307127629674
285,tyc2597-735-1,C,2.3790662360299693,2.4040209533979997,2.220943318637968,2.5961783797330416,0.11204708975649796,0.11200735838133558,0.1087303774128231,0.1151355946433681,13.74739101669496,13.74258470735538,13.710908554185595,13.772969716756645,0.13392914358471186,0.12022172009902073,0.05799358556039962,0.18413052500611146
286,bd-103166,K,0.4500752610956719,0.45027636094028106,0.4332532210329204,0.4675677972310974,0.04507523684653839,0.0450781365583373,0.04442071073258722,0.045713249108123855,3.4879145416416515,3.4879069651485484,3.487825853441821,3.4879818535359384,0.020144303186412343,0.021535013535148514,0.0064611799648446105,0.04561777917295854
287,5470,S,234.6130878651697,234.7866489752573,224.7393191556509,244.6185647238197,8.179737257636894,8.178533547961298,7.991048926612028,8.358314670677741,7838.023672390226,7832.774299625302,7814.3152492501795,7854.317180569854,0.357384264579184,0.3576222361646072,0.3561707426275077,0.3597100297196181
288,127506,SS,35.571482145821165,35.53486842242119,34.58751801727324,36.4842342040074,3.3701104290461394,3.3734079387558857,3.3252915159963563,3.4215947886669045,2658.057095789576,2661.8929621746365,2641.6000882099083,2683.585072247121,0.69164641604868,0.6916837161388973,0.6876591385308534,0.6958620521959727
289,144287,S,354.8728265322618,331.3570031451038,310.4648954810765,355.9297828542167,5.029883297905399,5.027365827877297,4.958781906488642,5.094417417704598,4434.417335260437,4433.724132772793,4421.225557545757,4439.677085916729,0.6747991173151322,0.6579843405686541,0.6428271811907355,0.674038168597427
290,144287,N,0.29562391473770483,0.29932410702941514,0.2679517002950703,0.3316419608796311,0.9519724387458299,0.9542148095285946,0.9408964805439912,0.9673239129968988,365.1205379995603,366.2740282728365,364.48021667856284,368.4655145069273,0.4638053685494972,0.35026698665884154,0.09679441297479632,0.4985132970821006
291,18445,S,31.58973463648601,34.48126338480274,29.21621879971052,41.44561907510007,1.208871115406137,1.2088017131995796,1.1925464884845494,1.22462327636484,554.8475491675598,554.8022896747389,554.400331369037,555.2086578128602,0.6086265538606983,0.6807020914069972,0.5626986619247708,0.7926958915505973
292,29461,S,88.35642941061523,93.12771866657651,89.24779027329977,97.98940652652719,4.905624421379644,4.903977397682267,4.831034668795521,4.975261873724226,3759.884272342022,3758.522601195547,3732.131892254491,3784.419745767229,0.5950088229696446,0.5951660035023125,0.5868854944897228,0.6081082409794689
293,30649,S,207.6840692797307,208.4068688407482,203.92086825954325,212.86142013540316,15.964669361169687,15.976563588649912,15.698792874593707,16.260323592965104,25830.440887590943,25858.22920720964,25357.281889655038,26392.228534457245,0.5869451753056422,0.5876431290435131,0.5824750298796818,0.5929436941392979
294,31412,S,359.2875254177051,360.6372149911969,349.59220078355867,371.52045921347536,19.981625737644173,19.802313878603425,19.442048024575527,20.15508986965712,31063.90732906632,30646.678200426537,30352.305032660726,30948.173141911437,0.9775032877813282,0.9782248138038608,0.9777899012039925,0.9786878146612896
295,37124,K,0.637896620248385,0.6401296648631779,0.619796004505454,0.6607531944402609,0.5183316905351091,0.5183124417185256,0.5121065906635863,0.5244212358407998,154.25853245614687,154.25467864010773,154.22445187250258,154.28428648232983,0.05963742165954921,0.05670738743102501,0.03544109328129174,0.07724821325773014
296,37124,K,0.6490513146134572,0.6195481945691164,0.5305649269901527,0.7027138326840316,1.6644498518658648,1.6647220599226118,1.6445134523154823,1.6845314309499388,887.6538158411192,887.8799838772184,885.4127247591267,890.3702737002542,0.12120579265453878,0.11583854125358915,0.06654366956993253,0.16787535423748334
297,37124,K,0.6340289978389927,0.6365675027158401,0.5991514658098179,0.6754415695169709,2.6302628279643185,2.6311819985021967,2.5966733898203644,2.6652828912815685,1763.3408683363064,1764.0245133769592,1750.285458562702,1778.5099837876526,0.012402684529799118,0.16526264638287824,0.05322355660792937,0.2896356203182429
298,65430,S,94.45892381170529,94.46471507417131,92.19476163998094,96.70821027508636,4.21679023461111,4.2168520284121005,4.164042749271943,4.268549582903914,3521.3775405174047,3521.402023819529,3520.97773623622,3521.8341398418293,0.3779741416919467,0.3779641560170896,0.3772813494490522,0.3786370225377579
299,68988,K,1.9691975245114857,1.9704280180740856,1.8855620083997748,2.0535100437061105,0.07121262951370533,0.07121235125729093,0.06966676016808647,0.07269302774755884,6.27641954571211,6.276416969517058,6.276405708404836,6.276428252689603,0.15716607899906065,0.1567547579061937,0.15333229479809074,0.16000456082427822
300,68988,K,16.38925801617842,17.617583126577987,15.124600931769596,19.992018767723557,14.353306131644704,16.508762391894983,12.742377650686436,21.322259160720108,17959.91819965931,22176.181503771542,15046.33127860595,32532.222445395724,0.475854745161406,0.5336649087928262,0.4242314817639961,0.6238316857932978
301,68988,A,0.38567185179656666,0.3752868966718033,0.31678372612490563,0.4357380740862984,3.2348930998571443,3.230983700091837,3.1387151421341377,3.331726731817801,1921.6147917043647,1916.224123227526,1864.5661539269079,1979.536055746723,0.1449852128635276,0.13503209460602614,0.04036918461291989,0.28260494785311685
302,80606,K,4.239356593590632,4.25983368179612,4.083522798852743,4.43279427792493,0.4656079242544318,0.4655925419462423,0.4559218715565016,0.4749986635829495,111.43595746102724,111.43624923975989,111.43592218972302,111.43657883008663,0.9317297150286158,0.9308403605308376,0.9301224995471844,0.931544402039672
303,120066,K,3.1739033682113655,3.262802612854262,3.078205737718283,3.4485504276833883,15.746827979886351,24.471384358955174,17.445554695962247,33.44568598588073,21807.75461330546,42305.80177670842,25485.69341228464,67485.96508269223,0.8187792958695758,0.8831976164701064,0.8364143597909119,0.914397762903004
304,hip42220,S,557.8666060989173,557.2611968975051,465.780024491726,670.5396559555301,7.166822015879049,7.178901053723832,6.722857349841767,7.646039992847456,9077.945321147294,9097.055027927807,8264.488507273556,9986.445489242244,0.912536524104096,0.9098389891530074,0.8753943290114661,0.9349227955723478
