,name,num_planets,nasa_num_planets,description,Verdict,Activity cycle?,status1,status2,status3,status4,status5,Mstar,M1,a1,M2,a2,M3,a3,M4,a4,M5,a5,per1,per2,per3,per4,per5,secosw1,secosw2,secosw3,secosw4,secosw5,sesinw1,sesinw2,sesinw3,sesinw4,sesinw5,tc1,tc2,tc3,tc4,tc5
0,38392,0,0,,,,,,,,,0.8045475724,,,,,,,,,,,,,,,,,,,,,,,,,,,,,,
1,87359,1,0,Double star? Huge signal,N,"S=0.199, logR=-4.83, C=.0.53",N,,,,,0.9749163049,102.5879807,20.34790135,,,,,,,,,33954.25417,,,,,0.3396982315,,,,,0.2381108991,,,,,84993.96573,,,,
2,35974,0,0,,,,,,,,,1.025430561,,,,,,,,,,,,,,,,,,,,,,,,,,,,,,
3,36308,0,0,,,,,,,,,0.923654926,,,,,,,,,,,,,,,,,,,,,,,,,,,,,,
4,36395,0,0,,,,,,,,,0.6057820155,,,,,,,,,,,,,,,,,,,,,,,,,,,,,,
5,37213,0,0,,,,,,,,,0.8847551709,,,,,,,,,,,,,,,,,,,,,,,,,,,,,,
6,37124,3,3,Good,Y,,K,K,K,,,0.7809241061,0.639256485,0.5182854224,0.6612832865,1.664663035,0.6563516923,2.637271239,,,,,154.2224162,887.7353539,1770.21579,,,-0.1942681314,0.2209937003,0.06788716353,,,0.1236713506,0.2901476855,0.198668003,,,-300.5168922,2454936.91,2443821.048,,
7,37962,0,0,,,,,,,,,0.8881878806,,,,,,,,,,,,,,,,,,,,,,,,,,,,,,
8,38230,1,0,Binary,Y,,N,,,,,0.8180111603,10.18665708,17.29350688,,,,,,,,,29043.13003,,,,,0.1472760828,,,,,0.4786206599,,,,,25926.14357,,,,
9,87424,0,0,,,,,,,,,0.7960845556,,,,,,,,,,,,,,,,,,,,,,,,,,,,,,
10,8648,1,0,Linear trend,M,,N,,,,,1.095583883,32.39299629,22.11865018,,,,,,,,,36300.57794,,,,,0.1040288159,,,,,0.4961757492,,,,,2077.178264,,,,
11,3074a,1,0,Linear trend plus activity,N,"S=0.149, logR=-5.06, C=0.36",N,,,,,1.122543925,4.606680249,10.30166735,,,,,,,,,11398.77124,,,,,0.1411476196,,,,,-0.5171806011,,,,,3411.503564,,,,
12,5470,1,0,"Double star, bad fit",N,"S=0.179, logR=-4.87, C=-0.35",N,,,,,1.188507082,310.9514861,7.027383052,,,,,,,,,6241.485707,,,,,-0.02669267537,,,,,-0.4709030071,,,,,-2303.796053,,,,
13,6558,1,0,"BIG parabola, BINARY?",M,,N,,,,,1.294694325,22.0380406,9.135664334,,,,,,,,,8863.90323,,,,,0.3068992903,,,,,0.328280061,,,,,-3425.011825,,,,
14,4203,2,2,Good,Y,,K,K,,,,1.208956279,1.88973041,1.200852171,2.625253819,7.191942946,,,,,,,437.1469481,6407.114415,,,,0.6358982342,0.05759695536,,,,-0.3372324367,-0.3001314259,,,,25.81923726,2453856.748,,,
15,1388,1,0,"Linear trend, maybe parabola",Brown dwarf? Too massive,,N,,,,,1.014906092,54.92466452,18.18310952,,,,,,,,,28111.74012,,,,,-0.2972764815,,,,,0.009018749513,,,,,20850.86725,,,,
16,4208,1,1,Good,Y,,K,,,,,0.842869263,0.7828318177,1.637389807,,,,,,,,,833.5783805,,,,,-0.01996797599,,,,,-0.2040572542,,,,,-276.0403455,,,,
17,3795,1,0,"Bit more than parabola, BINARY?",M,,N,,,,,0.8677727516,120.7794959,11.14784563,,,,,,,,,14594.25203,,,,,0.0671313059,,,,,0.3622385702,,,,,7030.548566,,,,
18,8765,1,0,Double star,N,"S=0.189, logR=-4.86, C=strong (but also sparse)",N,,,,,1.030597577,42.62490673,3.351919226,,,,,,,,,2207.975171,,,,,0.6208808838,,,,,0.09080195472,,,,,-39.9253143,,,,
19,9986,1,0,"Clear new signal! 7.6 yr, S-value periodogram peaks at 4.8 yr. 1 way-outlier S-value",Y,"S=0.177, logR=-4.89",N,,,,,1.026929242,0.8979278641,4.308461543,,,,,,,,,3223.379932,,,,,0.1132917961,,,,,0.3536311762,,,,,-7053.305023,,,,
20,6872b,1,0,"Double star, bad fit",N,,N,,,,,1.088181243,32.21744531,4.874561379,,,,,,,,,3768.349056,,,,,0.01567568961,,,,,0.05931020995,,,,,-564.3353757,,,,
21,4747,3,0,"Bad fits, spec-binary",N,,N,N,N,,,0.8251829141,168.7818972,28.88155413,0.5521243339,4.526016523,0.0524864902,0.1370584797,,,,,62409.99563,3871.662714,20.40244325,,,-0.1978977325,0.6261241419,0.1297181834,,,0.1260264536,-0.01815083894,0.7095521494,,,16166.06359,2453017.57,2455205.315,,
22,8574,1,1,"Good, Lick data is ignored",Y,,K,,,,,1.077277293,1.773253251,0.7467485321,,,,,,,,,227.0890745,,,,,0.5249780713,,,,,0.1759986648,,,,,77.55008718,,,,
23,3765,1,0,"Promising, P_planet != P_activity",Y,"S=0.194, logR=-5.0, C=0.31",K,,,,,0.8513235655,0.178287645,2.171082651,,,,,,,,,1266.384641,,,,,-0.004757313027,,,,,-0.696288074,,,,,83.01835151,,,,
24,6734,1,0,"Parabola, new double star?",M,,N,,,,,0.9593391517,24.22083952,12.56084263,,,,,,,,,16601.23909,,,,,-0.4776104042,,,,,-0.3157755479,,,,,37.73172446,,,,
25,1326,1,0,V* GX And: known planet,C,"S=0.508, logR=-5.43, C=0.26",K,,,,,0.6017427076,0.02432632025,0.0838997735,,,,,,,,,11.44284965,,,,,-0.1279892348,,,,,0.09777855057,,,,,-0.8348660177,,,,
26,3651,2,1,"Potential long-period, but strong activity at 9.6 years",M,"S=0.17, logR=-5.05, C=-0.15",K,N,,,,0.8925019234,0.224366129,0.2959316846,0.1253180079,5.357922784,,,,,,,62.2416427,4794.999015,,,,-0.3506840419,-0.3350351014,,,,-0.6999897729,0.4437972472,,,,39.49412869,2452731.185,,,
27,1461,3,2,Dubious 3rd signal,M,"S=0.159, logR=-5, C=0.23",K,K,C,,,1.065488832,0.02298082527,0.06431377539,0.02782899654,0.1133593852,0.03537096279,0.3489037996,,,,,5.771384156,13.50548544,72.92602207,,,0.4568723078,-0.4818592139,0.06372000797,,,-0.1049810695,-0.25014988,-0.5795619324,,,5.26017089,2455201.271,2455230.351,,
28,9407,2,0,"120 & 180 days, maybe barycentric",M,"S=0.16, R=-4, C=0.039",C,N,,,,0.9347887265,0.03004351917,0.4701625828,0.02263619543,0.6090302943,,,,,,,121.7906054,179.5560478,,,,0.05625240147,0.4612998223,,,,-0.4692537768,0.3637184207,,,,38.1131958,2455191.754,,,
29,10476,1,0,"P=354d, dubious",M,,N,,,,,0.8377094569,0.05697129837,0.928118525,,,,,,,,,356.8263188,,,,,0.4726470233,,,,,0.6181056605,,,,,150.2774058,,,,
30,10697,1,1,Good,Y,,K,,,,,1.102852262,6.2394883,2.117925932,,,,,,,,,1072.02746,,,,,-0.1081937922,,,,,0.2939181253,,,,,774.7641078,,,,
31,10700,1,0,"P = 0.5 yr, seems barycentric",N,,N,,,,,0.722440619,0.02126018389,0.5653410919,,,,,,,,,182.6682966,,,,,0.01273953559,,,,,-0.6758187689,,,,,-19.12297569,,,,
32,11964a,4,0,Actually 2 NASA planets,Redo with better method,,K,K,N,N,,1.069901544,0.6108981126,3.104174399,0.07946318938,0.2259326476,0.2516201788,0.05588053762,0.009189317817,0.04750842236,,,1931.281984,37.9223295,4.66463196,3.656641915,,-0.3466224061,-0.2735251365,0.9942575304,-0.3114669041,,-0.2135225398,0.2143665047,-0.03810463504,-0.8869772591,,1167.475679,2455200.703,2455200.135,2455200.377,
33,12051,1,0,Messy periodogram,N,C=-0.009,N,,,,,0.972911102,0.03603507938,1.088566405,,,,,,,,,420.5757595,,,,,0.1828253978,,,,,-0.577692966,,,,,-568.448697,,,,
34,13931,1,1,Good,Y,,K,,,,,1.026256735,1.933245324,5.391164373,,,,,,,,,4513.300777,,,,,-0.1419307967,,,,,0.08013506457,,,,,1446.66202,,,,
35,14412,1,0,"360 days, new template",M,Not important,N,,,,,0.7543652916,0.05235740558,0.9026128005,,,,,,,,,360.6283046,,,,,0.2272564446,,,,,-0.7167995854,,,,,-275.2050333,,,,
36,16141,1,1,Good,Y,,K,,,,,1.094480161,0.2474724614,0.3601162097,,,,,,,,,75.44986825,,,,,0.2035188576,,,,,0.4167362449,,,,,-113.1738349,,,,
37,18143,1,0,Double star,N,,N,,,,,0.9078793844,8.141627803,19.4835584,,,,,,,,,32967.55702,,,,,-0.1282860573,,,,,-0.110327092,,,,,246.1768258,,,,
38,18445,1,0,Double star,N,,N,,,,,0.7655692019,38.61099864,1.212123091,,,,,,,,,557.0911855,,,,,-0.403587661,,,,,0.7606820277,,,,,1307.097745,,,,
39,18803,1,0,"Signal at ~6 yr, Sval 5.2 yr",N,"C=strong, Sval 5.2 yr",N,,,,,0.9847685745,0.3231378662,3.063857332,,,,,,,,,1973.940894,,,,,-0.33508161,,,,,-0.5013330613,,,,,918.2367244,,,,
40,19373,1,0,"Messy periodogram, 1/4 yr",N,Redo with better method,N,,,,,1.154625213,0.04818124829,0.414373734,,,,,,,,,90.67054723,,,,,0.3666504595,,,,,0.7154442454,,,,,51.96793705,,,,
41,23249,1,0,"375 days, close to 1 year",N,C,N,,,,,1.210302806,0.09363225744,1.083058502,,,,,,,,,374.2219701,,,,,-0.0293589247,,,,,-0.2978798243,,,,,-23.07800498,,,,
42,23439,2,0,Magnetic trend & messy period.,N,"C=0.28, Sval 2.3 yr & 14 yr",N,N,,,,0.6183736364,0.9603128396,8.698125949,0.02902181193,0.2130304205,,,,,,,11915.47835,45.67045949,,,,0.6250850803,0.3740745405,,,,0.5676996417,-0.5365099323,,,,6385.613432,2455191.415,,,
43,24040,3,1,"Known 3500, long curvature, serious 514",Y,"C=-0.38, Sval ",K,C,C,,,1.131043139,4.040102626,4.682423034,2.810548064,9.594094898,0.2022516694,1.309664604,,,,,3479.884369,10206.21839,514.7531079,,,0.0595511627,-0.1963901184,-0.1186419371,,,-0.0933983031,0.6954363412,0.3207000878,,,75.62547546,2448685.804,2454470.126,,
44,24496,2,0,"Linear trend, crummy 2nd period.",N,,N,N,,,,0.920886994,16.08170624,17.25499573,0.1029382759,0.6105149683,,,,,,,27281.45579,181.5681764,,,,0.3768916909,-0.7373924814,,,,-0.2617727726,0.2714255942,,,,-672.1426949,2455213.663,,,
45,26965,1,1,Good,Y,,K,,,,,0.7336550737,0.02628886368,0.214282089,,,,,,,,,42.29911411,,,,,-0.5116126639,,,,,0.06382999654,,,,,-38.16774021,,,,
46,29461,1,0,"Double star, crummy fit",N,,N,,,,,1.114112177,242.6115474,9.676235884,,,,,,,,,10415.82409,,,,,0.13370447,,,,,-0.1774253877,,,,,10883.41458,,,,
47,30708,0,0,,,,,,,,,1.037047789,,,,,,,,,,,,,,,,,,,,,,,,,,,,,,
48,30649,1,0,"Double star, crummy fit",N,Redo with right offset?,N,,,,,0.8142028814,52.94436111,6.437585916,,,,,,,,,6611.753697,,,,,0.649999362,,,,,0.02903816923,,,,,1136.846476,,,,
49,hip22627,1,0,"Misnamed, GJ 179",C,C=-0.082,K,,,,,0.6610091009,1.193318278,3.022337936,,,,,,,,,2360.528461,,,,,-0.339552563,,,,,0.2676089652,,,,,6994.142653,,,,
50,31253,1,1,Good,Y,,K,,,,,1.275848902,0.4766997908,1.28823434,,,,,,,,,472.8148546,,,,,-0.00766937745,,,,,-0.6685855557,,,,,-181.2147638,,,,
51,31560,0,0,,,,,,,,,0.7625717157,,,,,,,,,,,,,,,,,,,,,,,,,,,,,,
52,31412,1,0,"Double star, crummy fit",N,,N,,,,,1.103009492,263.3420519,12.67311439,,,,,,,,,15690.39347,,,,,0.2627380771,,,,,-0.3237472195,,,,,-2989.161315,,,,
53,31966,0,0,,,,,,,,,1.063685902,,,,,,,,,,,,,,,,,,,,,,,,,,,,,,
54,hip23512,0,0,,,,,,,,,0.6118586391,,,,,,,,,,,,,,,,,,,,,,,,,,,,,,
55,33021,0,0,,,,,,,,,0.931302885,,,,,,,,,,,,,,,,,,,,,,,,,,,,,,
56,32963,1,1,Good,Y,,K,,,,,0.988246449,0.7399251428,3.425804742,,,,,,,,,2329.752063,,,,,0.1382906472,,,,,0.1278267639,,,,,2121.523163,,,,
57,33793,0,0,,,,,,,,,0.8585294468,,,,,,,,,,,,,,,,,,,,,,,,,,,,,,
58,33636,1,0,Peculiar star?? What does that mean,M,"C=-0.6, Sval similar but super-Kep.",N,,,,,1.012810489,8.905484377,3.232730365,,,,,,,,,2109.543842,,,,,0.6436221731,,,,,-0.2766226648,,,,,231.3883198,,,,
59,34445,2,6,Missed <3 day planet,,,K,K,,,,1.097569017,0.7982207392,2.110794,1.332931585,8.773019498,,,,,,,1069.181126,9059.54005,,,,0.1291614521,0.4096783891,,,,0.6600300786,-0.5821591453,,,,1026.101988,2455993.785,,,
60,34721,1,0,"Looks promising, but binary according to Simbad ADS",Y,"C=-0.061, Sval far from periodogram",B,,,,,1.028417902,1.311419801,20.95409784,,,,,,,,,34547.53489,,,,,0.2966166454,,,,,-0.5316148798,,,,,15631.67807,,,,
61,34411,1,0,"Messy periodogram, eccentric",M,C=0.06,N,,,,,1.06362325,0.3113298789,7.904891617,,,,,,,,,7871.334988,,,,,-0.4895559873,,,,,0.8025988942,,,,,4633.856655,,,,
62,34745,0,0,,,,,,,,,1.034714714,,,,,,,,,,,,,,,,,,,,,,,,,,,,,,
63,34575,0,0,,,,,,,,,1.085942727,,,,,,,,,,,,,,,,,,,,,,,,,,,,,,
64,35627,0,0,,,,,,,,,1.107176068,,,,,,,,,,,,,,,,,,,,,,,,,,,,,,
65,36003,0,0,,,,,,,,,0.6973726583,,,,,,,,,,,,,,,,,,,,,,,,,,,,,,
66,245409,0,0,,,,,,,,,0.6116582871,,,,,,,,,,,,,,,,,,,,,,,,,,,,,,
67,38529,3,2,"1st and 3rd are copies, dunno why",Redo with better method,,K,K,N,,,1.427589172,9.34904147,3.618045962,0.8298503567,0.1298875797,3.369698179,3.735563704,,,,,2103.816824,14.3102836,2207.14581,,,0.538198661,-0.04012399805,0.6049980121,,,0.2641654548,0.5148009907,0.09778411805,,,-8967.384056,2455200.35,2454624.961,,
68,38858,2,0,"Messy periodograms, magnetic",M,"C=0.33, peaks don't line up",N,N,,,,0.8930859473,0.296541847,4.095818618,0.06014564608,0.65126335,,,,,,,3203.781378,203.1359349,,,,0.4571474748,0.02513891584,,,,0.06962364298,-0.4661802811,,,,-416.799209,2455234.262,,,
69,39881,0,0,,,,,,,,,0.9214852706,,,,,,,,,,,,,,,,,,,,,,,,,,,,,,
70,40397,1,0,"Strong trend, probably companion",N,,N,,,,,0.8715783322,59.5247602,24.77416899,,,,,,,,,48244.06099,,,,,-0.3182526448,,,,,-0.6591197208,,,,,-7967.100181,,,,
71,40979,1,1,Good,Y,,K,,,,,1.236502088,3.772460732,0.867387166,,,,,,,,,265.3508528,,,,,0.4135568159,,,,,-0.29709032,,,,,31.57470393,,,,
72,40647,0,0,,,,,,,,,0.8694477488,,,,,,,,,,,,,,,,,,,,,,,,,,,,,,
73,gl226,0,0,,,,,,,,,0.6036054556,,,,,,,,,,,,,,,,,,,,,,,,,,,,,,
74,42581,0,0,,,,,,,,,0.5675539437,,,,,,,,,,,,,,,,,,,,,,,,,,,,,,
75,42618,3,1,"1st signal is magnetic, 3rd is probably alias",M,"Sval 9.4 yr, very close to 11 yr",N,K,N,,,0.9152213712,0.1934049194,5.378739867,0.04966765855,0.5328308711,0.05472595676,1.01030485,,,,,4762.732194,148.4975947,387.7162531,,,0.05560386185,-0.03690251853,0.7247705548,,,-0.6478258447,0.5025429191,-0.1707348949,,,852.4367189,2455171.382,2455083.51,,
76,42250,0,0,,,,,,,,,0.8844665852,,,,,,,,,,,,,,,,,,,,,,,,,,,,,,
77,43745,0,0,,,,,,,,,1.254301716,,,,,,,,,,,,,,,,,,,,,,,,,,,,,,
78,43947,0,0,,,,,,,,,0.9134299068,,,,,,,,,,,,,,,,,,,,,,,,,,,,,,
79,44420,0,0,,,,,,,,,1.162521253,,,,,,,,,,,,,,,,,,,,,,,,,,,,,,
80,45184,0,0,,,,,,,,,1.013930899,,,,,,,,,,,,,,,,,,,,,,,,,,,,,,
81,45067,0,0,,,,,,,,,1.085616573,,,,,,,,,,,,,,,,,,,,,,,,,,,,,,
82,44985,0,0,,,,,,,,,1.006502327,,,,,,,,,,,,,,,,,,,,,,,,,,,,,,
83,45588,0,0,,,,,,,,,1.122475301,,,,,,,,,,,,,,,,,,,,,,,,,,,,,,
84,45350,1,1,Good,Y,,K,,,,,1.074963332,1.79581968,1.974731611,,,,,,,,,977.6056865,,,,,0.7921858561,,,,,-0.3965112257,,,,,-958.3668917,,,,
85,46375,1,1,Good,Y,,K,,,,,0.941407025,0.2295998223,0.0401049161,,,,,,,,,3.02347323,,,,,-0.06282260935,,,,,0.2278867922,,,,,26.28960924,,,,
86,gl239,0,0,,,,,,,,,0.5410728824,,,,,,,,,,,,,,,,,,,,,,,,,,,,,,
87,47157,0,0,,,,,,,,,1.157597819,,,,,,,,,,,,,,,,,,,,,,,,,,,,,,
88,48938,0,0,,,,,,,,,0.845055497,,,,,,,,,,,,,,,,,,,,,,,,,,,,,,
89,49674,1,1,Good,Y,,K,,,,,1.066899575,0.1149219179,0.05806031325,,,,,,,,,4.947157283,,,,,0.1380480332,,,,,0.2126695253,,,,,9.393018508,,,,
90,50499,2,1,Looks good!,Y,"C=0.38, but no Sval peaks",K,C,,,,1.306953867,1.293129559,3.842924316,3.115046229,9.262364349,,,,,,,2406.916616,9006.397047,,,,-0.154705191,0.00146313769,,,,-0.5902123004,0.4580672715,,,,-2.337805635,2452754.091,,,
91,50281,0,0,,,,,,,,,0.755772343,,,,,,,,,,,,,,,,,,,,,,,,,,,,,,
92,50806,0,0,,,,,,,,,1.050324445,,,,,,,,,,,,,,,,,,,,,,,,,,,,,,
93,50639,1,0,"Strong trend, double star?",N,,N,,,,,1.085636347,207.3946048,15.79956038,,,,,,,,,22015.25621,,,,,0.5172696859,,,,,-0.538633643,,,,,9777.889717,,,,
94,50554,1,1,Good,Y,,K,,,,,1.035062749,4.339337127,2.261466212,,,,,,,,,1220.956644,,,,,0.6747817498,,,,,0.04320897021,,,,,302.6696811,,,,
95,265866,0,0,,,,,,,,,0.6349507937,,,,,,,,,,,,,,,,,,,,,,,,,,,,,,
96,50692,0,0,,,,,,,,,0.9026073525,,,,,,,,,,,,,,,,,,,,,,,,,,,,,,
97,51219,0,0,,,,,,,,,0.9286572933,,,,,,,,,,,,,,,,,,,,,,,,,,,,,,
98,52265,2,1,"Eccentric med-per, but promising",Y,C=0.13,K,C,,,,1.244827448,1.12696063,0.51008741,0.3339214946,2.611045426,,,,,,,119.2643802,1381.228371,,,,-0.2382250515,-0.7766473134,,,,-0.4044342982,0.1129766775,,,,24.12746782,2454953.922,,,
99,52456,0,0,,,,,,,,,0.8569176308,,,,,,,,,,,,,,,,,,,,,,,,,,,,,,
100,51866,0,0,,,,,,,,,0.8045563012,,,,,,,,,,,,,,,,,,,,,,,,,,,,,,
101,52711,1,0,Messy but promising,M,"C=strong? Sval 13 yr, real ~26 yr",N,,,,,0.933406599,0.4358236408,8.58581833,,,,,,,,,9511.204856,,,,,0.340251623,,,,,0.5043287867,,,,,-6437.615191,,,,
102,53665,0,0,,,,,,,,,1.332022493,,,,,,,,,,,,,,,,,,,,,,,,,,,,,,
103,56274,0,0,,,,,,,,,0.8074106392,,,,,,,,,,,,,,,,,,,,,,,,,,,,,,
104,56303,0,0,,,,,,,,,1.133798779,,,,,,,,,,,,,,,,,,,,,,,,,,,,,,
105,gl273,0,2,"Not enough data? 3.8 day, real 4.7",Redo,,,,,,,0.6630922418,,,,,,,,,,,,,,,,,,,,,,,,,,,,,,
106,58781,0,0,,,,,,,,,0.9759749163,,,,,,,,,,,,,,,,,,,,,,,,,,,,,,
107,60491,0,0,,,,,,,,,0.784669449,,,,,,,,,,,,,,,,,,,,,,,,,,,,,,
108,61606,0,0,,,,,,,,,0.8128614295,,,,,,,,,,,,,,,,,,,,,,,,,,,,,,
109,63754,1,0,Probably binary,M,"No Sval peaks, C=-0.31",C,,,,,1.360799403,2.741235859,10.98297473,,,,,,,,,11396.75858,,,,,-0.5158199625,,,,,-0.4059191079,,,,,-28623.22124,,,,
110,65277,1,0,Binary,M,"Sval 11 yr diff, C=0.35",B,,,,,0.6967537248,2.923518718,11.7441994,,,,,,,,,17611.40084,,,,,-0.04688217369,,,,,-0.515400292,,,,,-12429.1166,,,,
111,65430,2,0,Double or multiple star,N,,B,B,,,,0.8046077324,104.6562916,4.232606974,17.37159751,4.348800963,,,,,,,3545.8327,3692.841118,,,,0.16441624,-0.1272153734,,,,0.5819762506,-0.5508414937,,,,-51.83489635,2455621.642,,,
112,65583,0,0,,,,,,,,,0.6857760179,,,,,,,,,,,,,,,,,,,,,,,,,,,,,,
113,66428,2,1,"Looks good, P far from magnetic",Y,C=0.18,K,C,,,,1.10065027,3.278705584,3.48827436,2.119574181,7.948874313,,,,,,,2268.243674,7802.471657,,,,-0.6578286818,0.179666834,,,,-0.06082324374,-0.4377119288,,,,58.51146116,2453771.982,,,
114,67458,0,0,,,,,,,,,0.9217862154,,,,,,,,,,,,,,,,,,,,,,,,,,,,,,
115,66171,0,0,,,,,,,,,0.8600497511,,,,,,,,,,,,,,,,,,,,,,,,,,,,,,
116,67767,0,0,,,,,,,,,1.238196663,,,,,,,,,,,,,,,,,,,,,,,,,,,,,,
117,68017,1,0,Double or multiple star,N,,N,,,,,0.7838165095,41.23705407,20.97297681,,,,,,,,,39626.10068,,,,,-0.251003005,,,,,-0.5684037669,,,,,-53417.42242,,,,
118,68168,0,0,,,,,,,,,1.008828059,,,,,,,,,,,,,,,,,,,,,,,,,,,,,,
119,68978,0,0,,,,,,,,,1.060547902,,,,,,,,,,,,,,,,,,,,,,,,,,,,,,
120,gl2066,0,0,,,,,,,,,0.5984108875,,,,,,,,,,,,,,,,,,,,,,,,,,,,,,
121,68988,2,1,"Maybe magnetic, looks k, strong",M,"Sval 5.5yr, period ~30 yr, C=0.3",K,C,,,,1.223074231,1.965366276,0.07121493788,11.07324439,9.732304566,,,,,,,6.276660933,10027.56662,,,,0.2965055841,-0.5864999892,,,,0.2640589922,0.06476415295,,,,130.7235895,2452125.21,,,
122,69809,0,0,,,,,,,,,1.185006025,,,,,,,,,,,,,,,,,,,,,,,,,,,,,,
123,71334,0,0,,,,,,,,,0.9162854375,,,,,,,,,,,,,,,,,,,,,,,,,,,,,,
124,71479,0,0,,,,,,,,,1.190101097,,,,,,,,,,,,,,,,,,,,,,,,,,,,,,
125,71881,1,0,Linear trend,M,,N,,,,,0.9902201023,20.38100304,12.58535382,,,,,,,,,16388.17913,,,,,-0.004553957329,,,,,-0.6530752004,,,,,-19456.55883,,,,
126,72673,0,0,,,,,,,,,0.7495673044,,,,,,,,,,,,,,,,,,,,,,,,,,,,,,
127,72659,2,1,"Promising, but magnetic",M,"Sval 14 yr, periodogram ~30 yr",K,C,,,,1.044647229,2.782580362,4.558939731,3.467552598,9.700837244,,,,,,,3478.639108,10797.60475,,,,-0.05870726103,-0.4739505285,,,,-0.5204929419,-0.4636910007,,,,1173.065547,2457782.059,,,
128,73667,0,0,,,,,,,,,0.6488446121,,,,,,,,,,,,,,,,,,,,,,,,,,,,,,
129,74156,2,2,Good,Y,,K,K,,,,1.14277654,1.717410983,0.28370445,7.541502163,3.710091966,,,,,,,51.63176729,2441.713933,,,,-0.8037488058,0.02909470701,,,,0.1151142944,-0.6053334714,,,,89.5100183,2454662.074,,,
130,75732b,0,0,,,,,,,,,0.627762551,,,,,,,,,,,,,,,,,,,,,,,,,,,,,,
131,76909,0,0,,,,,,,,,1.160192815,,,,,,,,,,,,,,,,,,,,,,,,,,,,,,
132,79210,1,0,Stronger linear trend,M,,N,,,,,0.5933792784,6.772522825,10.80088356,,,,,,,,,16831.43581,,,,,-0.2725714348,,,,,0.7054154655,,,,,-29404.7094,,,,
133,79211,1,0,Linear trend,M,,N,,,,,0.5923145861,5.481260789,14.92003649,,,,,,,,,27351.24131,,,,,0.1132854781,,,,,-0.2224090976,,,,,-6523.432793,,,,
134,80367,0,0,,,,,,,,,0.829467363,,,,,,,,,,,,,,,,,,,,,,,,,,,,,,
135,80606,0,1,"111 days, weird periodogram",Redo with better method,,,,,,,1.084473768,,,,,,,,,,,,,,,,,,,,,,,,,,,,,,
136,g161-29,0,0,,,,,,,,,0.7658748773,,,,,,,,,,,,,,,,,,,,,,,,,,,,,,
137,233641,0,0,,,,,,,,,1.073080958,,,,,,,,,,,,,,,,,,,,,,,,,,,,,,
138,hip46655,0,0,,,,,,,,,0.6139263472,,,,,,,,,,,,,,,,,,,,,,,,,,,,,,
139,82943,2,2,Good,Y,,K,K,,,,1.177884825,1.770338985,0.7532354452,1.61131427,1.200218915,,,,,,,220.0103624,442.5249013,,,,-0.2100088432,0.2004798214,,,,0.603443815,0.2761184462,,,,-180.5738612,2455104.409,,,
140,gl357,0,0,,,,,,,,,0.5839668212,,,,,,,,,,,,,,,,,,,,,,,,,,,,,,
141,83443,0,1,"3.3 day peak, just below ~30 thresh. Known planet at 2.98 days",,,,,,,,1.043881562,,,,,,,,,,,,,,,,,,,,,,,,,,,,,,
142,84035,1,0,Messy periodogram but possible,M,"C=strong but 7.9 yr, way off",N,,,,,0.7983316488,0.1253043859,0.7198693217,,,,,,,,,249.6820103,,,,,0.5404236807,,,,,0.06063478164,,,,,-63.67977524,,,,
143,hip48714,0,0,,,,,,,,,0.5861572369,,,,,,,,,,,,,,,,,,,,,,,,,,,,,,
144,87836,0,0,,,,,,,,,1.206146832,,,,,,,,,,,,,,,,,,,,,,,,,,,,,,
145,88072,0,0,,,,,,,,,0.9757457532,,,,,,,,,,,,,,,,,,,,,,,,,,,,,,
146,88218,2,0,"Double or multiple star, 2nd is 100 m/s",N,,N,N,,,,0.9727649156,456.9091641,26.91908205,12.61925155,12.79170441,,,,,,,51723.13581,16942.87476,,,,-0.3290932392,0.08687186295,,,,-0.6502650466,0.1465763064,,,,28365.32573,2460718.986,,,
147,88371,0,0,,,,,,,,,0.8530850844,,,,,,,,,,,,,,,,,,,,,,,,,,,,,,
148,gl382,0,0,,,,,,,,,0.5786953458,,,,,,,,,,,,,,,,,,,,,,,,,,,,,,
149,88725,0,0,,,,,,,,,0.7600445294,,,,,,,,,,,,,,,,,,,,,,,,,,,,,,
150,88986,0,0,,,,,,,,,1.061885387,,,,,,,,,,,,,,,,,,,,,,,,,,,,,,
151,89391,1,0,Linear trend,M,,N,,,,,1.13434335,15.46977189,16.22952325,,,,,,,,,22422.53991,,,,,-0.2317979582,,,,,0.6821161755,,,,,-25671.7513,,,,
152,89269,0,0,,,,,,,,,0.8691298907,,,,,,,,,,,,,,,,,,,,,,,,,,,,,,
153,gl388,0,0,,,,,,,,,0.5726209811,,,,,,,,,,,,,,,,,,,,,,,,,,,,,,
154,90156,0,1,"49 day signal, in periodogram but missed",Redo with better threshold,,,,,,,0.8545808463,,,,,,,,,,,,,,,,,,,,,,,,,,,,,,
155,90125,0,0,,,,,,,,,1.227852274,,,,,,,,,,,,,,,,,,,,,,,,,,,,,,
156,hip51007,0,0,,,,,,,,,0.5220346434,,,,,,,,,,,,,,,,,,,,,,,,,,,,,,
157,90711,0,0,,,,,,,,,1.008644004,,,,,,,,,,,,,,,,,,,,,,,,,,,,,,
158,90722,0,0,,,,,,,,,1.192869706,,,,,,,,,,,,,,,,,,,,,,,,,,,,,,
159,gl393,0,0,,,,,,,,,0.6174863194,,,,,,,,,,,,,,,,,,,,,,,,,,,,,,
160,90875,0,0,,,,,,,,,0.8000509609,,,,,,,,,,,,,,,,,,,,,,,,,,,,,,
161,gl397,0,0,,,,,,,,,0.6923426889,,,,,,,,,,,,,,,,,,,,,,,,,,,,,,
162,91204,2,0,Strong linear trend,N,,N,N,,,,1.190750295,552.1954646,23.91571275,2.45648319,6.335092468,,,,,,,39148.31469,5337.249626,,,,-0.2244023429,-0.040655433,,,,-0.243503734,-0.5524738864,,,,-13400.75539,2455989.854,,,
163,92222a,0,0,,,,,,,,,1.040187372,,,,,,,,,,,,,,,,,,,,,,,,,,,,,,
164,92788,2,1,Somewhat similar 2nd signal Sval,M,"C=0.36, but low S-value peak",K,C,,,,1.112472939,3.590442996,0.9598340327,2.903265088,8.471979561,,,,,,,325.6476256,8539.472576,,,,0.09921600165,0.5058169853,,,,-0.5761536559,-0.342533528,,,,84.71144696,2458440.837,,,
165,93745,0,0,,,,,,,,,1.176048524,,,,,,,,,,,,,,,,,,,,,,,,,,,,,,
166,hip52942a,2,0,Eccentric double star,N,,N,N,,,,1.052685704,151.3079761,7.718669842,0.1777932038,0.05413203598,,,,,,,7634.186435,4.483638679,,,,0.9316234988,0.8558572789,,,,0.119163893,0.4957335008,,,,14946.48673,2455198.082,,,
167,hip53020,0,0,,,,,,,,,0.6560898903,,,,,,,,,,,,,,,,,,,,,,,,,,,,,,
168,gl406,0,0,,,,,,,,,0.7169589741,,,,,,,,,,,,,,,,,,,,,,,,,,,,,,
169,bd-103166,1,0,"Sparse, 3.5 day, strong. Published 2000",Y,C=-0.17,K,,,,,1.004325758,0.4537190022,0.04507483136,,,,,,,,,3.487886084,,,,,-0.06689774842,,,,,0.02975633723,,,,,46.42334406,,,,
170,gl408,0,0,,,,,,,,,0.5785589614,,,,,,,,,,,,,,,,,,,,,,,,,,,,,,
171,95650,0,0,,,,,,,,,0.562514655,,,,,,,,,,,,,,,,,,,,,,,,,,,,,,
172,95735,3,0,,,,C,C,C,,,0.5885144232,0.1054345571,3.206111731,0.01137306712,0.09039088986,0.02967821985,0.586709701,,,,,2733.303461,12.93918327,213.9709305,,,0.1997758478,-0.2154501871,0.7769305198,,,-0.6629649017,0.07431531204,-0.1332765013,,,2568.476113,2455205.467,2455252.03,,
173,gl412a,0,0,,,,,,,,,0.5668535767,,,,,,,,,,,,,,,,,,,,,,,,,,,,,,
174,96700,0,0,,,,,,,,,0.89445016,,,,,,,,,,,,,,,,,,,,,,,,,,,,,,
175,hip54532,0,0,,,,,,,,,0.5972453956,,,,,,,,,,,,,,,,,,,,,,,,,,,,,,
176,97101,4,0,"3 possible signals, including 39 & 51 d, last magnet. 39 days is rotation period",M,Sval 10 yr last signal,C,N,C,N,,0.6692928027,0.1833943119,1.41208532,0.04108388001,0.1991331612,0.03286424963,0.2373477607,0.2716793966,3.584001881,,,749.172378,39.67397649,51.62595014,3029.302846,,-0.3875758777,0.1723523605,-0.3554816343,0.2185589377,,-0.120698321,0.4075168796,0.3395547788,0.4946166024,,-64.48172717,2455203.088,2455180.611,2456485.918,
177,97343,0,0,,,,,,,,,0.8777809508,,,,,,,,,,,,,,,,,,,,,,,,,,,,,,
178,97658,1,1,Good,Y,,K,,,,,0.7545635351,0.02515480385,0.07986433326,,,,,,,,,9.490297472,,,,,-0.1184216575,,,,,0.08940236729,,,,,45.39763154,,,,
179,98281,0,0,,,,,,,,,0.8240043402,,,,,,,,,,,,,,,,,,,,,,,,,,,,,,
180,98618,1,0,Beginning of inflection,M,"C=0.34, but no Sval peak",C,,,,,0.9949520291,6.726072761,12.57029402,,,,,,,,,16319.82547,,,,,0.3715466406,,,,,-0.6609039207,,,,,-12916.95098,,,,
181,99109,1,1,"Confirmed, but follow up",M,C=0.3,K,,,,,0.9920818596,0.5391244465,1.123588951,,,,,,,,,436.7529656,,,,,-0.4371645688,,,,,-0.200786804,,,,,91.36495388,,,,
182,99491,1,0,Probably magnet,M,Sval 6.2 yr similar,N,,,,,1.029282181,0.4213581706,3.320047057,,,,,,,,,2177.948262,,,,,-0.194444623,,,,,0.4072456234,,,,,-1581.42866,,,,
183,99492,1,1,Good,Y,,K,,,,,0.8615616461,0.08097059257,0.1233864919,,,,,,,,,17.05519438,,,,,-0.2536471809,,,,,-0.1999665768,,,,,21.82832697,,,,
184,100180,0,0,,,,,,,,,1.054112681,,,,,,,,,,,,,,,,,,,,,,,,,,,,,,
185,100623,1,0,Known binary,Y,,B,,,,,0.7324630495,3.332774352,24.04581775,,,,,,,,,50322.8111,,,,,-0.2487958611,,,,,-0.5056674594,,,,,-32010.46972,,,,
186,gl433,0,1,"Missed 7.3 day period, Stassun 17",,,,,,,,0.5704221397,,,,,,,,,,,,,,,,,,,,,,,,,,,,,,
187,101259,0,0,,,,,,,,,0.9032949506,,,,,,,,,,,,,,,,,,,,,,,,,,,,,,
188,hip57087,0,0,,,,,,,,,0.5902953682,,,,,,,,,,,,,,,,,,,,,,,,,,,,,,
189,102158,0,0,,,,,,,,,0.8150305329,,,,,,,,,,,,,,,,,,,,,,,,,,,,,,
190,hip57450,0,0,,,,,,,,,0.6351853841,,,,,,,,,,,,,,,,,,,,,,,,,,,,,,
191,gl445,0,0,,,,,,,,,0.6146555629,,,,,,,,,,,,,,,,,,,,,,,,,,,,,,
192,hip57548,0,0,,,,,,,,,0.680745591,,,,,,,,,,,,,,,,,,,,,,,,,,,,,,
193,gl450,0,0,,,,,,,,,0.5494474144,,,,,,,,,,,,,,,,,,,,,,,,,,,,,,
194,103432,1,0,"Sparse, but looks good! But disappeared in run_4, down to 1.5 days",,No Svals,N,,,,,0.9096116294,0.06929905339,0.09702447157,,,,,,,,,11.57423655,,,,,-0.4890962687,,,,,0.05223562805,,,,,1.841383311,,,,
195,103829,1,0,Double star,,,N,,,,,1.065003272,163.7997008,7.909597313,,,,,,,,,7873.258603,,,,,0.0134099,,,,,0.4640823476,,,,,11634.67403,,,,
196,103932,0,0,,,,,,,,,0.7661000549,,,,,,,,,,,,,,,,,,,,,,,,,,,,,,
197,104067,1,1,Good,Y,,K,,,,,0.817843293,0.206357248,0.2674418852,,,,,,,,,55.86084694,,,,,0.4791753315,,,,,-0.02126417352,,,,,30.092612,,,,
198,104556,0,0,,,,,,,,,0.9594141751,,,,,,,,,,,,,,,,,,,,,,,,,,,,,,
199,104800,0,0,,,,,,,,,0.762382737,,,,,,,,,,,,,,,,,,,,,,,,,,,,,,
200,105113,0,0,,,,,,,,,1.061368656,,,,,,,,,,,,,,,,,,,,,,,,,,,,,,
201,105618,0,0,,,,,,,,,1.191243461,,,,,,,,,,,,,,,,,,,,,,,,,,,,,,
202,105631,0,0,,,,,,,,,0.9761362559,,,,,,,,,,,,,,,,,,,,,,,,,,,,,,
203,hip59406b,0,0,,,,,,,,,0.6196602551,,,,,,,,,,,,,,,,,,,,,,,,,,,,,,
204,106116,0,0,,,,,,,,,1.01362911,,,,,,,,,,,,,,,,,,,,,,,,,,,,,,
205,106156,0,0,,,,,,,,,0.976844963,,,,,,,,,,,,,,,,,,,,,,,,,,,,,,
206,107148,1,1,Good,Y,,K,,,,,1.145532177,0.1844900378,0.3712570579,,,,,,,,,77.19814393,,,,,0.5366614092,,,,,-0.1607592272,,,,,-55.43188555,,,,
207,hip60559,0,0,,,,,,,,,0.5878038332,,,,,,,,,,,,,,,,,,,,,,,,,,,,,,
208,g60-06,0,0,,,,,,,,,0.8465216391,,,,,,,,,,,,,,,,,,,,,,,,,,,,,,
209,108874,2,2,Good,Y,,K,K,,,,1.00916231,1.317465057,1.058199948,1.152476527,2.839994242,,,,,,,395.7942858,1740.179728,,,,-0.3470404331,0.5052414678,,,,-0.2074863115,0.07671093991,,,,0.934235683,2454785.146,,,
210,109358,0,0,,,,,,,,,0.8966240366,,,,,,,,,,,,,,,,,,,,,,,,,,,,,,
211,110315,1,0,"Linear trend, high prop-motion",M,,N,,,,,0.6559077204,59.85761669,19.62960345,,,,,,,,,39223.31945,,,,,0.3668337176,,,,,-0.5297351139,,,,,-53470.13676,,,,
212,110537,1,0,"Linear trend, high prop-motion",M,,N,,,,,1.004858033,25.48887957,21.52189368,,,,,,,,,36380.34347,,,,,0.0320277343,,,,,0.3983942382,,,,,-3661.549796,,,,
213,111031,1,0,"Long-period inflection, good!",Y,C=-0.28,C,,,,,1.144971874,7.5037142,9.638036872,,,,,,,,,10213.71871,,,,,0.2169920075,,,,,0.4723605015,,,,,-2279.809796,,,,
214,gl486,0,0,,,,,,,,,0.647809698,,,,,,,,,,,,,,,,,,,,,,,,,,,,,,
215,111484b,0,0,Double star V,,,,,,,,1.199140084,,,,,,,,,,,,,,,,,,,,,,,,,,,,,,
216,111484a,1,0,Double star ^,M,,N,,,,,1.178281066,58.99040736,14.59099139,,,,,,,,,18754.31384,,,,,0.004936039292,,,,,-0.441337706,,,,,-23058.35668,,,,
217,111515,0,0,,,,,,,,,0.7377921231,,,,,,,,,,,,,,,,,,,,,,,,,,,,,,
218,111631,0,0,,,,,,,,,0.6455190037,,,,,,,,,,,,,,,,,,,,,,,,,,,,,,
219,112257,0,0,,,,,,,,,0.9315640746,,,,,,,,,,,,,,,,,,,,,,,,,,,,,,
220,hip63510,1,0,"Ross 458, GJ 494, binary. Didn't detect astrometric planet/BD",C,,B,,,,,,,,,,,,,,,,5688.411688,,,,,-0.5222805366,,,,,0.3094194267,,,,,2073.234461,,,,
221,114174,2,0,"1 stellar companion, maybe a planet",M,No activity to worry about,N,C,,,,0.9802695608,192.403398,21.10274197,0.9488450133,6.578989129,,,,,,,35763.00483,6225.359292,,,,0.02924045689,0.0733741726,,,,0.3212565305,-0.1704786119,,,,2072.520919,2453673.717,,,
222,114783,3,2,"Actually only 1 confirmed NASA, 1 magnet, 1 barycentric 1/3 yr",M,,K,N,N,,,0.868233232,1.016011167,1.162384966,0.6182079511,5.031536852,0.07515263951,0.456626063,,,,,491.2529835,4424.163938,120.9542879,,,-0.09244694467,-0.4178785281,0.6694251631,,,0.3788441553,0.1482826891,-0.03431682152,,,-0.4618042053,2455034.589,2455223.969,,
223,114729,1,1,Good,Y,,K,,,,,0.8943703094,0.8584159434,2.050971668,,,,,,,,,1134.433993,,,,,-0.2126682221,,,,,0.2663261874,,,,,-1008.266656,,,,
224,114946,0,0,,,,,,,,,1.147410321,,,,,,,,,,,,,,,,,,,,,,,,,,,,,,
225,115589,0,0,,,,,,,,,0.9304123957,,,,,,,,,,,,,,,,,,,,,,,,,,,,,,
226,116442,0,0,,,,,,,,,0.7328434464,,,,,,,,,,,,,,,,,,,,,,,,,,,,,,
227,116443,0,0,,,,,,,,,0.7149246103,,,,,,,,,,,,,,,,,,,,,,,,,,,,,,
228,117207,1,1,Good,Y,,K,,,,,1.049005363,1.900723438,3.790247538,,,,,,,,,2631.545807,,,,,0.03319840557,,,,,0.3719874403,,,,,754.3547139,,,,
229,117936,0,0,,,,,,,,,0.7931367601,,,,,,,,,,,,,,,,,,,,,,,,,,,,,,
230,hip66459,0,0,,,,,,,,,0.5713504034,,,,,,,,,,,,,,,,,,,,,,,,,,,,,,
231,118914,0,0,,,,,,,,,1.041962432,,,,,,,,,,,,,,,,,,,,,,,,,,,,,,
232,119850,0,0,,,,,,,,,0.5671127696,,,,,,,,,,,,,,,,,,,,,,,,,,,,,,
233,hip67164,0,0,,,,,,,,,0.6539483773,,,,,,,,,,,,,,,,,,,,,,,,,,,,,,
234,120066,1,0,We're looking into this one now,Y,,C,,,,,1.095342122,2.957644989,9.064027258,,,,,,,,,9523.691892,,,,,0.8455218005,,,,,-0.05399033604,,,,,-8004.592917,,,,
235,gl528b,0,0,,,,,,,,,0.700194315,,,,,,,,,,,,,,,,,,,,,,,,,,,,,,
236,120476a,1,0,Strong trend,Brown dwarf?,,N,,,,,0.7410328032,52.14437558,15.24026991,,,,,,,,,25244.61188,,,,,-0.2827045239,,,,,-0.4245208891,,,,,7510.084186,,,,
237,120467,0,0,,,,,,,,,0.7284370243,,,,,,,,,,,,,,,,,,,,,,,,,,,,,,
238,122064,1,0,"Noisy data, noisy period",M,"C=strong, Sval 13 yr",N,,,,,0.8112253956,0.1101461217,3.920751674,,,,,,,,,3148.340259,,,,,0.3023136559,,,,,-0.3810900968,,,,,-979.5756593,,,,
239,122120,0,0,,,,,,,,,0.7346602631,,,,,,,,,,,,,,,,,,,,,,,,,,,,,,
240,122303,0,0,,,,,,,,,0.579293086,,,,,,,,,,,,,,,,,,,,,,,,,,,,,,
241,122652,0,0,,,,,,,,,1.127537668,,,,,,,,,,,,,,,,,,,,,,,,,,,,,,
242,124106,0,0,,,,,,,,,0.8083647223,,,,,,,,,,,,,,,,,,,,,,,,,,,,,,
243,125184,0,0,,,,,,,,,1.179280705,,,,,,,,,,,,,,,,,,,,,,,,,,,,,,
244,125455,0,0,,,,,,,,,0.7962102888,,,,,,,,,,,,,,,,,,,,,,,,,,,,,,
245,126053,0,0,,,,,,,,,0.8335919297,,,,,,,,,,,,,,,,,,,,,,,,,,,,,,
246,126614,2,1,"Binary star, leave out 1st signal",Y,,N,K,,,,1.169037491,25.66589955,17.94015665,0.3802467867,2.396454333,,,,,,,25669.86316,1253.250664,,,,0.1268218632,0.5708800316,,,,-0.3274335478,-0.489005711,,,,-77142.86777,2455427.587,,,
247,hip70975,0,0,,,,,,,,,0.6624270414,,,,,,,,,,,,,,,,,,,,,,,,,,,,,,
248,hip71253,0,0,,,,,,,,,0.684394063,,,,,,,,,,,,,,,,,,,,,,,,,,,,,,
249,128311,2,2,Good,Y,,K,K,,,,0.8419994597,3.206816949,1.736937904,1.960427484,1.091067529,,,,,,,911.211012,453.6490099,,,,0.4317670254,0.2671513253,,,,-0.1582224411,0.4658858925,,,,401.0912108,2455213.778,,,
250,129010,0,0,,,,,,,,,1.255293641,,,,,,,,,,,,,,,,,,,,,,,,,,,,,,
251,hip71898,1,0,Trend,Brown dwarf,,N,,,,,0.5886784291,28.2053938,20.13904044,,,,,,,,,43024.66789,,,,,0.3847899748,,,,,0.325654166,,,,,108950.2928,,,,
252,129814,1,0,Strong companion,Brown dwarf,,N,,,,,0.9735452406,63.28606939,11.2817075,,,,,,,,,14027.5754,,,,,0.477534907,,,,,-0.03436487355,,,,,10143.57727,,,,
253,130307,0,0,,,,,,,,,0.7741475353,,,,,,,,,,,,,,,,,,,,,,,,,,,,,,
254,130322,1,1,Good,Y,,K,,,,,0.9301046134,1.158653562,0.09281061401,,,,,,,,,10.70850876,,,,,-0.06091154631,,,,,0.1327088687,,,,,74.37416953,,,,
255,130871,0,0,,,,,,,,,0.7201344898,,,,,,,,,,,,,,,,,,,,,,,,,,,,,,
256,130992,0,0,,,,,,,,,0.7533882833,,,,,,,,,,,,,,,,,,,,,,,,,,,,,,
257,131117,0,0,,,,,,,,,1.269878525,,,,,,,,,,,,,,,,,,,,,,,,,,,,,,
258,131509,1,0,Linear trend,N,,N,,,,,1.070685946,23.52019142,16.1414425,,,,,,,,,22891.84997,,,,,-0.08117400433,,,,,-0.73139121,,,,,78690.65872,,,,
259,gl569a,0,0,,,,,,,,,0.5707529505,,,,,,,,,,,,,,,,,,,,,,,,,,,,,,
260,132142,0,0,,,,,,,,,0.7199563049,,,,,,,,,,,,,,,,,,,,,,,,,,,,,,
261,132505,0,0,,,,,,,,,1.326676558,,,,,,,,,,,,,,,,,,,,,,,,,,,,,,
262,134440,0,0,,,,,,,,,,,,,,,,,,,,,,,,,,,,,,,,,,,,,,,
263,134439,0,0,,,,,,,,,,,,,,,,,,,,,,,,,,,,,,,,,,,,,,,
264,135101a,0,0,,,,,,,,,1.018582827,,,,,,,,,,,,,,,,,,,,,,,,,,,,,,
265,s101438b,0,0,,,,,,,,,0.932832978,,,,,,,,,,,,,,,,,,,,,,,,,,,,,,
266,134987,2,2,Good,Y,,K,K,,,,1.149129163,1.690581297,0.8309120349,0.942655015,6.643937136,,,,,,,258.0753813,5835.153373,,,,0.4604944373,-0.09031729911,,,,-0.09059477486,-0.3898410441,,,,473.7742795,2455135.348,,,
267,hip74995,1,0,"GJ581: 3 known planets, missed 2",,Diff data?,K,,,,,0.5950809341,0.07849755244,0.05047226065,,,,,,,,,5.368952289,,,,,0.1184173414,,,,,-0.0373736819,,,,,12.7972237,,,,
268,136442,0,0,,,,,,,,,1.358042149,,,,,,,,,,,,,,,,,,,,,,,,,,,,,,
269,136713,1,0,Possible magnetic signal,M,"Sval 6.9 yr similar, C=strong",N,,,,,0.8612237671,0.3096556861,3.888829867,,,,,,,,,3018.344725,,,,,0.2409041567,,,,,0.3187960952,,,,,-1107.968353,,,,
270,136834,0,0,,,,,,,,,0.8655034782,,,,,,,,,,,,,,,,,,,,,,,,,,,,,,
271,136925,1,0,Looks good!,Y,,C,,,,,0.865337959,1.133684546,5.007000547,,,,,,,,,4399.182791,,,,,-0.1692664205,,,,,0.8533664337,,,,,497.7992117,,,,
272,137778,0,0,,,,,,,,,0.9111306942,,,,,,,,,,,,,,,,,,,,,,,,,,,,,,
273,138549,0,0,,,,,,,,,0.9481789251,,,,,,,,,,,,,,,,,,,,,,,,,,,,,,
274,138776,0,0,,,,,,,,,1.179277325,,,,,,,,,,,,,,,,,,,,,,,,,,,,,,
275,139477,0,0,,,,,,,,,0.7537448067,,,,,,,,,,,,,,,,,,,,,,,,,,,,,,
276,139323,2,0,"Crummy fits, magnetic cycle",N,"Sval 8 yr similar, C=0.4",N,N,,,,0.9152592865,0.2570574432,4.240669349,0.0542502211,1.772219827,,,,,,,3334.095011,900.7468279,,,,0.6311353946,-0.3473588792,,,,-0.1822541545,0.8281420203,,,,-664.7310821,2455576.797,,,
277,139457,1,0,"1000's companion, not double star",Brown dwarf?,,N,,,,,0.8632114193,48.39244566,21.71906103,,,,,,,,,39792.51668,,,,,-0.6269293496,,,,,0.1710006203,,,,,-9548.772571,,,,
278,142229,1,0,"1000's companion, not double star",Brown dwarf?,,N,,,,,1.056434711,117.7277646,10.08823997,,,,,,,,,11386.76092,,,,,0.4003904162,,,,,0.5390419866,,,,,-7891.228262,,,,
279,143291,0,0,,,,,,,,,0.7427638563,,,,,,,,,,,,,,,,,,,,,,,,,,,,,,
280,144579,0,0,,,,,,,,,0.6848769173,,,,,,,,,,,,,,,,,,,,,,,,,,,,,,
281,144585,0,0,,,,,,,,,1.25062321,,,,,,,,,,,,,,,,,,,,,,,,,,,,,,
282,144988,0,0,,,,,,,,,1.043681681,,,,,,,,,,,,,,,,,,,,,,,,,,,,,,
283,145675,3,0,"14 Her: known+new long, drop last",Y,"Sval 9.5 yr, similar to 3rd signal",K,C,N,,,0.9971626388,5.099331451,2.856298326,6.182651219,16.28762931,0.290330476,4.500913372,,,,,1765.715689,24043.75217,3492.741217,,,0.5587393622,0.6546538997,-0.8219570643,,,0.2374222504,-0.1074776621,-0.02617159654,,,727.0072747,2454706.983,2454745.215,,
284,145934,2,1,Good signal + linear trend,Brown dwarf?,,N,K,,,,1.465698992,45.45626035,16.59395114,1.870807243,4.427418476,,,,,,,20393.92148,2810.618445,,,,-0.2957006639,0.2292627743,,,,-0.3622719275,-0.1480634772,,,,47787.55124,2455951.69,,,
285,145958b,1,0,Double V,N,,N,,,,,0.8920032454,21.33022811,21.50383132,,,,,,,,,38564.61294,,,,,0.2622119668,,,,,0.3906973617,,,,,3806.355251,,,,
286,145958a,1,0,Doube ^,N,,N,,,,,0.8993156567,16.75858035,17.35712072,,,,,,,,,27852.15964,,,,,0.2525293338,,,,,-0.4411802394,,,,,30767.96812,,,,
287,145809,0,0,,,,,,,,,0.9013768179,,,,,,,,,,,,,,,,,,,,,,,,,,,,,,
288,146362b,1,0,Linear trend,Brown dwarf?,,N,,,,,1.012843549,8.874602376,12.70300214,,,,,,,,,16431.86282,,,,,-0.0370487673,,,,,0.6775978814,,,,,-2987.12667,,,,
289,147231,1,0,Linear trend,Brown dwarf?,,N,,,,,0.9211049383,94.85082917,19.90120905,,,,,,,,,33788.04502,,,,,-0.1868794145,,,,,-0.516635136,,,,,18182.95696,,,,
290,146233,0,0,,,,,,,,,1.003445528,,,,,,,,,,,,,,,,,,,,,,,,,,,,,,
291,147379a,0,0,,,,,,,,,0.6376522474,,,,,,,,,,,,,,,,,,,,,,,,,,,,,,
292,147379b,0,0,,,,,,,,,0.5846720597,,,,,,,,,,,,,,,,,,,,,,,,,,,,,,
293,146775,0,0,,,,,,,,,0.9643142509,,,,,,,,,,,,,,,,,,,,,,,,,,,,,,
294,hip80295,0,0,,,,,,,,,0.7815292622,,,,,,,,,,,,,,,,,,,,,,,,,,,,,,
295,gl625,0,1,Missed,,,,,,,,0.5695248498,,,,,,,,,,,,,,,,,,,,,,,,,,,,,,
296,hip80824,0,0,,,,,,,,,,,,,,,,,,,,,,,,,,,,,,,,,,,,,,,
297,149661,0,0,,,,,,,,,0.8828701118,,,,,,,,,,,,,,,,,,,,,,,,,,,,,,
298,149724,0,0,,,,,,,,,1.233943281,,,,,,,,,,,,,,,,,,,,,,,,,,,,,,
299,150433,0,0,,,,,,,,,0.8221817363,,,,,,,,,,,,,,,,,,,,,,,,,,,,,,
300,150437,0,0,,,,,,,,,1.216719181,,,,,,,,,,,,,,,,,,,,,,,,,,,,,,
301,151541,0,0,,,,,,,,,0.8228984688,,,,,,,,,,,,,,,,,,,,,,,,,,,,,,
302,150698,0,0,,,,,,,,,1.249888066,,,,,,,,,,,,,,,,,,,,,,,,,,,,,,
303,151288,1,0,Noisy periodogram,N,,N,,,,,0.6538021414,0.02245947695,0.14649529,,,,,,,,,25.32857461,,,,,-0.5956711202,,,,,0.05499665888,,,,,15.18005991,,,,
304,151877,0,0,,,,,,,,,0.8176193466,,,,,,,,,,,,,,,,,,,,,,,,,,,,,,
305,151995,0,0,,,,,,,,,0.7532996772,,,,,,,,,,,,,,,,,,,,,,,,,,,,,,
306,152792,0,0,,,,,,,,,0.9180706831,,,,,,,,,,,,,,,,,,,,,,,,,,,,,,
307,153525,0,0,,,,,,,,,0.7825995039,,,,,,,,,,,,,,,,,,,,,,,,,,,,,,
308,153557,0,0,,,,,,,,,0.7944789842,,,,,,,,,,,,,,,,,,,,,,,,,,,,,,
309,hip83043,1,0,Misnamed,C,,K,,,,,0.5372335574,0.3257991339,1.139914719,,,,,,,,,606.4924561,,,,,0.5194954032,,,,,-0.1927043165,,,,,331.6444432,,,,
310,153458,0,0,,,,,,,,,1.047741792,,,,,,,,,,,,,,,,,,,,,,,,,,,,,,
311,154345,1,1,Good,Y,,K,,,,,0.8776749116,1.148572443,4.099627935,,,,,,,,,3236.296105,,,,,0.1742990565,,,,,-0.03699740017,,,,,-3360.054649,,,,
312,154363,0,0,,,,,,,,,0.5979491415,,,,,,,,,,,,,,,,,,,,,,,,,,,,,,
313,154088,0,0,,,,,,,,,1.003424355,,,,,,,,,,,,,,,,,,,,,,,,,,,,,,
314,hip84099,0,0,,,,,,,,,0.6368733262,,,,,,,,,,,,,,,,,,,,,,,,,,,,,,
315,156026,0,0,,,,,,,,,0.6537982179,,,,,,,,,,,,,,,,,,,,,,,,,,,,,,
316,156985,0,0,,,,,,,,,0.7329970009,,,,,,,,,,,,,,,,,,,,,,,,,,,,,,
317,156365,0,0,,,,,,,,,1.330147243,,,,,,,,,,,,,,,,,,,,,,,,,,,,,,
318,gl667c,0,5,Missed,,,,,,,,0.5809668153,,,,,,,,,,,,,,,,,,,,,,,,,,,,,,
319,hip84790,0,0,,,,,,,,,0.6142010979,,,,,,,,,,,,,,,,,,,,,,,,,,,,,,
320,156826,1,0,Linear trend,B,Only 8 s-values,N,,,,,1.137696746,57.46617247,28.19873597,,,,,,,,,51277.82913,,,,,-0.03272992474,,,,,-0.3721608291,,,,,-11813.25589,,,,
321,157172,0,0,,,,,,,,,0.9551232138,,,,,,,,,,,,,,,,,,,,,,,,,,,,,,
322,157347,0,0,,,,,,,,,0.9417790208,,,,,,,,,,,,,,,,,,,,,,,,,,,,,,
323,157338,1,0,Long-period trend,B,C=0.28,N,,,,,0.9822010884,22.74189176,10.13333367,,,,,,,,,11888.49108,,,,,-0.5836589408,,,,,-0.2863768558,,,,,6789.128821,,,,
324,157881,0,0,,,,,,,,,0.6578986915,,,,,,,,,,,,,,,,,,,,,,,,,,,,,,
325,gl687,1,1,Good,Y,,K,,,,,0.6910839237,0.0705506135,0.1962250495,,,,,,,,,38.19132297,,,,,0.3105648815,,,,,0.02372646179,,,,,2.629871246,,,,
326,s122446,0,0,,,,,,,,,0.5425840876,,,,,,,,,,,,,,,,,,,,,,,,,,,,,,
327,159063,0,0,,,,,,,,,1.347700392,,,,,,,,,,,,,,,,,,,,,,,,,,,,,,
328,159222,0,0,,,,,,,,,1.095880992,,,,,,,,,,,,,,,,,,,,,,,,,,,,,,
329,gl686,0,0,,,,,,,,,0.5705092101,,,,,,,,,,,,,,,,,,,,,,,,,,,,,,
330,160693,0,0,,,,,,,,,0.8083195663,,,,,,,,,,,,,,,,,,,,,,,,,,,,,,
331,gl694,0,0,,,,,,,,,0.6124624564,,,,,,,,,,,,,,,,,,,,,,,,,,,,,,
332,hip86961,0,0,,,,,,,,,0.5758411229,,,,,,,,,,,,,,,,,,,,,,,,,,,,,,
333,hip87062,0,0,,,,,,,,,0.7149600233,,,,,,,,,,,,,,,,,,,,,,,,,,,,,,
334,161848,0,0,,,,,,,,,0.7220051627,,,,,,,,,,,,,,,,,,,,,,,,,,,,,,
335,163153,0,0,,,,,,,,,1.261176927,,,,,,,,,,,,,,,,,,,,,,,,,,,,,,
336,163489,0,0,,,,,,,,,2.244110755,,,,,,,,,,,,,,,,,,,,,,,,,,,,,,
337,gl699,0,0,,,,,,,,,,,,,,,,,,,,,,,,,,,,,,,,,,,,,,,
338,164595,0,1,Missed,,,,,,,,0.9175503942,,,,,,,,,,,,,,,,,,,,,,,,,,,,,,
339,164507,0,0,,,,,,,,,1.251163969,,,,,,,,,,,,,,,,,,,,,,,,,,,,,,
340,164922,2,2,"Somehow didn't save 3rd signal, rotation period",Y,,K,K,,,,0.9240534544,0.3631097994,2.16880115,0.04822650089,0.3412480667,,,,,,,1213.610937,75.74521087,,,,-0.3120150784,0.2605697112,,,,0.06368195194,0.1475672272,,,,453.8592445,2455215.548,,,
341,165222,0,0,,,,,,,,,0.5648140056,,,,,,,,,,,,,,,,,,,,,,,,,,,,,,
342,hip89215,0,0,,,,,,,,,0.5980951398,,,,,,,,,,,,,,,,,,,,,,,,,,,,,,
343,167215,1,0,Double star,N,,N,,,,,0.9470045622,124.7706214,5.087321547,,,,,,,,,4306.814573,,,,,-0.2732593875,,,,,-0.1449476563,,,,,-494.755713,,,,
344,167216,0,0,,,,,,,,,0.9550027953,,,,,,,,,,,,,,,,,,,,,,,,,,,,,,
345,167389,0,0,,,,,,,,,1.039273283,,,,,,,,,,,,,,,,,,,,,,,,,,,,,,
346,167665,1,0,Double star,N,,N,,,,,1.02533237,47.78979607,5.37743117,,,,,,,,,4498.09251,,,,,-0.4213528389,,,,,-0.4057949058,,,,,26797.67218,,,,
347,lhs462,0,0,,,,,,,,,0.6217347234,,,,,,,,,,,,,,,,,,,,,,,,,,,,,,
348,168443,4,2,"Last long trend, 3rd bad fit corrected",Keep first 2 signals,,K,K,N,C,,1.056377647,7.986551845,0.2990302441,17.88157534,2.893913949,0.03114325592,1.715728467,7.570050983,16.4462975,,,58.11142143,1749.513287,798.6594984,23702.32991,,-0.7235160093,0.194258844,0.7757043754,-0.00391268635,,0.08667892994,0.416659503,0.6231233601,-0.5331064045,,239.7308506,2455599.499,2454950.54,2455287.126,
349,168746,1,1,Good,Y,,K,,,,,0.9020634969,0.2346200135,0.0652126898,,,,,,,,,6.404394016,,,,,0.1672152805,,,,,0.2790699409,,,,,22.54727101,,,,
350,169830,2,2,Good,Y,,K,K,,,,1.341573624,2.847067035,0.799246748,3.363552992,3.21345584,,,,,,,225.3266127,1816.559701,,,,-0.4652065793,0.3878314001,,,,0.2576157715,-0.2681516011,,,,131.0898035,2455172.193,,,
351,170174,0,0,,,,,,,,,2.425058038,,,,,,,,,,,,,,,,,,,,,,,,,,,,,,
352,170493,0,0,,,,,,,,,0.8168084273,,,,,,,,,,,,,,,,,,,,,,,,,,,,,,
353,170469,1,1,Good,Y,,K,,,,,1.208000489,0.6016281886,2.228090502,,,,,,,,,1105.259135,,,,,-0.02881481026,,,,,0.2386453248,,,,,407.5809998,,,,
354,170657,0,0,,,,,,,,,0.7828414388,,,,,,,,,,,,,,,,,,,,,,,,,,,,,,
355,g205-028,0,0,,,,,,,,,0.6301837277,,,,,,,,,,,,,,,,,,,,,,,,,,,,,,
356,171067,0,0,,,,,,,,,0.9371887632,,,,,,,,,,,,,,,,,,,,,,,,,,,,,,
357,gl4063,0,0,,,,,,,,,0.6295918068,,,,,,,,,,,,,,,,,,,,,,,,,,,,,,
358,171665,0,0,,,,,,,,,0.929851655,,,,,,,,,,,,,,,,,,,,,,,,,,,,,,
359,171918,0,0,,,,,,,,,1.114382803,,,,,,,,,,,,,,,,,,,,,,,,,,,,,,
360,172310,0,0,,,,,,,,,0.7796736315,,,,,,,,,,,,,,,,,,,,,,,,,,,,,,
361,172051,0,0,,,,,,,,,0.851856622,,,,,,,,,,,,,,,,,,,,,,,,,,,,,,
362,hip91699,0,0,,,,,,,,,0.5810031096,,,,,,,,,,,,,,,,,,,,,,,,,,,,,,
363,172513,0,0,,,,,,,,,0.9200626792,,,,,,,,,,,,,,,,,,,,,,,,,,,,,,
364,173739,1,0,Double stars? V,N,,N,,,,,0.5894445716,8.088883681,10.97261877,,,,,,,,,17291.88651,,,,,-0.003121206741,,,,,0.6305761603,,,,,26155.30295,,,,
365,173740,1,0,Double stars? ^,N,,N,,,,,0.6639856258,19.11386357,13.68636449,,,,,,,,,22696.10024,,,,,-0.04896337975,,,,,-0.7570691418,,,,,4112.268964,,,,
366,173701,0,0,,,,,,,,,1.009454828,,,,,,,,,,,,,,,,,,,,,,,,,,,,,,
367,173818,0,0,,,,,,,,,0.6218077031,,,,,,,,,,,,,,,,,,,,,,,,,,,,,,
368,hip92403,0,0,,,,,,,,,0.5991500066,,,,,,,,,,,,,,,,,,,,,,,,,,,,,,
369,175541,1,1,Good,Y,,K,,,,,1.316673033,0.5429081099,0.9579763921,,,,,,,,,298.4638018,,,,,-0.3415807797,,,,,-0.1259671624,,,,,343.0661727,,,,
370,176377,0,0,,,,,,,,,0.8970927556,,,,,,,,,,,,,,,,,,,,,,,,,,,,,,
371,230409,1,0,"Marg., looks good. Need more data, disappeared in run_4.",M,,N,,,,,0.6600071391,0.04408781164,0.04820680331,,,,,,,,,4.758681197,,,,,-0.3970949847,,,,,0.005732774053,,,,,4.035253816,,,,
372,176982,0,0,,,,,,,,,1.050435287,,,,,,,,,,,,,,,,,,,,,,,,,,,,,,
373,177830,2,2,Good,Y,,K,K,,,,1.423454986,1.444023128,1.209806466,0.1455352514,0.5086071613,,,,,,,407.3806625,111.0453211,,,,-0.196919023,-0.4315644513,,,,0.05309002128,0.4653876836,,,,579.0418252,2455174.495,,,
374,gl745a,0,0,,,,,,,,,0.56706227,,,,,,,,,,,,,,,,,,,,,,,,,,,,,,
375,gl745b,0,0,,,,,,,,,0.5729273671,,,,,,,,,,,,,,,,,,,,,,,,,,,,,,
376,g207-019,0,0,,,,,,,,,0.6522287004,,,,,,,,,,,,,,,,,,,,,,,,,,,,,,
377,178911b,2,1,Bad 2nd fit,N,,K,N,,,,1.036269769,7.132293669,0.3410944874,0.03335103504,0.07113601412,,,,,,,71.47827505,6.807635641,,,,-0.3297452314,-0.5636507923,,,,0.06888370413,0.4278214086,,,,231.9549904,2455202.558,,,
378,179957,1,0,Linear trend,M,C=0.37,N,,,,,0.9465491543,4.593403463,17.88979155,,,,,,,,,28407.61421,,,,,-0.3749387703,,,,,-0.2157222719,,,,,-16698.09409,,,,
379,179958,1,0,Linear trend,M,"C=-0.16, Sval peak at 17 yr",N,,,,,0.9743018149,7.268795357,26.42285376,,,,,,,,,50259.85749,,,,,-0.07647340839,,,,,-0.1533263135,,,,,18506.79521,,,,
380,230999,0,0,,,,,,,,,0.9773294132,,,,,,,,,,,,,,,,,,,,,,,,,,,,,,
381,179949,1,1,Good,Y,,K,,,,,1.208780905,0.9632991219,0.04425137038,,,,,,,,,3.092535674,,,,,0.06684372044,,,,,-0.03064991296,,,,,77.2645739,,,,
382,180684,2,0,Double star,N,,N,N,,,,1.167992163,183.2911783,20.33230277,1.390849525,3.982705563,,,,,,,30985.48618,2686.245888,,,,0.008685950635,0.06380368944,,,,0.2300196049,0.3122503152,,,,19781.11616,2455874.159,,,
383,180617,0,0,,,,,,,,,0.6287034384,,,,,,,,,,,,,,,,,,,,,,,,,,,,,,
384,181234,2,0,Double star,N,,N,N,,,,0.9978658942,26.72039024,10.93186834,3.257394101,7.458140783,,,,,,,13216.11857,7447.460404,,,,-0.2299494425,-0.02024876603,,,,0.6686867151,-0.09337671637,,,,249.8692382,2453494.757,,,
385,182572,0,0,,,,,,,,,1.177375891,,,,,,,,,,,,,,,,,,,,,,,,,,,,,,
386,183263,3,2,"2 good signals, 1st is magnet",M,"Magnetic peak at 13 yr, similar",N,K,K,,,1.215753336,2.413225581,9.067012694,3.825491031,1.527315921,7.379874253,5.973185928,,,,,9044.238943,625.2720419,4835.982737,,,0.4447520636,-0.3676571999,0.09831999173,,,0.4912217357,-0.4864516734,0.04782302523,,,14124.33679,2455047.827,2457299.317,,
387,183650,0,0,,,,,,,,,1.176744482,,,,,,,,,,,,,,,,,,,,,,,,,,,,,,
388,183658,0,0,,,,,,,,,0.9774497957,,,,,,,,,,,,,,,,,,,,,,,,,,,,,,
389,183870,0,0,,,,,,,,,0.8251534556,,,,,,,,,,,,,,,,,,,,,,,,,,,,,,
390,185144,3,0,"1st magnetic, noisy 2nd & 3rd periods",M,,N,N,N,,,0.8032097228,0.1167915315,3.211540748,0.04255353641,0.9193331338,0.04227867072,1.567756661,,,,,2345.600813,359.2471387,800.0220006,,,-0.6147155193,-0.04623974742,0.4123984139,,,0.3924603588,-0.794529,0.7811152195,,,-1088.434182,2455353.306,2455043.463,,
391,185295,0,0,,,,,,,,,1.13104548,,,,,,,,,,,,,,,,,,,,,,,,,,,,,,
392,187123,5,2,Copies,N,C=0.25,K,K,N,N,N,1.035791907,0.5084054579,0.04206768027,1.885306137,4.404379663,0.4937323854,18.80353805,0.2748850175,5.318231974,0.04061229903,0.4684184323,3.09659934,3317.334712,29263.18076,4401.625462,115.0570234,0.05438341364,-0.1879612729,-0.3304808886,0.6794822901,-0.002856862565,0.06131292329,-0.4954292767,0.9158283858,-0.1647777033,0.515265412,56.46266141,2455571.758,2456898.591,2454128.851,2455198.485
393,187237,0,0,,,,,,,,,1.032677112,,,,,,,,,,,,,,,,,,,,,,,,,,,,,,
394,187923,0,0,,,,,,,,,0.9548207919,,,,,,,,,,,,,,,,,,,,,,,,,,,,,,
395,188015,1,1,Good,Y,,K,,,,,1.088471348,1.500516503,1.205459447,,,,,,,,,463.3603126,,,,,-0.3153178936,,,,,-0.2827967059,,,,,-9.523624537,,,,
396,187897,0,0,,,,,,,,,1.106084354,,,,,,,,,,,,,,,,,,,,,,,,,,,,,,
397,188510,0,0,,,,,,,,,0.6175334469,,,,,,,,,,,,,,,,,,,,,,,,,,,,,,
398,189625,0,0,,,,,,,,,1.109763086,,,,,,,,,,,,,,,,,,,,,,,,,,,,,,
399,190067,1,0,Double star,N,,N,,,,,0.7802548282,5.694399174,12.29711459,,,,,,,,,17831.38285,,,,,-0.3146805605,,,,,0.3509316888,,,,,-13834.90685,,,,
400,190007,0,0,,,,,,,,,0.7720556946,,,,,,,,,,,,,,,,,,,,,,,,,,,,,,
401,190360,3,2,Looks good to me,Y,C=-0.31,K,K,C,,,1.030766004,1.544689326,3.998624354,0.07254491599,0.1313017348,0.034478377,0.3931574947,,,,,2876.631911,17.11685927,88.68868632,,,0.5558784653,0.2230902612,0.117399018,,,0.1147340551,-0.3496036211,-0.2701495818,,,102.5921413,2455198.766,2455210.616,,
402,190404,0,0,,,,,,,,,0.6376193551,,,,,,,,,,,,,,,,,,,,,,,,,,,,,,
403,193202,1,0,"Icky fit, icky periodogram",N,,N,,,,,0.7059878184,0.089857857,2.094995863,,,,,,,,,1318.179574,,,,,-0.7019145348,,,,,-0.5604903507,,,,,4034.661695,,,,
404,191785,0,0,,,,,,,,,0.7950251158,,,,,,,,,,,,,,,,,,,,,,,,,,,,,,
405,192020,0,0,,,,,,,,,0.8447923028,,,,,,,,,,,,,,,,,,,,,,,,,,,,,,
406,192263,1,1,Good,Y,,K,,,,,0.8201162534,0.6640355683,0.1539325575,,,,,,,,,24.35883115,,,,,0.1045099587,,,,,0.1918920768,,,,,25.30384206,,,,
407,192343,0,0,,,,,,,,,1.149802729,,,,,,,,,,,,,,,,,,,,,,,,,,,,,,
408,192344,0,0,,,,,,,,,1.158031723,,,,,,,,,,,,,,,,,,,,,,,,,,,,,,
409,193795,0,0,,,,,,,,,1.118369008,,,,,,,,,,,,,,,,,,,,,,,,,,,,,,
410,193901,0,0,,,,,,,,,0.7275797853,,,,,,,,,,,,,,,,,,,,,,,,,,,,,,
411,195019b,0,0,,,,,,,,,0.6353946292,,,,,,,,,,,,,,,,,,,,,,,,,,,,,,
412,195019,1,1,Good,Y,,K,,,,,1.019200267,3.551286514,0.1362809168,,,,,,,,,18.20208894,,,,,-0.07932670984,,,,,-0.1151890146,,,,,188.1515382,,,,
413,gl793,0,0,,,,,,,,,0.6148972439,,,,,,,,,,,,,,,,,,,,,,,,,,,,,,
414,195564,1,0,"Parabola, maybe brown dwarf?",N,,N,,,,,1.05553657,53.02665413,16.30468079,,,,,,,,,23406.16358,,,,,-0.4623458274,,,,,-0.3757126348,,,,,21788.67946,,,,
415,196201,1,0,Double star,N,,N,,,,,0.8466747382,169.410094,14.13064955,,,,,,,,,21085.47138,,,,,-0.08375309095,,,,,0.4442511545,,,,,17116.31355,,,,
416,196850,0,0,,,,,,,,,0.9208997723,,,,,,,,,,,,,,,,,,,,,,,,,,,,,,
417,196761,0,0,,,,,,,,,0.8317026675,,,,,,,,,,,,,,,,,,,,,,,,,,,,,,
418,197076,1,0,Potential signal,M,C=strong? Activity at same period,N,,,,,0.9700249398,0.2472326717,2.848178396,,,,,,,,,1782.615829,,,,,-0.3254663147,,,,,-0.286179465,,,,,-1464.840143,,,,
419,gl806,0,0,,,,,,,,,0.6267244295,,,,,,,,,,,,,,,,,,,,,,,,,,,,,,
420,199476,0,0,,,,,,,,,0.7866482422,,,,,,,,,,,,,,,,,,,,,,,,,,,,,,
421,hip103039,0,0,,,,,,,,,0.6370967902,,,,,,,,,,,,,,,,,,,,,,,,,,,,,,
422,198802,0,0,,,,,,,,,1.117161247,,,,,,,,,,,,,,,,,,,,,,,,,,,,,,
423,199305,0,0,,,,,,,,,0.5569764582,,,,,,,,,,,,,,,,,,,,,,,,,,,,,,
424,hip103269,0,0,,,,,,,,,0.6208294232,,,,,,,,,,,,,,,,,,,,,,,,,,,,,,
425,199960,1,0,Noisy periodogram,M,C=strong? Long-period magnet,N,,,,,1.229123078,0.275564899,3.740006064,,,,,,,,,2382.918561,,,,,-0.6657488362,,,,,-0.2242850014,,,,,-862.2325573,,,,
426,216520,2,0,"2 potential signals, funky period.s",M,C=strong? Long-period magnet,K,K,,,,0.777563088,0.0380015172,0.1935545851,0.1725992542,4.891054533,,,,,,,35.27246447,4480.581347,,,,0.4420848132,-0.5742415065,,,,-0.3627767149,-0.3818507353,,,,9.104133058,2456940.473,,,
427,216259,0,0,,,,,,,,,0.6167113542,,,,,,,,,,,,,,,,,,,,,,,,,,,,,,
428,gl876,3,4,Missed one,Y,,K,K,K,,,0.6795212889,3.175494443,0.2667156403,1.062712412,0.1669590948,0.192576223,0.1048401788,,,,,61.03368875,30.22818111,15.04140907,,,0.04171148914,0.03311087635,0.1896446024,,,-0.03561405383,-0.1354141435,0.02798996154,,,539.1459119,2455205.69,2455197.051,,
429,216899,0,0,,,,,,,,,0.5492002422,,,,,,,,,,,,,,,,,,,,,,,,,,,,,,
430,217004,0,0,,,,,,,,,1.037446503,,,,,,,,,,,,,,,,,,,,,,,,,,,,,,
431,217107,2,2,Good,Y,,K,K,,,,1.113720205,1.429091336,0.07512620764,4.505931306,6.040418161,,,,,,,7.126849323,5138.198576,,,,0.3308982643,-0.5824106718,,,,0.1372954555,-0.2464099774,,,,95.24189441,2454948.471,,,
432,217165,2,0,Double star,N,,N,N,,,,1.059538271,284.4809375,11.93069681,0.02885720752,0.05092642359,,,,,,,14623.07867,4.078071818,,,,0.1421854923,0.4496524542,,,,0.3030487512,-0.790862458,,,,-1925.818735,2455200.655,,,
433,217357,0,0,,,,,,,,,0.626868913,,,,,,,,,,,,,,,,,,,,,,,,,,,,,,
434,217877,0,0,,,,,,,,,0.9889655103,,,,,,,,,,,,,,,,,,,,,,,,,,,,,,
435,218168,0,0,,,,,,,,,1.047980198,,,,,,,,,,,,,,,,,,,,,,,,,,,,,,
436,218209,0,0,,,,,,,,,0.7806408208,,,,,,,,,,,,,,,,,,,,,,,,,,,,,,
437,217987,0,0,,,,,,,,,0.5335054502,,,,,,,,,,,,,,,,,,,,,,,,,,,,,,
438,218566,1,1,Good,Y,,K,,,,,0.8581453778,0.1997204582,0.6884264289,,,,,,,,,225.2186211,,,,,0.4914988243,,,,,0.2948836927,,,,,454.3437515,,,,
439,219538,0,0,,,,,,,,,0.8226040631,,,,,,,,,,,,,,,,,,,,,,,,,,,,,,
440,hip114914,0,0,,,,,,,,,1.105554484,,,,,,,,,,,,,,,,,,,,,,,,,,,,,,
441,219542,0,0,,,,,,,,,1.039840096,,,,,,,,,,,,,,,,,,,,,,,,,,,,,,
442,219834b,1,0,"Long trend, medium lost in noise",M,C=0.39,B,,,,,0.898267671,3.242293573,19.40682076,,,,,,,,,32947.85411,,,,,0.06130617088,,,,,-0.4816913903,,,,,-878.8912425,,,,
443,219953,0,0,,,,,,,,,0.649450163,,,,,,,,,,,,,,,,,,,,,,,,,,,,,,
444,hip115332,0,0,,,,,,,,,0.7570704109,,,,,,,,,,,,,,,,,,,,,,,,,,,,,,
445,220339,0,0,,,,,,,,,0.7306670283,,,,,,,,,,,,,,,,,,,,,,,,,,,,,,
446,221356,0,0,,,,,,,,,0.9611969543,,,,,,,,,,,,,,,,,,,,,,,,,,,,,,
447,222582,1,1,"Good, e=0.76, looks good",Y,,K,,,,,0.9750117237,7.895703642,1.338106532,,,,,,,,,572.5712589,,,,,0.6612831087,,,,,-0.5664483692,,,,,-412.8504894,,,,
448,gl905,0,0,,,,,,,,,0.6886437589,,,,,,,,,,,,,,,,,,,,,,,,,,,,,,
449,222697,0,0,,,,,,,,,0.9881528485,,,,,,,,,,,,,,,,,,,,,,,,,,,,,,
450,223238,0,0,,,,,,,,,0.9973664236,,,,,,,,,,,,,,,,,,,,,,,,,,,,,,
451,223315,0,0,,,,,,,,,1.09726641,,,,,,,,,,,,,,,,,,,,,,,,,,,,,,
452,gl908,1,0,"Horrible lick data, try without",M,,N,,,,,0.5814523241,0.0482088767,0.4910297563,,,,,,,,,164.8174111,,,,,0.9115604665,,,,,-0.002448525909,,,,,-86.76326782,,,,
453,223498,0,0,,,,,,,,,0.9816062626,,,,,,,,,,,,,,,,,,,,,,,,,,,,,,
454,223691,0,0,,,,,,,,,0.980704866,,,,,,,,,,,,,,,,,,,,,,,,,,,,,,
455,224383,0,0,,,,,,,,,0.9428070718,,,,,,,,,,,,,,,,,,,,,,,,,,,,,,
456,166620,0,0,,,,,,,,,0.7492208386,,,,,,,,,,,,,,,,,,,,,,,,,,,,,,
457,10008,0,0,,,,,,,,,0.9025824349,,,,,,,,,,,,,,,,,,,,,,,,,,,,,,
458,101206,0,0,,,,,,,,,0.6587234686,,,,,,,,,,,,,,,,,,,,,,,,,,,,,,
459,102195,1,1,Good,Y,,K,,,,,0.9268064927,0.4770871688,0.04898513927,,,,,,,,,4.113394982,,,,,-0.1604782697,,,,,0.2081892841,,,,,47.08271832,,,,
460,103459,0,0,,,,,,,,,1.219854024,,,,,,,,,,,,,,,,,,,,,,,,,,,,,,
461,104304,2,0,Double star,N,,N,N,,,,1.049257385,91.24115841,13.79920556,0.2185851478,3.879084771,,,,,,,18278.4151,2724.277323,,,,0.4913371644,0.3465044718,,,,0.0973853958,-0.2453653941,,,,-13045.69416,2454851.428,,,
462,10442,1,1,Good,Y,,K,,,,,1.352622243,1.920892896,2.254570548,,,,,,,,,1063.177822,,,,,-0.2589240209,,,,,-0.1965751701,,,,,-205.8159967,,,,
463,107146,0,0,,,,,,,,,1.029506042,,,,,,,,,,,,,,,,,,,,,,,,,,,,,,
464,10790,1,0,"Double star, crummy fit",N,,N,,,,,1.013671053,37.16377754,1.841870328,,,,,,,,,906.8563158,,,,,-0.6222002071,,,,,-0.2740666872,,,,,3182.593892,,,,
465,10853,0,0,,,,,,,,,0.7216329667,,,,,,,,,,,,,,,,,,,,,,,,,,,,,,
466,109749,1,1,Good,Y,,K,,,,,1.175525522,0.2693106644,0.06231169285,,,,,,,,,5.240065561,,,,,-0.1795695423,,,,,0.1668132633,,,,,19.70871194,,,,
467,114613,0,1,"Missed, Luhn 2018, diff data?",,,,,,,,1.241616513,,,,,,,,,,,,,,,,,,,,,,,,,,,,,,
468,114762,2,1,"Bad 2nd fit, short period, real 83.9d",N,,K,N,,,,0.7818964471,10.63103841,0.345589974,0.02577456291,0.06923616177,,,,,,,83.92000652,7.52529073,,,,-0.5330738161,-0.318603404,,,,-0.240815639,0.6844975503,,,,414.7987053,2455201.604,,,
469,11506,4,2,Redo without 5 pre-upgrade vels,N,,K,N,K,N,,1.271081976,7.515159161,2.969954427,3.790220846,6.647843474,0.3960532461,0.7824395349,2.518750685,3.043317354,,,1658.197762,5553.065864,224.2269585,1720.016094,,-0.4110441663,-0.06290196896,-0.1774029038,0.2389848362,,-0.4151979781,-0.7382248522,-0.4246002928,0.4893077214,,400.8483983,2455937.095,2455142.58,2455091.498,
470,115404a,1,0,"Linear trend, known binary",M,,B,,,,,0.7764907897,9.325220584,16.76679774,,,,,,,,,28458.07113,,,,,-0.0184627685,,,,,0.02143347932,,,,,-5676.480857,,,,
471,116321,0,0,,,,,,,,,1.434012007,,,,,,,,,,,,,,,,,,,,,,,,,,,,,,
472,116956,0,0,,,,,,,,,0.9655581059,,,,,,,,,,,,,,,,,,,,,,,,,,,,,,
473,118096,0,0,,,,,,,,,0.6181833018,,,,,,,,,,,,,,,,,,,,,,,,,,,,,,
474,119802,0,0,,,,,,,,,0.7767610864,,,,,,,,,,,,,,,,,,,,,,,,,,,,,,
475,120136,3,0,"Misnamed, 1 known, 1 parabola, 1 maybe",M,,K,N,B,,,1.404208412,4.277511935,0.04869802099,86.81215317,17.56614502,4.944140619,6.423190132,,,,,3.312452129,22693.28344,5017.747559,,,-0.1359683473,-0.3602732644,0.2230189024,,,0.0008360766801,-0.7927795246,0.2595069601,,,340.0455766,2454454.142,2454662.293,,
476,121550,0,0,,,,,,,,,0.8900775945,,,,,,,,,,,,,,,,,,,,,,,,,,,,,,
477,124292,0,0,,,,,,,,,0.8751157923,,,,,,,,,,,,,,,,,,,,,,,,,,,,,,
478,124642,0,0,,,,,,,,,0.7823073004,,,,,,,,,,,,,,,,,,,,,,,,,,,,,,
479,125612,0,3,"Missed, not the right data?",,,,,,,,1.136750435,,,,,,,,,,,,,,,,,,,,,,,,,,,,,,
480,127334,0,0,,,,,,,,,1.074811531,,,,,,,,,,,,,,,,,,,,,,,,,,,,,,
481,127506,3,0,Spec binary,N,,N,N,N,,,0.7227747085,86.31809913,1.763732199,18.19280281,1.310654042,0.2564774537,0.4289742413,,,,,1006.342742,644.6575301,120.7101461,,,-0.7315121517,-0.1295514144,0.3169735893,,,0.5972525285,-0.5543919508,0.3396471389,,,-59.93037628,2455021.385,2455184.527,,
482,128165,0,0,,,,,,,,,0.7649169868,,,,,,,,,,,,,,,,,,,,,,,,,,,,,,
483,129333,0,0,,,,,,,,,1.014366614,,,,,,,,,,,,,,,,,,,,,,,,,,,,,,
484,130004,0,0,,,,,,,,,0.7298392902,,,,,,,,,,,,,,,,,,,,,,,,,,,,,,
485,136352,0,0,,,,,,,,,0.84006024,,,,,,,,,,,,,,,,,,,,,,,,,,,,,,
486,140538a,1,0,Potential long,,"C=strong, maybe?",N,,,,,0.9853604223,0.8315328019,10.59522629,,,,,,,,,12690.13449,,,,,0.8540367671,,,,,-0.0162875768,,,,,-7441.449904,,,,
487,141004,1,0,Clear signal,Y,"S=0.16, logR=-4.97, C=0.1",C,,,,,1.047109535,0.04044887904,0.1235853011,,,,,,,,,15.50788599,,,,,0.3122761756,,,,,0.2584176744,,,,,6.88956123,,,,
488,141272,0,0,,,,,,,,,0.8962100491,,,,,,,,,,,,,,,,,,,,,,,,,,,,,,
489,141399,4,4,Good,Y,,K,K,K,K,,1.143682664,1.364013068,0.7032446844,1.289252524,2.162114517,0.4657147515,0.4242617496,0.6306593201,4.334258316,,,201.421277,1085.834652,94.38358641,3081.895045,,-0.174616409,0.1120918274,-0.2270096201,-0.1190251277,,-0.1177303256,-0.1468658731,-0.08171981637,-0.1479812346,,-102.1701862,2454736.9,2455205.207,2455750.298,
490,141937,1,1,Good,Y,,K,,,,,1.084643957,11.00421848,1.525287769,,,,,,,,,660.666838,,,,,-0.6599796597,,,,,-0.1425297002,,,,,-4578.743936,,,,
491,143006,0,0,,,,,,,,,1.098070696,,,,,,,,,,,,,,,,,,,,,,,,,,,,,,
492,143761,2,0,"Misnamed, 2 known planets",C,,K,K,,,,0.8991284125,1.048747098,0.2203730096,0.08259919347,0.4138675288,,,,,,,39.84971047,102.5603743,,,,-0.008821769603,0.2101635032,,,,-0.1877727775,0.2161805448,,,,60.49808602,2455203.99,,,
493,144287,2,0,Double star,N,,N,N,,,,0.8633623768,229.0001177,5.441457586,11.43229746,3.566967111,,,,,,,4989.703504,2648.198436,,,,0.7445524439,0.7417387011,,,,0.2851164931,-0.07689847283,,,,1821.043654,2431971.548,,,
494,144872,0,0,,,,,,,,,0.6893177964,,,,,,,,,,,,,,,,,,,,,,,,,,,,,,
495,14655,0,0,,,,,,,,,1.165344742,,,,,,,,,,,,,,,,,,,,,,,,,,,,,,
496,148164,2,2,Good,Y,,K,K,,,,1.258374776,5.358207944,6.254309846,1.248842486,1.007711982,,,,,,,5092.869104,329.3806322,,,,-0.3317048427,-0.6206931836,,,,0.1905285111,0.4565187167,,,,-1244.844709,2454443.225,,,
497,148467,0,0,,,,,,,,,0.6667672882,,,,,,,,,,,,,,,,,,,,,,,,,,,,,,
498,149143,1,1,Good,Y,,K,,,,,1.312107182,1.407825102,0.05463267227,,,,,,,,,4.071856239,,,,,-0.08521861456,,,,,-0.07219813416,,,,,107.8926046,,,,
499,149806,1,0,"linear trend, but only 37 m/s",Y,,C,,,,,0.9508796803,4.622411251,14.4071348,,,,,,,,,20483.40127,,,,,-0.2869853417,,,,,0.4731416994,,,,,-12035.621,,,,
500,150554,1,0,"double star, bad fit",N,,N,,,,,1.084227327,49.05432233,2.174461741,,,,,,,,,1124.775657,,,,,0.4812749788,,,,,-0.1156853059,,,,,785.5349653,,,,
501,151504,0,0,,,,,,,,,0.9385740062,,,,,,,,,,,,,,,,,,,,,,,,,,,,,,
502,152391,0,0,,,,,,,,,0.9268601128,,,,,,,,,,,,,,,,,,,,,,,,,,,,,,
503,155358,2,2,Good,Y,,K,K,,,,0.8004117442,0.8775050971,0.6103405342,0.6691682736,0.966837261,,,,,,,194.6704447,388.1251361,,,,-0.2895952026,-0.1618475909,,,,0.3893733169,0.1974379049,,,,103.9321922,2455267.54,,,
504,155712,0,0,,,,,,,,,0.7708111903,,,,,,,,,,,,,,,,,,,,,,,,,,,,,,
505,156279,1,2,Missed,,,K,,,,,0.9600536198,9.90738125,0.5027512736,,,,,,,,,132.886374,,,,,-0.05699292736,,,,,-0.8366914554,,,,,256.5372795,,,,
506,156342,0,0,,,,,,,,,1.353737083,,,,,,,,,,,,,,,,,,,,,,,,,,,,,,
507,156668,3,1,"Clear & known 2nd signal, last signal is probably activity. 1st signal was noted in Howard 11, filtered out without activity data",Y,C=0.16,C,K,N,,,0.7690564716,0.1071696824,1.545161479,0.01684678674,0.04989902221,0.1665761688,7.202979903,,,,,799.9818248,4.642558284,8051.700574,,,-0.07373760438,-0.3219380198,-0.7839709658,,,0.3137427289,-0.3255051735,0.0741665164,,,-63.91887796,2455201.519,2457113.347,,
508,156846,3,1,"Double star, missed planet (but 1 yr?)",N,,N,N,N,,,1.35173092,0.3790009234,0.1351394205,8.716024248,0.4342157401,9.693548973,0.6890680256,,,,,15.60724979,89.89005503,179.6993267,,,0.7154416143,0.4632059816,-0.3264691258,,,-0.5012437698,0.644364063,-0.7959885374,,,242.4780457,2455168.324,2455301.476,,
509,157214,0,0,,,,,,,,,0.8375829829,,,,,,,,,,,,,,,,,,,,,,,,,,,,,,
510,159062,1,0,"Linear trend, but reasonable signal",Y,,C,,,,,0.7623402419,11.77623244,9.504888619,,,,,,,,,12258.70382,,,,,0.1414626914,,,,,-0.5850122121,,,,,4268.825091,,,,
511,159868,1,2,"Missed, squiggly periodograms (big gaps)",,,K,,,,,1.075032247,7.200918865,2.471960523,,,,,,,,,1369.146679,,,,,0.3192176952,,,,,-0.1012649579,,,,,1345.263305,,,,
512,161797,3,0,Double or multiple star,,,N,N,N,,,1.185121257,137.1638678,22.77500438,17.49115176,8.79472595,0.1116002439,2.146427512,,,,,36467.39464,8750.855238,1055.094532,,,0.2468908087,-0.02058290206,0.06015805223,,,0.5147510265,0.2750295494,-0.5553269767,,,9396.922635,2456454.656,2455374.405,,
513,162232,1,0,Sparse inflection,M,"C=0.25, no Sval peaks",C,,,,,0.9927391286,3.320339631,13.95913976,,,,,,,,,19119.16144,,,,,0.2749814196,,,,,0.5964657042,,,,,-11268.43214,,,,
514,165401,1,0,Spec binary,,,N,,,,,0.8675223576,58.81282904,10.93778588,,,,,,,,,14185.74715,,,,,0.02935534346,,,,,0.4919418454,,,,,9677.353446,,,,
515,166,0,0,,,,,,,,,0.9957448362,,,,,,,,,,,,,,,,,,,,,,,,,,,,,,
516,168009,3,0,"Messy fits, but potential",M,,C,N,N,,,0.9940522081,0.03094915698,0.1195582845,0.07116837445,0.6295852146,0.02946539525,0.1857888194,,,,,15.14479302,183.0103326,29.33750607,,,-0.2374895344,0.2210567719,-0.06755910601,,,-0.2237956148,-0.7227058205,-0.5884624524,,,3.540252989,2455217.495,2455212.696,,
517,17230,1,0,"Try again without 5 licks, but good",M,"C=strong, Sval peak at end",C,,,,,0.7041951348,1.052834373,7.354847148,,,,,,,,,8681.852317,,,,,-0.2123345132,,,,,-0.2804274921,,,,,-18303.94697,,,,
518,17382,1,0,Double star,N,,N,,,,,0.9144113388,726.5766197,9.039980587,,,,,,,,,10381.94855,,,,,-0.7294882528,,,,,0.5517715238,,,,,12195.59921,,,,
519,174080,0,0,,,,,,,,,0.774993123,,,,,,,,,,,,,,,,,,,,,,,,,,,,,,
520,179079,1,1,Good,Y,,K,,,,,1.191120175,0.08485034669,0.1232711138,,,,,,,,,14.48480378,,,,,0.3309452505,,,,,0.04790287989,,,,,-17.30183627,,,,
521,180161,0,0,,,,,,,,,0.9764103447,,,,,,,,,,,,,,,,,,,,,,,,,,,,,,
522,181655,1,0,Only 2 data points,N,,N,,,,,1.001100972,20.19667517,0.0493777209,,,,,,,,,4.005493638,,,,,0.2267401416,,,,,-0.04187743811,,,,,23.23448171,,,,
523,182488,1,0,"Trend, looks good",Y,,C,,,,,0.9547402406,2.186617684,9.232699236,,,,,,,,,10486.9415,,,,,-0.4205529995,,,,,-0.3990811497,,,,,13516.60559,,,,
524,185414,3,0,"Double star, 3rd is 1yr ",N,,N,N,N,,,0.944358339,100.1561068,5.679970369,10.61879734,9.260499646,0.1118052925,0.9855879723,,,,,5088.023662,10592.08961,367.7672984,,,-0.6498908848,0.2794775674,0.6335534764,,,0.5034815153,-0.7862784766,0.4758103363,,,3711.08146,2455539.815,2455032.381,,
525,186408,2,0,"1st is known binary, 2nd is 120 days",M,,B,N,,,,1.055671714,3.165708082,17.21400735,0.05262926323,0.4919208084,,,,,,,25389.66439,122.6526046,,,,-0.03877962534,-0.4722298072,,,,0.1087269359,0.1539578503,,,,-110051.9615,2455242.948,,,
526,186427,1,0,"Misnamed, 16 Cyg B",Y,,K,,,,,0.9872873535,1.757766834,1.680625886,,,,,,,,,800.9090718,,,,,0.1003949611,,,,,0.8186672133,,,,,-250.1366873,,,,
527,188512,1,0,"Crummy lick data, long period",M,,N,,,,,1.181791554,1.364478575,33.44604855,,,,,,,,,64989.80141,,,,,-0.8744595965,,,,,-0.2790870018,,,,,41893.04528,,,,
528,189733,0,1,Missed,,,,,,,,0.8331782,,,,,,,,,,,,,,,,,,,,,,,,,,,,,,
529,190228,1,0,"Clear Keplerian signal! But, known",Y,,K,,,,,1.002190532,3.942927588,2.136060173,,,,,,,,,1139.051875,,,,,-0.06511809567,,,,,0.7554834789,,,,,9.791796374,,,,
530,190594,0,0,,,,,,,,,0.911624615,,,,,,,,,,,,,,,,,,,,,,,,,,,,,,
531,191408,1,0,"Beginning of inflection, known binary",M,,B,,,,,0.6388588443,2.3811503,8.464253821,,,,,,,,,11253.27647,,,,,-0.05118137704,,,,,0.6329381862,,,,,-12686.29285,,,,
532,192310,2,2,Good,C,,K,K,,,,0.8352259634,0.04462358845,0.3252473793,0.08551576728,2.611902918,,,,,,,74.13395033,1687.065638,,,,0.2993109827,-0.7659190775,,,,0.1209280229,0.02960900601,,,,7.543468769,2455342.774,,,
533,195987,1,0,Spec binary,N,,N,,,,,0.7475701516,428.1442664,0.2641053857,,,,,,,,,57.33744504,,,,,0.5293131579,,,,,-0.1070463435,,,,,14176.41688,,,,
534,196124,0,0,,,,,,,,,0.7517641912,,,,,,,,,,,,,,,,,,,,,,,,,,,,,,
535,197286,1,0,"Misnamed, 1 known planet",C,,K,,,,,1.314816032,1.21124979,0.06230626299,,,,,,,,,4.954085382,,,,,-0.22278156,,,,,-0.3289579635,,,,,93.20901611,,,,
536,19773,0,0,,,,,,,,,1.247261873,,,,,,,,,,,,,,,,,,,,,,,,,,,,,,
537,198425,0,0,,,,,,,,,0.7885942386,,,,,,,,,,,,,,,,,,,,,,,,,,,,,,
538,201091,3,0,"Binary V, potential 2nd/3rd signal",M,"C=-0.17, Sval 3.5 & 7 yr",B,N,N,,,0.6427784893,5.522011171,14.59944286,0.134115768,3.165136716,0.02017919637,0.2193791547,,,,,25413.95073,2565.408152,46.8123882,,,-0.3322810921,0.3921016832,0.3159428022,,,-0.4032563679,0.2933759978,0.3864282064,,,-9668.954184,2455572.135,2455306.7,,
539,201092,2,0,"Binary ^, potential 2nd signal",M,"Sval end, logR=-4.95, C=strong",B,C,,,,0.5922777813,22.05570057,22.08013517,0.02083353404,0.2202081808,,,,,,,49242.29643,49.04399961,,,,-0.3893133938,0.1198643593,,,,0.4416764321,0.4320193627,,,,18339.39736,2455178.139,,,
540,203030,0,1,Missed,,,,,,,,0.9403568721,,,,,,,,,,,,,,,,,,,,,,,,,,,,,,
541,203473,1,1,"Found binary, not planet. Redo",Y,,N,,,,,1.176634624,63.52496774,4.289309373,,,,,,,,,2991.291055,,,,,0.5924247003,,,,,0.2001567383,,,,,300.4492866,,,,
542,204277,0,0,,,,,,,,,1.141737757,,,,,,,,,,,,,,,,,,,,,,,,,,,,,,
543,205855,0,0,,,,,,,,,0.8672328893,,,,,,,,,,,,,,,,,,,,,,,,,,,,,,
544,206658,0,0,,,,,,,,,1.080002932,,,,,,,,,,,,,,,,,,,,,,,,,,,,,,
545,207832,2,2,Good,Y,,K,K,,,,1.055479287,0.6451508593,0.8658824869,0.4200206253,0.461569151,,,,,,,286.458691,111.4881559,,,,0.2263849114,0.5831076085,,,,0.5362378748,0.07667754424,,,,580.3167499,2455235.1,,,
546,208038,0,0,,,,,,,,,0.8083658176,,,,,,,,,,,,,,,,,,,,,,,,,,,,,,
547,208313,0,0,,,,,,,,,0.8178465159,,,,,,,,,,,,,,,,,,,,,,,,,,,,,,
548,214683,0,0,,,,,,,,,0.7000202474,,,,,,,,,,,,,,,,,,,,,,,,,,,,,,
549,217014,4,0,"51 Peg (1 planet), bad fits",N,,K,N,N,N,,1.105184866,0.472416863,0.05292901736,12.25632009,28.80204629,0.1808454503,5.424368697,0.04221821885,0.6532062265,,,4.230792339,53705.15549,4389.396004,183.4241166,,0.03508456932,-0.2384163336,0.8593347515,-0.6231470501,,0.04074403254,0.2442830867,0.4511344414,0.373728912,,34.67003552,2445982.091,2456577.87,2455227.12,
550,218868,1,0,Similar to magnetic cycle,N,"C=strong, Sval 5 yr",N,,,,,1.001372621,0.42925609,2.948148347,,,,,,,,,1847.670691,,,,,-0.538139563,,,,,-0.08816506542,,,,,-197.4335373,,,,
551,220221,0,0,,,,,,,,,0.8170674428,,,,,,,,,,,,,,,,,,,,,,,,,,,,,,
552,22049,2,0,"Eps Eri, magnetic activity",N,,K,N,,,,0.8276103151,0.6370777913,3.515551744,0.1897692517,1.547219942,,,,,,,2646.523297,772.7047126,,,,-0.2422510831,0.2767896207,,,,0.1778554491,-0.3654198479,,,,1462.837072,2455327.38,,,
553,221354,0,0,,,,,,,,,0.8627588173,,,,,,,,,,,,,,,,,,,,,,,,,,,,,,
554,221851,0,0,,,,,,,,,0.8324989407,,,,,,,,,,,,,,,,,,,,,,,,,,,,,,
555,224619,0,0,,,,,,,,,0.8571357831,,,,,,,,,,,,,,,,,,,,,,,,,,,,,,
556,224693,1,1,Good,Y,,K,,,,,1.357055485,0.7245022738,0.1935020776,,,,,,,,,26.68874012,,,,,0.2748138751,,,,,0.001922469312,,,,,24.45538747,,,,
557,225213,0,0,,,,,,,,,0.622250215,,,,,,,,,,,,,,,,,,,,,,,,,,,,,,
558,231701,0,1,Weird periodogram,,C=0.4,,,,,,1.111329143,,,,,,,,,,,,,,,,,,,,,,,,,,,,,,
559,24505,2,0,"Double star, bad fit",N,,N,N,,,,1.104167789,60.66820202,1.648954696,0.01377181464,0.04724240127,,,,,,,736.0273892,3.569265354,,,,-0.96367515,-0.3301494482,,,,0.07695175811,-0.8046958174,,,,1612.692477,2455202.895,,,
560,25311,0,0,,,,,,,,,1.334623578,,,,,,,,,,,,,,,,,,,,,,,,,,,,,,
561,25329,0,0,,,,,,,,,0.5077845929,,,,,,,,,,,,,,,,,,,,,,,,,,,,,,
562,25665,0,0,,,,,,,,,0.8035163891,,,,,,,,,,,,,,,,,,,,,,,,,,,,,,
563,263175,0,0,,,,,,,,,0.6899680363,,,,,,,,,,,,,,,,,,,,,,,,,,,,,,
564,26990,0,0,,,,,,,,,0.9738298346,,,,,,,,,,,,,,,,,,,,,,,,,,,,,,
565,281934,0,0,,,,,,,,,,,,,,,,,,,,,,,,,,,,,,,,,,,,,,,
566,28946,0,0,,,,,,,,,0.8391324445,,,,,,,,,,,,,,,,,,,,,,,,,,,,,,
567,29883,0,0,,,,,,,,,0.7569628677,,,,,,,,,,,,,,,,,,,,,,,,,,,,,,
568,31423,1,0,"Double star, super-sparse",N,,N,,,,,1.294802768,298.8011619,4.511056626,,,,,,,,,3075.48799,,,,,0.5087830707,,,,,-0.1601161198,,,,,371.5285812,,,,
569,32147,1,0,"Clear signal, but close to magnetic",N,"Sval 11 yr, but no correlation",N,,,,,0.8242648593,0.1481175421,4.039316167,,,,,,,,,3266.079909,,,,,-0.2699298403,,,,,0.5367695151,,,,,-523.934092,,,,
570,32923,1,0,"Parabola, 17 m/s",M,"C=-0.18, looks good",C,,,,,0.9393040482,2.26448439,15.72290752,,,,,,,,,23496.03713,,,,,0.2781554426,,,,,-0.2541582033,,,,,23333.69031,,,,
571,33283,1,1,Good,Y,,K,,,,,1.467864378,0.3177484129,0.153887712,,,,,,,,,18.19958041,,,,,-0.500046436,,,,,0.2742797398,,,,,21.41319142,,,,
572,33334,0,0,,,,,,,,,0.9543698709,,,,,,,,,,,,,,,,,,,,,,,,,,,,,,
573,34887,0,0,,,,,,,,,1.093000384,,,,,,,,,,,,,,,,,,,,,,,,,,,,,,
574,34957,0,0,,,,,,,,,0.9448439853,,,,,,,,,,,,,,,,,,,,,,,,,,,,,,
575,3545,0,0,,,,,,,,,1.840222402,,,,,,,,,,,,,,,,,,,,,,,,,,,,,,
576,355183,0,0,,,,,,,,,1.141833368,,,,,,,,,,,,,,,,,,,,,,,,,,,,,,
577,35850,0,0,,,,,,,,,1.169466524,,,,,,,,,,,,,,,,,,,,,,,,,,,,,,
578,37008,0,0,,,,,,,,,0.6912656261,,,,,,,,,,,,,,,,,,,,,,,,,,,,,,
579,4113,2,1,"Redo without pre-up, wrong order",Y,,N,K,,,,1.032307491,4.054233495,4.412757081,1.599571746,1.259556443,,,,,,,3332.413754,508.1832407,,,,-0.05562914241,0.6158317107,,,,0.6794416653,-0.48983084,,,,898.4213375,2454858.743,,,
580,41593,0,0,,,,,,,,,0.9199942498,,,,,,,,,,,,,,,,,,,,,,,,,,,,,,
581,43691,1,1,Good,Y,,K,,,,,1.380404543,2.668963747,0.241957729,,,,,,,,,37.00023533,,,,,0.1363073267,,,,,-0.2505732093,,,,,95.96624297,,,,
582,4614,2,0,"Double star V, dubious 2nd signal",N,,N,N,,,,0.9047527121,51.68891919,37.432994,0.03540316372,0.3831650889,,,,,,,87945.84523,91.07776799,,,,-0.1892948028,0.6996949575,,,,0.07541709591,0.2204073286,,,,37171.2986,2455198.41,,,
583,4614b,1,0,Double star ^,N,,N,,,,,0.5878194511,20.26998043,14.96103363,,,,,,,,,27568.86262,,,,,-0.1065238966,,,,,-0.5199264348,,,,,1593.347075,,,,
584,4628,1,0,Magnetic,N,"S=0.19, logR=-4.95, C=0.17",N,,,,,0.7263200836,0.07665240527,2.877513207,,,,,,,,,2091.99378,,,,,0.7623539916,,,,,0.5629081768,,,,,691.1172208,,,,
585,47186,2,2,Good,Y,,K,N,,,,1.061240349,0.08502283298,0.05100973534,12.79061442,17.90385195,,,,,,,4.084803367,26860.32524,,,,-0.21592281,0.008880564689,,,,-0.07482802081,-0.02983286481,,,,13.08529522,2436152.362,,,
586,47752,0,0,,,,,,,,,0.7142951536,,,,,,,,,,,,,,,,,,,,,,,,,,,,,,
587,4915,0,0,,,,,,,,,0.8880664334,,,,,,,,,,,,,,,,,,,,,,,,,,,,,,
588,51419,0,0,,,,,,,,,0.8278777024,,,,,,,,,,,,,,,,,,,,,,,,,,,,,,
589,52919,0,0,,,,,,,,,0.7348388453,,,,,,,,,,,,,,,,,,,,,,,,,,,,,,
590,5319,2,2,Good,Y,,K,K,,,,1.375681764,1.6475535,1.600164861,0.9654178895,1.969488813,,,,,,,630.3569285,860.7354981,,,,0.06423866386,-0.07568185192,,,,0.2231995664,-0.4711016,,,,-247.9567709,2454851.134,,,
591,53927,0,0,,,,,,,,,0.7064471848,,,,,,,,,,,,,,,,,,,,,,,,,,,,,,
592,55575,1,0,Looks good!,Y,,C,,,,,0.8539042243,0.04269822074,0.2374812894,,,,,,,,,45.74440081,,,,,0.02700352984,,,,,0.3676561416,,,,,-7.201772177,,,,
593,55696,2,1,Redo sans pre-up,,,N,K,,,,1.374345195,1.460602902,1.92808141,3.292115541,3.178908508,,,,,,,834.1392625,1765.905892,,,,-0.687761942,-0.2397307848,,,,0.1459639338,0.6891984839,,,,579.9196432,2455251.509,,,
594,6101,1,0,Double star,N,,N,,,,,0.7345298357,19.63909847,4.13336966,,,,,,,,,3581.377307,,,,,-0.1920158147,,,,,0.6793867976,,,,,2704.845326,,,,
595,62613,0,0,,,,,,,,,0.8866652844,,,,,,,,,,,,,,,,,,,,,,,,,,,,,,
596,64090,0,0,,,,,,,,,0.6147788155,,,,,,,,,,,,,,,,,,,,,,,,,,,,,,
597,73534,1,1,Good,Y,,K,,,,,1.314155995,1.14073567,3.080925076,,,,,,,,,1723.045207,,,,,-0.1113982706,,,,,0.1663258707,,,,,1387.384508,,,,
598,75784,2,2,Good,Y,,K,K,,,,1.348792557,4.050400009,5.282398047,0.707325125,1.05800548,,,,,,,3818.321845,342.2612424,,,,0.1553827058,0.007207034424,,,,-0.4507059301,-0.3880072437,,,,8501.94559,2455135.779,,,
599,75898,2,1,Magnetic activity,N,"S=0.15, logR=-5, C=0.28",K,N,,,,1.318747088,2.695674233,1.210554924,4.268281526,9.688943448,,,,,,,423.6375211,9592.510907,,,,-0.1604705853,-0.4593408791,,,,-0.2903439404,0.1936584697,,,,-1854.537333,2453076.401,,,
600,76780,0,0,,,,,,,,,1.077649906,,,,,,,,,,,,,,,,,,,,,,,,,,,,,,
601,84117,0,0,,,,,,,,,1.100503797,,,,,,,,,,,,,,,,,,,,,,,,,,,,,,
602,84737,0,0,,,,,,,,,1.177395524,,,,,,,,,,,,,,,,,,,,,,,,,,,,,,
603,85301,0,0,,,,,,,,,1.02752079,,,,,,,,,,,,,,,,,,,,,,,,,,,,,,
604,86728,1,0,Clear 1-month signal,M,,C,,,,,1.106480157,0.03456028913,0.2002390517,,,,,,,,,31.11356543,,,,,0.6425923447,,,,,-0.006126445029,,,,,5.772376652,,,,
605,87883,1,1,Good,Y,,K,,,,,0.8261518233,2.288440632,4.08120651,,,,,,,,,3313.228208,,,,,0.2949220964,,,,,-0.7910734223,,,,,-505.6951757,,,,
606,88133,1,1,Good,Y,,K,,,,,1.23747598,0.2819749084,0.04764686799,,,,,,,,,3.414928186,,,,,0.113591662,,,,,0.180428507,,,,,26.49573716,,,,
607,88230,0,0,,,,,,,,,0.6506869311,,,,,,,,,,,,,,,,,,,,,,,,,,,,,,
608,8828,0,0,,,,,,,,,0.8506161124,,,,,,,,,,,,,,,,,,,,,,,,,,,,,,
609,92719,0,0,,,,,,,,,0.9316475515,,,,,,,,,,,,,,,,,,,,,,,,,,,,,,
610,9446,2,2,Good,Y,,K,K,,,,1.054367158,1.801972373,0.6546061981,0.6213702837,0.1925630994,,,,,,,188.3964269,30.05813933,,,,-0.2463580081,-0.0792666705,,,,0.05723782776,-0.4629415016,,,,90.97363716,2455204.979,,,
611,95128,4,3,Dubious 4th signal,M,,K,K,K,N,,1.029242727,2.377549188,2.074356702,0.5562005008,3.40356729,1.349735462,18.03496362,0.4654721367,1.30486053,,,1075.634397,2260.690115,27574.8037,536.6432427,,-0.01389093641,0.4527178296,0.07633886768,-0.3180286985,,0.4918085713,0.3770936955,0.7826455766,0.1648556507,,-170.937355,2455500.369,2451896.224,2455255.718,
612,96167,1,1,Good,Y,,K,,,,,1.383569987,0.7446674606,1.368985713,,,,,,,,,497.3890663,,,,,0.1803016973,,,,,-0.7956341015,,,,,122.5363745,,,,
613,97101b,0,0,,,,,,,,,,,,,,,,,,,,,,,,,,,,,,,,,,,,,,,
614,98630,0,0,,,,,,,,,1.502346788,,,,,,,,,,,,,,,,,,,,,,,,,,,,,,
615,98736,1,1,Good,Y,,K,,,,,0.9941973875,1.867974366,1.227668238,,,,,,,,,498.2916943,,,,,-0.1214665728,,,,,0.8326453524,,,,,-82.63574618,,,,
616,gj3470,1,0,Misnamed,Y,,K,,,,,0.6280109483,0.04642590907,0.0374199026,,,,,,,,,3.336328448,,,,,-0.244241576,,,,,-0.3218429153,,,,,-0.9176814038,,,,
617,gl250b,0,0,,,,,,,,,0.5868313106,,,,,,,,,,,,,,,,,,,,,,,,,,,,,,
618,gl317,2,2,New 2nd planet period,Y,,K,K,,,,0.6793963144,2.417373203,1.350964135,2.203656144,6.463912609,,,,,,,695.8290613,7282.492532,,,,0.2959152892,-0.2056615871,,,,-0.09136463222,0.4146103224,,,,-276.871026,2456387.973,,,
619,gl514,0,0,,,,,,,,,0.5181871831,,,,,,,,,,,,,,,,,,,,,,,,,,,,,,
620,gl570b,1,0,Doulbe star,N,"S=1.51, logR=-4.98, C=0.4",N,,,,,0.5664560294,269.7166194,0.7400162485,,,,,,,,,308.9421812,,,,,-0.5379548705,,,,,0.6868609568,,,,,8078.238023,,,,
621,hip117886,0,0,,,,,,,,,0.5684632052,,,,,,,,,,,,,,,,,,,,,,,,,,,,,,
622,hip19165,0,0,,,,,,,,,0.6518477554,,,,,,,,,,,,,,,,,,,,,,,,,,,,,,
623,hip22762,0,0,,,,,,,,,0.601026958,,,,,,,,,,,,,,,,,,,,,,,,,,,,,,
624,hip24284,0,0,,,,,,,,,0.5756887283,,,,,,,,,,,,,,,,,,,,,,,,,,,,,,
625,hip30112,0,0,,,,,,,,,0.7014364167,,,,,,,,,,,,,,,,,,,,,,,,,,,,,,
626,hip36834,0,0,,,,,,,,,0.5595618157,,,,,,,,,,,,,,,,,,,,,,,,,,,,,,
627,hip37766,0,0,,,,,,,,,0.8486206132,,,,,,,,,,,,,,,,,,,,,,,,,,,,,,
628,hip41689,0,0,,,,,,,,,0.5633672488,,,,,,,,,,,,,,,,,,,,,,,,,,,,,,
629,hip42220,1,0,Double star,N,,N,,,,,0.5959378304,133.433857,5.924309882,,,,,,,,,6822.673675,,,,,0.4380480808,,,,,0.6520726332,,,,,9082.519125,,,,
630,hip46769,0,0,,,,,,,,,0.5505829316,,,,,,,,,,,,,,,,,,,,,,,,,,,,,,
631,hip47513,0,0,,,,,,,,,0.5689939387,,,,,,,,,,,,,,,,,,,,,,,,,,,,,,
632,hip55360,0,0,,,,,,,,,0.5702556265,,,,,,,,,,,,,,,,,,,,,,,,,,,,,,
633,hip57050,1,2,Missed planet,Y,,K,,,,,0.6713160386,0.5384763191,0.2050115268,,,,,,,,,41.38112899,,,,,-0.394583517,,,,,-0.5264524353,,,,,32.13684871,,,,
634,hip60633,0,0,,,,,,,,,0.785448653,,,,,,,,,,,,,,,,,,,,,,,,,,,,,,
635,hip70865,0,0,,,,,,,,,0.5161587125,,,,,,,,,,,,,,,,,,,,,,,,,,,,,,
636,hip8051,0,0,,,,,,,,,0.5914423521,,,,,,,,,,,,,,,,,,,,,,,,,,,,,,
637,hip87579,0,0,,,,,,,,,0.7805147883,,,,,,,,,,,,,,,,,,,,,,,,,,,,,,
638,hip91605,0,0,,,,,,,,,0.6885602101,,,,,,,,,,,,,,,,,,,,,,,,,,,,,,
639,hip94931,1,0,Double star,N,,N,,,,,0.6769868532,2.176407895,5.176399604,,,,,,,,,5228.173631,,,,,0.2366776866,,,,,-0.5498348527,,,,,5493.95344,,,,
640,v383lac,0,0,,,,,,,,,0.9145968882,,,,,,,,,,,,,,,,,,,,,,,,,,,,,,